rental_id,rent_code,rental_date,return_date,customer_id,film_id
2,2-333-FREAKY POCUS,2005-05-24,2005-05-28,459,333
1449,2-333-FREAKY POCUS,2005-06-15,2005-06-18,471,333
5499,2-333-FREAKY POCUS,2005-07-10,2005-07-17,127,333
9711,2-333-FREAKY POCUS,2005-07-31,2005-08-02,231,333
13031,2-333-FREAKY POCUS,2005-08-19,2005-08-23,567,333
769,1-333-FREAKY POCUS,2005-05-29,2005-06-01,575,333
2060,1-333-FREAKY POCUS,2005-06-17,2005-06-22,64,333
5270,1-333-FREAKY POCUS,2005-07-09,2005-07-13,128,333
7208,1-333-FREAKY POCUS,2005-07-27,2005-07-28,138,333
14380,1-333-FREAKY POCUS,2005-08-21,2005-08-25,198,333
2303,2-333-FREAKY POCUS,2005-06-18,2005-06-22,329,333
5870,2-333-FREAKY POCUS,2005-07-10,2005-07-12,438,333
9026,2-333-FREAKY POCUS,2005-07-30,2005-08-01,423,333
11841,2-333-FREAKY POCUS,2005-08-17,2005-08-21,270,333
4322,1-333-FREAKY POCUS,2005-07-07,2005-07-14,568,333
9493,1-333-FREAKY POCUS,2005-07-30,2005-08-08,5,333
15275,1-333-FREAKY POCUS,2005-08-22,2005-08-23,597,333
3,2-373-GRADUATE LORD,2005-05-24,2005-06-01,408,373
2067,2-373-GRADUATE LORD,2005-06-17,2005-06-22,297,373
3790,2-373-GRADUATE LORD,2005-07-06,2005-07-14,10,373
7022,2-373-GRADUATE LORD,2005-07-27,2005-07-29,243,373
11924,2-373-GRADUATE LORD,2005-08-17,2005-08-26,202,373
1105,1-373-GRADUATE LORD,2005-05-31,2005-06-07,26,373
1585,1-373-GRADUATE LORD,2005-06-16,2005-06-24,386,373
6826,1-373-GRADUATE LORD,2005-07-12,2005-07-16,408,373
8306,1-373-GRADUATE LORD,2005-07-29,2005-08-01,232,373
12875,1-373-GRADUATE LORD,2005-08-19,2005-08-26,483,373
7034,2-373-GRADUATE LORD,2005-07-27,2005-07-28,281,373
14297,2-373-GRADUATE LORD,2005-08-21,2005-08-25,566,373
7828,1-373-GRADUATE LORD,2005-07-28,2005-07-30,212,373
14958,1-373-GRADUATE LORD,2005-08-22,2005-08-28,347,373
10120,1-373-GRADUATE LORD,2005-07-31,2005-08-03,396,373
13169,1-373-GRADUATE LORD,2005-08-19,2005-08-26,141,373
4,1-535-LOVE SUICIDES,2005-05-24,2005-06-03,333,535
1533,1-535-LOVE SUICIDES,2005-06-16,2005-06-17,116,535
5639,1-535-LOVE SUICIDES,2005-07-10,2005-07-19,249,535
8185,1-535-LOVE SUICIDES,2005-07-28,2005-07-31,568,535
14099,1-535-LOVE SUICIDES,2005-08-21,2005-08-27,224,535
476,1-535-LOVE SUICIDES,2005-05-27,2005-06-03,543,535
1469,1-535-LOVE SUICIDES,2005-06-15,2005-06-21,580,535
4972,1-535-LOVE SUICIDES,2005-07-08,2005-07-16,498,535
8276,1-535-LOVE SUICIDES,2005-07-29,2005-08-03,466,535
15456,1-535-LOVE SUICIDES,2005-08-23,2005-08-24,262,535
1112,1-535-LOVE SUICIDES,2005-05-31,2005-06-03,214,535
3296,1-535-LOVE SUICIDES,2005-06-21,2005-06-25,284,535
5201,1-535-LOVE SUICIDES,2005-07-09,2005-07-16,551,535
7629,1-535-LOVE SUICIDES,2005-07-28,2005-07-30,229,535
15908,1-535-LOVE SUICIDES,2005-08-23,2005-08-31,135,535
1144,1-535-LOVE SUICIDES,2005-05-31,2005-06-09,207,535
1204,1-535-LOVE SUICIDES,2005-06-15,2005-06-20,249,535
4539,1-535-LOVE SUICIDES,2005-07-08,2005-07-14,264,535
7768,1-535-LOVE SUICIDES,2005-07-28,2005-07-29,123,535
15927,1-535-LOVE SUICIDES,2005-08-23,2005-08-24,401,535
5,2-450-IDOLS SNATCHERS,2005-05-24,2005-06-02,222,450
2598,2-450-IDOLS SNATCHERS,2005-06-19,2005-06-24,265,450
4945,2-450-IDOLS SNATCHERS,2005-07-08,2005-07-11,165,450
7258,2-450-IDOLS SNATCHERS,2005-07-27,2005-08-02,494,450
13802,2-450-IDOLS SNATCHERS,2005-08-20,2005-08-22,156,450
461,2-450-IDOLS SNATCHERS,2005-05-27,2005-06-01,447,450
1896,2-450-IDOLS SNATCHERS,2005-06-17,2005-06-26,270,450
6582,2-450-IDOLS SNATCHERS,2005-07-12,2005-07-19,420,450
11050,2-450-IDOLS SNATCHERS,2005-08-02,2005-08-09,234,450
15389,2-450-IDOLS SNATCHERS,2005-08-22,2005-08-28,231,450
696,2-450-IDOLS SNATCHERS,2005-05-29,2005-06-01,19,450
1322,2-450-IDOLS SNATCHERS,2005-06-15,2005-06-18,217,450
5966,2-450-IDOLS SNATCHERS,2005-07-10,2005-07-14,384,450
10348,2-450-IDOLS SNATCHERS,2005-08-01,2005-08-04,14,450
15610,2-450-IDOLS SNATCHERS,2005-08-23,2005-08-24,215,450
996,1-450-IDOLS SNATCHERS,2005-05-31,2005-05-31,331,450
3060,1-450-IDOLS SNATCHERS,2005-06-20,2005-06-25,446,450
5862,1-450-IDOLS SNATCHERS,2005-07-10,2005-07-17,157,450
9945,1-450-IDOLS SNATCHERS,2005-07-31,2005-08-02,309,450
13219,1-450-IDOLS SNATCHERS,2005-08-19,2005-08-22,288,450
1113,2-450-IDOLS SNATCHERS,2005-05-31,2005-06-05,451,450
1348,2-450-IDOLS SNATCHERS,2005-06-15,2005-06-17,196,450
4119,2-450-IDOLS SNATCHERS,2005-07-07,2005-07-13,319,450
8559,2-450-IDOLS SNATCHERS,2005-07-29,2005-08-04,279,450
15991,2-450-IDOLS SNATCHERS,2005-08-23,2005-08-28,203,450
4291,1-450-IDOLS SNATCHERS,2005-07-07,2005-07-10,298,450
8013,1-450-IDOLS SNATCHERS,2005-07-28,2005-08-05,403,450
13112,1-450-IDOLS SNATCHERS,2005-08-19,2005-08-22,259,450
7069,1-450-IDOLS SNATCHERS,2005-07-27,2005-08-05,343,450
13434,1-450-IDOLS SNATCHERS,2005-08-19,2005-08-23,221,450
6,1-613-MYSTIC TRUMAN,2005-05-24,2005-05-27,549,613
3360,1-613-MYSTIC TRUMAN,2005-06-21,2005-06-26,498,613
4673,1-613-MYSTIC TRUMAN,2005-07-08,2005-07-17,91,613
8445,1-613-MYSTIC TRUMAN,2005-07-29,2005-08-04,384,613
15883,1-613-MYSTIC TRUMAN,2005-08-23,2005-08-24,550,613
532,1-613-MYSTIC TRUMAN,2005-05-28,2005-06-02,120,613
2354,1-613-MYSTIC TRUMAN,2005-06-18,2005-06-26,77,613
5650,1-613-MYSTIC TRUMAN,2005-07-10,2005-07-15,461,613
8556,1-613-MYSTIC TRUMAN,2005-07-29,2005-07-30,231,613
12031,1-613-MYSTIC TRUMAN,2005-08-17,2005-08-24,10,613
7,2-870-SWARM GOLD,2005-05-24,2005-05-29,269,870
1925,2-870-SWARM GOLD,2005-06-17,2005-06-21,510,870
3768,2-870-SWARM GOLD,2005-07-06,2005-07-09,573,870
7642,2-870-SWARM GOLD,2005-07-28,2005-08-02,523,870
15388,2-870-SWARM GOLD,2005-08-22,2005-09-01,50,870
663,2-870-SWARM GOLD,2005-05-28,2005-06-02,176,870
3180,2-870-SWARM GOLD,2005-06-20,2005-06-21,162,870
3543,2-870-SWARM GOLD,2005-07-06,2005-07-07,394,870
8609,2-870-SWARM GOLD,2005-07-29,2005-08-06,354,870
11699,2-870-SWARM GOLD,2005-08-17,2005-08-26,339,870
1142,2-870-SWARM GOLD,2005-05-31,2005-06-05,5,870
2476,2-870-SWARM GOLD,2005-06-18,2005-06-20,334,870
4102,2-870-SWARM GOLD,2005-07-07,2005-07-11,135,870
10802,2-870-SWARM GOLD,2005-08-01,2005-08-10,178,870
14107,2-870-SWARM GOLD,2006-02-14,,251,870
4508,2-870-SWARM GOLD,2005-07-08,2005-07-16,97,870
8312,2-870-SWARM GOLD,2005-07-29,2005-07-31,143,870
13661,2-870-SWARM GOLD,2005-08-20,2005-08-29,471,870
5403,1-870-SWARM GOLD,2005-07-09,2005-07-12,36,870
8678,1-870-SWARM GOLD,2005-07-29,2005-08-05,210,870
15455,1-870-SWARM GOLD,2005-08-23,2005-08-26,238,870
8120,1-870-SWARM GOLD,2005-07-28,2005-07-31,235,870
13845,1-870-SWARM GOLD,2005-08-20,2005-08-29,559,870
8986,1-870-SWARM GOLD,2005-07-30,2005-07-31,551,870
15281,1-870-SWARM GOLD,2005-08-22,2005-08-27,543,870
11494,1-870-SWARM GOLD,2005-08-02,2005-08-09,579,870
13733,1-870-SWARM GOLD,2005-08-20,2005-08-21,85,870
8,1-510-LAWLESS VISION,2005-05-24,2005-05-27,239,510
1703,1-510-LAWLESS VISION,2005-06-16,2005-06-17,589,510
4100,1-510-LAWLESS VISION,2005-07-07,2005-07-15,332,510
10261,1-510-LAWLESS VISION,2005-08-01,2005-08-01,50,510
14137,1-510-LAWLESS VISION,2006-02-14,,53,510
1067,1-510-LAWLESS VISION,2005-05-31,2005-06-01,32,510
2208,1-510-LAWLESS VISION,2005-06-18,2005-06-23,132,510
3783,1-510-LAWLESS VISION,2005-07-06,2005-07-14,386,510
7259,1-510-LAWLESS VISION,2005-07-27,2005-08-02,406,510
12776,1-510-LAWLESS VISION,2005-08-18,2005-08-23,55,510
3405,1-510-LAWLESS VISION,2005-06-21,2005-06-23,155,510
4013,1-510-LAWLESS VISION,2005-07-07,2005-07-15,475,510
10014,1-510-LAWLESS VISION,2005-07-31,2005-08-02,443,510
14789,1-510-LAWLESS VISION,2005-08-22,2005-08-25,279,510
6583,1-510-LAWLESS VISION,2005-07-12,2005-07-15,462,510
8464,1-510-LAWLESS VISION,2005-07-29,2005-08-03,28,510
12536,1-510-LAWLESS VISION,2005-08-18,2005-08-25,373,510
9,1-565-MATRIX SNOWMAN,2005-05-25,2005-05-28,126,565
1713,1-565-MATRIX SNOWMAN,2005-06-16,2005-06-18,164,565
4616,1-565-MATRIX SNOWMAN,2005-07-08,2005-07-10,280,565
10404,1-565-MATRIX SNOWMAN,2005-08-01,2005-08-07,253,565
11983,1-565-MATRIX SNOWMAN,2005-08-17,2005-08-23,304,565
1866,1-565-MATRIX SNOWMAN,2005-06-17,2005-06-19,575,565
4614,1-565-MATRIX SNOWMAN,2005-07-08,2005-07-12,71,565
7938,1-565-MATRIX SNOWMAN,2005-07-28,2005-08-04,114,565
14363,1-565-MATRIX SNOWMAN,2005-08-21,2005-08-23,560,565
10,2-396-HANGING DEEP,2005-05-25,2005-05-31,399,396
2511,2-396-HANGING DEEP,2005-06-18,2005-06-24,234,396
5514,2-396-HANGING DEEP,2005-07-10,2005-07-17,522,396
11282,2-396-HANGING DEEP,2005-08-02,2005-08-03,273,396
11840,2-396-HANGING DEEP,2005-08-17,2005-08-19,491,396
348,2-396-HANGING DEEP,2005-05-27,2005-06-01,473,396
1913,2-396-HANGING DEEP,2005-06-17,2005-06-21,116,396
4212,2-396-HANGING DEEP,2005-07-07,2005-07-09,574,396
10242,2-396-HANGING DEEP,2005-08-01,2005-08-02,342,396
12990,2-396-HANGING DEEP,2005-08-19,2005-08-21,360,396
486,2-396-HANGING DEEP,2005-05-27,2005-05-28,398,396
1702,2-396-HANGING DEEP,2005-06-16,2005-06-19,242,396
6566,2-396-HANGING DEEP,2005-07-12,2005-07-19,178,396
8288,2-396-HANGING DEEP,2005-07-29,2005-08-05,55,396
12367,2-396-HANGING DEEP,2005-08-18,2005-08-27,7,396
1952,2-396-HANGING DEEP,2005-06-17,2005-06-21,338,396
3713,2-396-HANGING DEEP,2005-07-06,2005-07-13,504,396
10503,2-396-HANGING DEEP,2005-08-01,2005-08-08,357,396
14083,2-396-HANGING DEEP,2005-08-20,2005-08-28,176,396
11,1-971-WHALE BIKINI,2005-05-25,2005-06-02,142,971
2718,1-971-WHALE BIKINI,2005-06-19,2005-06-26,139,971
6420,1-971-WHALE BIKINI,2005-07-11,2005-07-17,206,971
9105,1-971-WHALE BIKINI,2005-07-30,2005-08-05,262,971
23,1-971-WHALE BIKINI,2005-05-25,2005-05-29,438,971
1680,1-971-WHALE BIKINI,2005-06-16,2005-06-25,469,971
5209,1-971-WHALE BIKINI,2005-07-09,2005-07-17,222,971
10009,1-971-WHALE BIKINI,2005-07-31,2005-08-08,437,971
12244,1-971-WHALE BIKINI,2005-08-18,2005-08-21,362,971
542,1-971-WHALE BIKINI,2005-05-28,2005-06-03,261,971
1651,1-971-WHALE BIKINI,2005-06-16,2005-06-17,524,971
5752,1-971-WHALE BIKINI,2005-07-10,2005-07-18,86,971
10518,1-971-WHALE BIKINI,2005-08-01,2005-08-07,556,971
15978,1-971-WHALE BIKINI,2005-08-23,2005-08-31,536,971
3345,1-971-WHALE BIKINI,2005-06-21,2005-06-26,71,971
5590,1-971-WHALE BIKINI,2005-07-10,2005-07-19,407,971
10151,1-971-WHALE BIKINI,2005-07-31,2005-08-01,361,971
15134,1-971-WHALE BIKINI,2005-08-22,2005-08-29,22,971
12,1-347-GAMES BOWFINGER,2005-05-25,2005-05-30,261,347
1299,1-347-GAMES BOWFINGER,2005-06-15,2005-06-21,91,347
5082,1-347-GAMES BOWFINGER,2005-07-09,2005-07-10,470,347
8892,1-347-GAMES BOWFINGER,2005-07-30,2005-08-06,184,347
15012,1-347-GAMES BOWFINGER,2005-08-22,2005-08-28,454,347
637,1-347-GAMES BOWFINGER,2005-05-28,2005-05-29,250,347
2003,1-347-GAMES BOWFINGER,2005-06-17,2005-06-19,515,347
6349,1-347-GAMES BOWFINGER,2005-07-11,2005-07-21,216,347
8235,1-347-GAMES BOWFINGER,2005-07-29,2005-08-03,320,347
13722,1-347-GAMES BOWFINGER,2005-08-20,2005-08-25,422,347
8431,1-347-GAMES BOWFINGER,2005-07-29,2005-08-01,193,347
15498,1-347-GAMES BOWFINGER,2005-08-23,2005-08-23,83,347
10178,1-347-GAMES BOWFINGER,2005-07-31,2005-08-03,491,347
13654,1-347-GAMES BOWFINGER,2005-08-20,2005-08-21,469,347
13,1-499-KING EVOLUTION,2005-05-25,2005-05-30,334,499
1653,1-499-KING EVOLUTION,2005-06-16,2005-06-18,517,499
6676,1-499-KING EVOLUTION,2005-07-12,2005-07-19,571,499
8330,1-499-KING EVOLUTION,2005-07-29,2005-08-05,412,499
14432,1-499-KING EVOLUTION,2005-08-21,2005-08-24,138,499
3434,1-499-KING EVOLUTION,2005-06-21,2005-06-23,141,499
5802,1-499-KING EVOLUTION,2005-07-10,2005-07-19,520,499
8504,1-499-KING EVOLUTION,2005-07-29,2005-08-07,561,499
12932,1-499-KING EVOLUTION,2005-08-19,2005-08-21,416,499
14,2-593-MONTEREY LABYRINTH,2005-05-25,2005-05-26,446,593
2885,2-593-MONTEREY LABYRINTH,2005-06-20,2005-06-22,330,593
5530,2-593-MONTEREY LABYRINTH,2005-07-10,2005-07-18,74,593
7224,2-593-MONTEREY LABYRINTH,2005-07-27,2005-08-05,106,593
14980,2-593-MONTEREY LABYRINTH,2005-08-22,2005-08-26,518,593
4816,2-593-MONTEREY LABYRINTH,2005-07-08,2005-07-11,207,593
9502,2-593-MONTEREY LABYRINTH,2005-07-31,2005-08-01,471,593
13939,2-593-MONTEREY LABYRINTH,2005-08-20,2005-08-23,585,593
5325,2-593-MONTEREY LABYRINTH,2005-07-09,2005-07-10,492,593
9696,2-593-MONTEREY LABYRINTH,2005-07-31,2005-08-03,156,593
12515,2-593-MONTEREY LABYRINTH,2005-08-18,2005-08-22,63,593
8436,2-593-MONTEREY LABYRINTH,2005-07-29,2005-07-31,598,593
14622,2-593-MONTEREY LABYRINTH,2005-08-21,2005-08-31,559,593
15,1-670-PELICAN COMFORTS,2005-05-25,2005-06-03,319,670
3088,1-670-PELICAN COMFORTS,2005-06-20,2005-06-29,384,670
5454,1-670-PELICAN COMFORTS,2005-07-09,2005-07-11,97,670
9939,1-670-PELICAN COMFORTS,2005-07-31,2005-08-08,538,670
12382,1-670-PELICAN COMFORTS,2005-08-18,2005-08-26,566,670
58,1-670-PELICAN COMFORTS,2005-05-25,2005-05-28,323,670
1762,1-670-PELICAN COMFORTS,2005-06-16,2005-06-19,116,670
4145,1-670-PELICAN COMFORTS,2005-07-07,2005-07-16,592,670
8884,1-670-PELICAN COMFORTS,2005-07-30,2005-08-05,80,670
15760,1-670-PELICAN COMFORTS,2005-08-23,2005-08-29,273,670
1988,2-670-PELICAN COMFORTS,2005-06-17,2005-06-25,261,670
5599,2-670-PELICAN COMFORTS,2005-07-10,2005-07-13,391,670
10469,2-670-PELICAN COMFORTS,2005-08-01,2005-08-05,466,670
11716,2-670-PELICAN COMFORTS,2005-08-17,2005-08-21,287,670
2022,2-670-PELICAN COMFORTS,2005-06-17,2005-06-25,547,670
5504,2-670-PELICAN COMFORTS,2005-07-10,2005-07-16,455,670
9409,2-670-PELICAN COMFORTS,2005-07-30,2005-08-05,156,670
14614,2-670-PELICAN COMFORTS,2005-08-21,2005-08-30,468,670
3376,2-670-PELICAN COMFORTS,2005-06-21,2005-06-28,318,670
5345,2-670-PELICAN COMFORTS,2005-07-09,2005-07-11,348,670
9117,2-670-PELICAN COMFORTS,2005-07-30,2005-08-07,371,670
16009,2-670-PELICAN COMFORTS,2005-08-23,2005-08-29,133,670
10221,1-670-PELICAN COMFORTS,2005-08-01,2005-08-03,373,670
12510,1-670-PELICAN COMFORTS,2005-08-18,2005-08-27,394,670
10457,1-670-PELICAN COMFORTS,2005-08-01,2005-08-06,121,670
14283,1-670-PELICAN COMFORTS,2005-08-21,2005-08-24,253,670
16,1-86-BOOGIE AMELIE,2005-05-25,2005-05-26,316,86
1620,1-86-BOOGIE AMELIE,2005-06-16,2005-06-17,561,86
5679,1-86-BOOGIE AMELIE,2005-07-10,2005-07-14,138,86
9289,1-86-BOOGIE AMELIE,2005-07-30,2005-08-07,453,86
13045,1-86-BOOGIE AMELIE,2005-08-19,2005-08-23,254,86
488,2-86-BOOGIE AMELIE,2005-05-28,2005-06-03,168,86
2927,2-86-BOOGIE AMELIE,2005-06-20,2005-06-23,403,86
6546,2-86-BOOGIE AMELIE,2005-07-12,2005-07-17,105,86
11014,2-86-BOOGIE AMELIE,2005-08-02,2005-08-07,269,86
12763,2-86-BOOGIE AMELIE,2005-08-18,2005-08-21,472,86
888,1-86-BOOGIE AMELIE,2005-05-30,2005-06-06,128,86
2527,1-86-BOOGIE AMELIE,2005-06-19,2005-06-20,463,86
5751,1-86-BOOGIE AMELIE,2005-07-10,2005-07-11,479,86
9507,1-86-BOOGIE AMELIE,2005-07-31,2005-08-07,525,86
12489,1-86-BOOGIE AMELIE,2006-02-14,,60,86
987,1-86-BOOGIE AMELIE,2005-05-30,2005-06-07,11,86
1649,1-86-BOOGIE AMELIE,2005-06-16,2005-06-18,352,86
4762,1-86-BOOGIE AMELIE,2005-07-08,2005-07-12,36,86
7911,1-86-BOOGIE AMELIE,2005-07-28,2005-07-29,3,86
13618,1-86-BOOGIE AMELIE,2005-08-20,2005-08-29,390,86
4973,2-86-BOOGIE AMELIE,2005-07-08,2005-07-14,432,86
8960,2-86-BOOGIE AMELIE,2005-07-30,2005-08-01,525,86
12407,2-86-BOOGIE AMELIE,2005-08-18,2005-08-24,220,86
8386,1-86-BOOGIE AMELIE,2005-07-29,2005-08-05,435,86
12138,1-86-BOOGIE AMELIE,2005-08-17,2005-08-26,317,86
8613,2-86-BOOGIE AMELIE,2005-07-29,2005-08-05,411,86
15018,2-86-BOOGIE AMELIE,2005-08-22,2005-08-25,504,86
9040,2-86-BOOGIE AMELIE,2005-07-30,2005-08-03,33,86
12415,2-86-BOOGIE AMELIE,2005-08-18,2005-08-24,443,86
17,2-181-CONTACT ANONYMOUS,2005-05-25,2005-05-27,575,181
1288,2-181-CONTACT ANONYMOUS,2005-06-15,2005-06-19,456,181
5831,2-181-CONTACT ANONYMOUS,2005-07-10,2005-07-11,43,181
7645,2-181-CONTACT ANONYMOUS,2005-07-28,2005-08-03,381,181
12899,2-181-CONTACT ANONYMOUS,2005-08-19,2005-08-20,105,181
463,1-181-CONTACT ANONYMOUS,2005-05-27,2005-06-04,21,181
2785,1-181-CONTACT ANONYMOUS,2005-06-19,2005-06-24,137,181
4190,1-181-CONTACT ANONYMOUS,2005-07-07,2005-07-11,349,181
7872,1-181-CONTACT ANONYMOUS,2005-07-28,2005-07-31,66,181
13707,1-181-CONTACT ANONYMOUS,2005-08-20,2005-08-23,232,181
2594,2-181-CONTACT ANONYMOUS,2005-06-19,2005-06-25,123,181
3858,2-181-CONTACT ANONYMOUS,2005-07-06,2005-07-10,377,181
10592,2-181-CONTACT ANONYMOUS,2005-08-01,2005-08-09,265,181
12560,2-181-CONTACT ANONYMOUS,2005-08-18,2005-08-27,596,181
2832,2-181-CONTACT ANONYMOUS,2005-06-19,2005-06-28,593,181
4558,2-181-CONTACT ANONYMOUS,2005-07-08,2005-07-09,448,181
9876,2-181-CONTACT ANONYMOUS,2005-07-31,2005-08-07,347,181
12749,2-181-CONTACT ANONYMOUS,2005-08-18,2005-08-20,388,181
6050,1-181-CONTACT ANONYMOUS,2005-07-11,2005-07-15,527,181
11089,1-181-CONTACT ANONYMOUS,2005-08-02,2005-08-07,421,181
13010,1-181-CONTACT ANONYMOUS,2005-08-19,2005-08-27,413,181
6725,2-181-CONTACT ANONYMOUS,2005-07-12,2005-07-17,213,181
8293,2-181-CONTACT ANONYMOUS,2005-07-29,2005-08-04,71,181
14749,2-181-CONTACT ANONYMOUS,2005-08-21,2005-08-29,235,181
11022,1-181-CONTACT ANONYMOUS,2005-08-02,2005-08-09,206,181
12632,1-181-CONTACT ANONYMOUS,2005-08-18,2005-08-22,381,181
18,1-741-ROMAN PUNK,2005-05-25,2005-05-31,19,741
1380,1-741-ROMAN PUNK,2005-06-15,2005-06-18,158,741
6842,1-741-ROMAN PUNK,2005-07-12,2005-07-19,366,741
8974,1-741-ROMAN PUNK,2005-07-30,2005-08-04,425,741
13398,1-741-ROMAN PUNK,2005-08-19,2005-08-23,405,741
821,2-741-ROMAN PUNK,2005-05-29,2005-06-04,348,741
1403,2-741-ROMAN PUNK,2005-06-15,2005-06-22,546,741
5500,2-741-ROMAN PUNK,2005-07-10,2005-07-15,457,741
8171,2-741-ROMAN PUNK,2005-07-28,2005-07-30,296,741
12131,2-741-ROMAN PUNK,2005-08-17,2005-08-26,21,741
1065,1-741-ROMAN PUNK,2005-05-31,2005-06-08,316,741
2513,1-741-ROMAN PUNK,2005-06-18,2005-06-24,515,741
3636,1-741-ROMAN PUNK,2005-07-06,2005-07-08,591,741
7266,1-741-ROMAN PUNK,2005-07-27,2005-08-04,24,741
15856,1-741-ROMAN PUNK,2005-08-23,2005-08-25,395,741
2384,1-741-ROMAN PUNK,2005-06-18,2005-06-21,132,741
6380,1-741-ROMAN PUNK,2005-07-11,2005-07-17,172,741
11471,1-741-ROMAN PUNK,2005-08-02,2005-08-08,355,741
13565,1-741-ROMAN PUNK,2005-08-20,2005-08-27,214,741
6537,2-741-ROMAN PUNK,2005-07-12,2005-07-19,207,741
7759,2-741-ROMAN PUNK,2005-07-28,2005-08-03,405,741
12528,2-741-ROMAN PUNK,2005-08-18,2005-08-27,398,741
8430,1-741-ROMAN PUNK,2005-07-29,2005-08-03,219,741
12044,1-741-ROMAN PUNK,2005-08-17,2005-08-19,388,741
19,2-422-HOLLOW JEOPARDY,2005-05-25,2005-05-31,456,422
1763,2-422-HOLLOW JEOPARDY,2005-06-16,2005-06-20,389,422
3762,2-422-HOLLOW JEOPARDY,2005-07-06,2005-07-12,413,422
8587,2-422-HOLLOW JEOPARDY,2005-07-29,2005-08-03,108,422
14383,2-422-HOLLOW JEOPARDY,2005-08-21,2005-08-24,482,422
489,2-422-HOLLOW JEOPARDY,2005-05-28,2005-05-31,476,422
1526,2-422-HOLLOW JEOPARDY,2005-06-16,2005-06-19,499,422
4800,2-422-HOLLOW JEOPARDY,2005-07-08,2005-07-13,99,422
10067,2-422-HOLLOW JEOPARDY,2005-07-31,2005-08-04,148,422
15099,2-422-HOLLOW JEOPARDY,2005-08-22,2005-08-26,86,422
20,2-770-SCISSORHANDS SLUMS,2005-05-25,2005-05-27,185,770
3178,2-770-SCISSORHANDS SLUMS,2005-06-20,2005-06-23,79,770
4986,2-770-SCISSORHANDS SLUMS,2005-07-09,2005-07-09,589,770
11095,2-770-SCISSORHANDS SLUMS,2005-08-02,2005-08-10,278,770
13121,2-770-SCISSORHANDS SLUMS,2005-08-19,2005-08-22,251,770
413,2-770-SCISSORHANDS SLUMS,2005-05-27,2005-06-03,307,770
1321,2-770-SCISSORHANDS SLUMS,2005-06-15,2005-06-16,204,770
4479,2-770-SCISSORHANDS SLUMS,2005-07-08,2005-07-09,211,770
10909,2-770-SCISSORHANDS SLUMS,2005-08-02,2005-08-03,413,770
12029,2-770-SCISSORHANDS SLUMS,2005-08-17,2005-08-19,148,770
580,2-770-SCISSORHANDS SLUMS,2005-05-28,2005-06-01,17,770
1490,2-770-SCISSORHANDS SLUMS,2005-06-15,2005-06-22,123,770
4495,2-770-SCISSORHANDS SLUMS,2005-07-08,2005-07-10,404,770
8189,2-770-SCISSORHANDS SLUMS,2005-07-28,2005-08-04,361,770
14943,2-770-SCISSORHANDS SLUMS,2005-08-22,2005-08-26,265,770
21,1-31-APACHE DIVINE,2005-05-25,2005-05-26,388,31
1780,1-31-APACHE DIVINE,2005-06-16,2005-06-19,352,31
3573,1-31-APACHE DIVINE,2005-07-06,2005-07-07,66,31
9157,1-31-APACHE DIVINE,2005-07-30,2005-08-05,19,31
15331,1-31-APACHE DIVINE,2005-08-22,2005-08-25,147,31
944,2-31-APACHE DIVINE,2005-05-30,2005-06-07,131,31
2889,2-31-APACHE DIVINE,2005-06-20,2005-06-23,213,31
5988,2-31-APACHE DIVINE,2005-07-11,2005-07-13,158,31
11279,2-31-APACHE DIVINE,2005-08-02,2005-08-10,125,31
11932,2-31-APACHE DIVINE,2005-08-17,2005-08-18,364,31
1068,2-31-APACHE DIVINE,2005-05-31,2005-06-01,443,31
2264,2-31-APACHE DIVINE,2005-06-18,2005-06-19,240,31
4496,2-31-APACHE DIVINE,2005-07-08,2005-07-08,578,31
10980,2-31-APACHE DIVINE,2005-08-02,2005-08-04,547,31
14145,2-31-APACHE DIVINE,2005-08-21,2005-08-22,314,31
1694,1-31-APACHE DIVINE,2005-06-16,2005-06-20,532,31
5821,1-31-APACHE DIVINE,2005-07-10,2005-07-14,302,31
9420,1-31-APACHE DIVINE,2005-07-30,2005-08-05,72,31
12804,1-31-APACHE DIVINE,2005-08-19,2005-08-28,365,31
4218,2-31-APACHE DIVINE,2005-07-07,2005-07-15,497,31
8720,2-31-APACHE DIVINE,2005-07-29,2005-08-04,180,31
15758,2-31-APACHE DIVINE,2005-08-23,2005-08-29,46,31
5025,2-31-APACHE DIVINE,2005-07-09,2005-07-12,91,31
7675,2-31-APACHE DIVINE,2005-07-28,2005-07-31,189,31
14906,2-31-APACHE DIVINE,2005-08-22,2005-08-29,366,31
5083,1-31-APACHE DIVINE,2005-07-09,2005-07-11,494,31
11167,1-31-APACHE DIVINE,2005-08-02,2005-08-09,451,31
12896,1-31-APACHE DIVINE,2005-08-19,2005-08-24,220,31
5134,1-31-APACHE DIVINE,2005-07-09,2005-07-16,491,31
7053,1-31-APACHE DIVINE,2005-07-27,2005-07-31,408,31
15825,1-31-APACHE DIVINE,2005-08-23,2005-08-29,346,31
22,1-159-CLOSER BANG,2005-05-25,2005-05-26,509,159
3389,1-159-CLOSER BANG,2005-06-21,2005-06-28,395,159
6095,1-159-CLOSER BANG,2005-07-11,2005-07-19,501,159
9188,1-159-CLOSER BANG,2005-07-30,2005-08-06,195,159
15357,1-159-CLOSER BANG,2005-08-22,2005-08-25,24,159
209,2-159-CLOSER BANG,2005-05-26,2005-05-27,379,159
3467,2-159-CLOSER BANG,2005-06-21,2005-06-27,543,159
5275,2-159-CLOSER BANG,2005-07-09,2005-07-13,249,159
11189,2-159-CLOSER BANG,2005-08-02,2005-08-09,565,159
13105,2-159-CLOSER BANG,2005-08-19,2005-08-27,279,159
750,2-159-CLOSER BANG,2005-05-29,2005-05-30,269,159
1457,2-159-CLOSER BANG,2005-06-15,2005-06-19,345,159
5867,2-159-CLOSER BANG,2005-07-10,2005-07-19,321,159
7717,2-159-CLOSER BANG,2005-07-28,2005-07-30,459,159
13061,2-159-CLOSER BANG,2005-08-19,2005-08-24,576,159
1050,1-159-CLOSER BANG,2005-05-31,2005-06-03,303,159
1725,1-159-CLOSER BANG,2005-06-16,2005-06-17,1,159
5475,1-159-CLOSER BANG,2005-07-09,2005-07-12,219,159
9695,1-159-CLOSER BANG,2005-07-31,2005-08-07,95,159
11728,1-159-CLOSER BANG,2005-08-17,2005-08-18,444,159
5182,1-159-CLOSER BANG,2005-07-09,2005-07-16,197,159
7263,1-159-CLOSER BANG,2005-07-27,2005-08-04,324,159
14248,1-159-CLOSER BANG,2005-08-21,2005-08-28,293,159
5350,1-159-CLOSER BANG,2005-07-09,2005-07-11,129,159
11476,1-159-CLOSER BANG,2005-08-02,2005-08-09,144,159
12269,1-159-CLOSER BANG,2005-08-18,2005-08-25,573,159
11054,2-159-CLOSER BANG,2005-08-02,2005-08-10,577,159
12501,2-159-CLOSER BANG,2005-08-18,2005-08-23,173,159
24,1-721-REDS POCUS,2005-05-25,2005-05-27,350,721
1323,1-721-REDS POCUS,2005-06-15,2005-06-24,187,721
5968,1-721-REDS POCUS,2005-07-11,2005-07-19,554,721
8507,1-721-REDS POCUS,2005-07-29,2005-08-07,524,721
16008,1-721-REDS POCUS,2005-08-23,2005-08-31,189,721
1453,1-721-REDS POCUS,2005-06-15,2005-06-19,457,721
6224,1-721-REDS POCUS,2005-07-11,2005-07-16,475,721
7387,1-721-REDS POCUS,2005-07-27,2005-08-03,233,721
14961,1-721-REDS POCUS,2005-08-22,2005-08-31,52,721
25,2-863-SUN CONFESSIONS,2005-05-25,2005-05-27,37,863
2979,2-863-SUN CONFESSIONS,2005-06-20,2005-06-27,589,863
5700,2-863-SUN CONFESSIONS,2005-07-10,2005-07-19,87,863
8898,2-863-SUN CONFESSIONS,2005-07-30,2005-08-05,452,863
15050,2-863-SUN CONFESSIONS,2005-08-22,2005-08-23,167,863
190,2-863-SUN CONFESSIONS,2005-05-26,2005-06-01,533,863
1805,2-863-SUN CONFESSIONS,2005-06-16,2005-06-17,208,863
6212,2-863-SUN CONFESSIONS,2005-07-11,2005-07-15,337,863
7843,2-863-SUN CONFESSIONS,2005-07-28,2005-08-01,75,863
14080,2-863-SUN CONFESSIONS,2005-08-20,2005-08-26,266,863
1679,1-863-SUN CONFESSIONS,2005-06-16,2005-06-23,227,863
5777,1-863-SUN CONFESSIONS,2005-07-10,2005-07-17,40,863
8006,1-863-SUN CONFESSIONS,2005-07-28,2005-08-05,109,863
12512,1-863-SUN CONFESSIONS,2005-08-18,2005-08-26,148,863
4254,1-863-SUN CONFESSIONS,2005-07-07,2005-07-12,529,863
7137,1-863-SUN CONFESSIONS,2005-07-27,2005-07-29,483,863
14185,1-863-SUN CONFESSIONS,2005-08-21,2005-08-26,579,863
5795,1-863-SUN CONFESSIONS,2005-07-10,2005-07-14,304,863
10701,1-863-SUN CONFESSIONS,2005-08-01,2005-08-09,538,863
14558,1-863-SUN CONFESSIONS,2005-08-21,2005-08-28,273,863
6251,1-863-SUN CONFESSIONS,2005-07-11,2005-07-18,230,863
9151,1-863-SUN CONFESSIONS,2005-07-30,2005-08-07,102,863
14179,1-863-SUN CONFESSIONS,2005-08-21,2005-08-26,79,863
9725,2-863-SUN CONFESSIONS,2005-07-31,2005-08-03,503,863
13906,2-863-SUN CONFESSIONS,2005-08-20,2005-08-21,87,863
26,1-953-WAIT CIDER,2005-05-25,2005-05-31,371,953
2035,1-953-WAIT CIDER,2005-06-17,2005-06-26,158,953
4438,1-953-WAIT CIDER,2005-07-07,2005-07-16,104,953
8284,1-953-WAIT CIDER,2005-07-29,2005-08-07,446,953
15795,1-953-WAIT CIDER,2005-08-23,2005-08-25,417,953
352,1-953-WAIT CIDER,2005-05-27,2005-05-29,157,953
1921,1-953-WAIT CIDER,2005-06-17,2005-06-23,417,953
4726,1-953-WAIT CIDER,2005-07-08,2005-07-17,144,953
7643,1-953-WAIT CIDER,2005-07-28,2005-08-04,407,953
13501,1-953-WAIT CIDER,2005-08-20,2005-08-22,390,953
905,1-953-WAIT CIDER,2005-05-30,2005-06-06,50,953
1378,1-953-WAIT CIDER,2005-06-15,2005-06-19,253,953
5933,1-953-WAIT CIDER,2005-07-10,2005-07-12,419,953
10956,1-953-WAIT CIDER,2005-08-02,2005-08-09,54,953
12895,1-953-WAIT CIDER,2005-08-19,2005-08-26,396,953
8151,1-953-WAIT CIDER,2005-07-28,2005-07-31,495,953
12333,1-953-WAIT CIDER,2005-08-18,2005-08-21,18,953
10644,2-953-WAIT CIDER,2005-08-01,2005-08-08,7,953
12775,2-953-WAIT CIDER,2005-08-18,2005-08-26,54,953
10935,2-953-WAIT CIDER,2005-08-02,2005-08-10,42,953
13282,2-953-WAIT CIDER,2005-08-19,2005-08-24,59,953
27,2-271-EASY GLADIATOR,2005-05-25,2005-05-30,301,271
2684,2-271-EASY GLADIATOR,2005-06-19,2005-06-28,17,271
5192,2-271-EASY GLADIATOR,2005-07-09,2005-07-10,410,271
8038,2-271-EASY GLADIATOR,2005-07-28,2005-07-30,30,271
12495,2-271-EASY GLADIATOR,2005-08-18,2005-08-22,102,271
276,1-271-EASY GLADIATOR,2005-05-26,2005-06-03,58,271
2772,1-271-EASY GLADIATOR,2005-06-19,2005-06-23,520,271
6739,1-271-EASY GLADIATOR,2005-07-12,2005-07-18,71,271
10188,1-271-EASY GLADIATOR,2005-08-01,2005-08-08,331,271
11955,1-271-EASY GLADIATOR,2005-08-17,2005-08-24,319,271
623,1-271-EASY GLADIATOR,2005-05-28,2005-05-30,495,271
2769,1-271-EASY GLADIATOR,2005-06-19,2005-06-26,354,271
4483,1-271-EASY GLADIATOR,2005-07-08,2005-07-17,425,271
10167,1-271-EASY GLADIATOR,2005-07-31,2005-08-06,129,271
11692,1-271-EASY GLADIATOR,2005-08-17,2005-08-24,350,271
3035,1-271-EASY GLADIATOR,2005-06-20,2005-06-26,62,271
3697,1-271-EASY GLADIATOR,2005-07-06,2005-07-13,182,271
9593,1-271-EASY GLADIATOR,2005-07-31,2005-08-05,28,271
11894,1-271-EASY GLADIATOR,2005-08-17,2005-08-26,67,271
3386,2-271-EASY GLADIATOR,2005-06-21,2005-06-24,190,271
6485,2-271-EASY GLADIATOR,2005-07-12,2005-07-19,319,271
9305,2-271-EASY GLADIATOR,2005-07-30,2005-08-08,82,271
14352,2-271-EASY GLADIATOR,2005-08-21,2005-08-28,527,271
28,1-887-THIEF PELICAN,2005-05-25,2005-05-26,232,887
2223,1-887-THIEF PELICAN,2005-06-18,2005-06-27,303,887
3631,1-887-THIEF PELICAN,2005-07-06,2005-07-07,47,887
10579,1-887-THIEF PELICAN,2005-08-01,2005-08-07,270,887
14022,1-887-THIEF PELICAN,2005-08-20,2005-08-29,170,887
78,1-887-THIEF PELICAN,2005-05-25,2005-05-31,135,887
2802,1-887-THIEF PELICAN,2005-06-19,2005-06-21,489,887
3486,1-887-THIEF PELICAN,2005-07-05,2005-07-13,296,887
10489,1-887-THIEF PELICAN,2005-08-01,2005-08-07,54,887
12421,1-887-THIEF PELICAN,2005-08-18,2005-08-24,158,887
5644,1-887-THIEF PELICAN,2005-07-10,2005-07-15,476,887
11319,1-887-THIEF PELICAN,2005-08-02,2005-08-09,178,887
14120,1-887-THIEF PELICAN,2005-08-21,2005-08-24,302,887
9264,2-887-THIEF PELICAN,2005-07-30,2005-08-02,157,887
12725,2-887-THIEF PELICAN,2005-08-18,2005-08-23,51,887
9313,1-887-THIEF PELICAN,2005-07-30,2005-08-05,41,887
15151,1-887-THIEF PELICAN,2005-08-22,2005-08-30,463,887
11403,2-887-THIEF PELICAN,2005-08-02,2005-08-04,587,887
12006,2-887-THIEF PELICAN,2005-08-17,2005-08-24,272,887
29,2-132-CHAINSAW UPTOWN,2005-05-25,2005-05-30,44,132
2309,2-132-CHAINSAW UPTOWN,2005-06-18,2005-06-20,576,132
4778,2-132-CHAINSAW UPTOWN,2005-07-08,2005-07-12,78,132
10569,2-132-CHAINSAW UPTOWN,2005-08-01,2005-08-10,179,132
15843,2-132-CHAINSAW UPTOWN,2005-08-23,2005-08-28,215,132
795,1-132-CHAINSAW UPTOWN,2005-05-29,2005-06-01,551,132
1465,1-132-CHAINSAW UPTOWN,2005-06-15,2005-06-18,387,132
5844,1-132-CHAINSAW UPTOWN,2005-07-10,2005-07-12,147,132
7500,1-132-CHAINSAW UPTOWN,2005-07-27,2005-07-29,160,132
13208,1-132-CHAINSAW UPTOWN,2005-08-19,2005-08-24,435,132
2732,2-132-CHAINSAW UPTOWN,2005-06-19,2005-06-25,386,132
5670,2-132-CHAINSAW UPTOWN,2005-07-10,2005-07-14,121,132
8611,2-132-CHAINSAW UPTOWN,2005-07-29,2005-08-07,373,132
12546,2-132-CHAINSAW UPTOWN,2005-08-18,2005-08-26,30,132
6315,1-132-CHAINSAW UPTOWN,2005-07-11,2005-07-12,374,132
8237,1-132-CHAINSAW UPTOWN,2005-07-29,2005-08-06,441,132
11886,1-132-CHAINSAW UPTOWN,2005-08-17,2005-08-19,204,132
10011,1-132-CHAINSAW UPTOWN,2005-07-31,2005-08-08,128,132
11624,1-132-CHAINSAW UPTOWN,2005-08-17,2005-08-18,527,132
11309,1-132-CHAINSAW UPTOWN,2005-08-02,2005-08-09,275,132
12028,1-132-CHAINSAW UPTOWN,2005-08-17,2005-08-23,316,132
30,1-819-SONG HEDWIG,2005-05-25,2005-05-30,430,819
2674,1-819-SONG HEDWIG,2005-06-19,2005-06-20,585,819
4767,1-819-SONG HEDWIG,2005-07-08,2005-07-13,350,819
9913,1-819-SONG HEDWIG,2005-07-31,2005-08-06,229,819
12691,1-819-SONG HEDWIG,2005-08-18,2005-08-26,534,819
3022,1-819-SONG HEDWIG,2005-06-20,2005-06-26,466,819
5017,1-819-SONG HEDWIG,2005-07-09,2005-07-14,241,819
9573,1-819-SONG HEDWIG,2005-07-31,2005-08-09,59,819
12207,1-819-SONG HEDWIG,2005-08-18,2005-08-22,265,819
8781,1-819-SONG HEDWIG,2005-07-29,2005-07-30,235,819
13753,1-819-SONG HEDWIG,2006-02-14,,495,819
31,2-979-WITCHES PANIC,2005-05-25,2005-05-30,369,979
1214,2-979-WITCHES PANIC,2005-06-15,2005-06-20,46,979
5265,2-979-WITCHES PANIC,2005-07-09,2005-07-18,139,979
10474,2-979-WITCHES PANIC,2005-08-01,2005-08-08,488,979
15674,2-979-WITCHES PANIC,2005-08-23,2005-09-01,90,979
171,2-979-WITCHES PANIC,2005-05-26,2005-06-03,400,979
2933,2-979-WITCHES PANIC,2005-06-20,2005-06-26,323,979
5556,2-979-WITCHES PANIC,2005-07-10,2005-07-14,354,979
10134,2-979-WITCHES PANIC,2005-07-31,2005-08-06,311,979
13262,2-979-WITCHES PANIC,2005-08-19,2005-08-26,184,979
947,1-979-WITCHES PANIC,2005-05-30,2005-06-04,62,979
2077,1-979-WITCHES PANIC,2005-06-17,2005-06-19,113,979
6874,1-979-WITCHES PANIC,2005-07-12,2005-07-19,539,979
8992,1-979-WITCHES PANIC,2005-07-30,2005-08-01,54,979
12455,1-979-WITCHES PANIC,2005-08-18,2005-08-22,46,979
1028,1-979-WITCHES PANIC,2005-05-31,2005-06-01,51,979
1461,1-979-WITCHES PANIC,2005-06-15,2005-06-23,216,979
4911,1-979-WITCHES PANIC,2005-07-08,2005-07-15,66,979
10206,1-979-WITCHES PANIC,2005-08-01,2005-08-10,90,979
14229,1-979-WITCHES PANIC,2005-08-21,2005-08-26,186,979
1320,2-979-WITCHES PANIC,2005-06-15,2005-06-17,84,979
4464,2-979-WITCHES PANIC,2005-07-08,2005-07-08,583,979
8628,2-979-WITCHES PANIC,2005-07-29,2005-08-06,550,979
11724,2-979-WITCHES PANIC,2005-08-17,2005-08-25,207,979
2591,1-979-WITCHES PANIC,2005-06-19,2005-06-25,438,979
6157,1-979-WITCHES PANIC,2005-07-11,2005-07-16,133,979
9990,1-979-WITCHES PANIC,2005-07-31,2005-08-09,555,979
12864,1-979-WITCHES PANIC,2005-08-19,2005-08-22,465,979
10033,1-979-WITCHES PANIC,2005-07-31,2005-08-04,381,979
14319,1-979-WITCHES PANIC,2005-08-21,2005-08-26,410,979
32,2-839-STALLION SUNDANCE,2005-05-25,2005-05-25,230,839
3213,2-839-STALLION SUNDANCE,2005-06-21,2005-06-27,534,839
3557,2-839-STALLION SUNDANCE,2005-07-06,2005-07-08,292,839
9404,2-839-STALLION SUNDANCE,2005-07-30,2005-08-02,140,839
15621,2-839-STALLION SUNDANCE,2005-08-23,2005-08-29,123,839
9307,2-839-STALLION SUNDANCE,2005-07-30,2005-08-01,538,839
12890,2-839-STALLION SUNDANCE,2005-08-19,2005-08-19,150,839
33,1-367-GOLDMINE TYCOON,2005-05-25,2005-05-27,272,367
1770,1-367-GOLDMINE TYCOON,2005-06-16,2005-06-23,359,367
5812,1-367-GOLDMINE TYCOON,2005-07-10,2005-07-18,581,367
7296,1-367-GOLDMINE TYCOON,2005-07-27,2005-08-04,400,367
11558,1-367-GOLDMINE TYCOON,2005-08-17,2005-08-19,403,367
398,2-367-GOLDMINE TYCOON,2005-05-27,2005-06-02,422,367
2052,2-367-GOLDMINE TYCOON,2005-06-17,2005-06-21,172,367
5553,2-367-GOLDMINE TYCOON,2005-07-10,2005-07-14,6,367
8912,2-367-GOLDMINE TYCOON,2005-07-30,2005-08-02,280,367
15122,2-367-GOLDMINE TYCOON,2005-08-22,2005-08-29,91,367
829,1-367-GOLDMINE TYCOON,2005-05-29,2005-06-06,371,367
2504,1-367-GOLDMINE TYCOON,2005-06-18,2005-06-21,452,367
5308,1-367-GOLDMINE TYCOON,2005-07-09,2005-07-15,52,367
10471,1-367-GOLDMINE TYCOON,2005-08-01,2005-08-07,135,367
12566,1-367-GOLDMINE TYCOON,2005-08-18,2005-08-21,407,367
3065,2-367-GOLDMINE TYCOON,2005-06-20,2005-06-24,227,367
6769,2-367-GOLDMINE TYCOON,2005-07-12,2005-07-21,63,367
9635,2-367-GOLDMINE TYCOON,2005-07-31,2005-08-02,371,367
13972,2-367-GOLDMINE TYCOON,2005-08-20,2005-08-28,553,367
4085,1-367-GOLDMINE TYCOON,2005-07-07,2005-07-12,573,367
10849,1-367-GOLDMINE TYCOON,2005-08-01,2005-08-10,278,367
13873,1-367-GOLDMINE TYCOON,2005-08-20,2005-08-22,306,367
4265,2-367-GOLDMINE TYCOON,2005-07-07,2005-07-12,69,367
7203,2-367-GOLDMINE TYCOON,2005-07-27,2005-08-04,492,367
15038,2-367-GOLDMINE TYCOON,2005-08-22,2005-08-23,3,367
7399,1-367-GOLDMINE TYCOON,2005-07-27,2005-08-03,526,367
13033,1-367-GOLDMINE TYCOON,2005-08-19,2005-08-28,344,367
34,1-573-MICROCOSMOS PARADISE,2005-05-25,2005-05-29,597,573
1665,1-573-MICROCOSMOS PARADISE,2005-06-16,2005-06-23,490,573
6117,1-573-MICROCOSMOS PARADISE,2005-07-11,2005-07-18,135,573
11178,1-573-MICROCOSMOS PARADISE,2005-08-02,2005-08-06,342,573
13955,1-573-MICROCOSMOS PARADISE,2005-08-20,2005-08-29,273,573
4485,1-573-MICROCOSMOS PARADISE,2005-07-08,2005-07-16,130,573
10406,1-573-MICROCOSMOS PARADISE,2005-08-01,2005-08-02,391,573
13030,1-573-MICROCOSMOS PARADISE,2005-08-19,2005-08-24,240,573
4570,1-573-MICROCOSMOS PARADISE,2005-07-08,2005-07-14,503,573
8807,1-573-MICROCOSMOS PARADISE,2005-07-29,2005-08-01,396,573
16038,1-573-MICROCOSMOS PARADISE,2005-08-23,2005-08-30,172,573
9257,1-573-MICROCOSMOS PARADISE,2005-07-30,2005-08-04,466,573
14536,1-573-MICROCOSMOS PARADISE,2005-08-21,2005-08-27,48,573
35,2-284-ENEMY ODDS,2005-05-25,2005-05-27,484,284
1407,2-284-ENEMY ODDS,2005-06-15,2005-06-23,89,284
6595,2-284-ENEMY ODDS,2005-07-12,2005-07-20,458,284
10843,2-284-ENEMY ODDS,2005-08-01,2005-08-09,192,284
14387,2-284-ENEMY ODDS,2005-08-21,2005-08-28,295,284
97,1-284-ENEMY ODDS,2005-05-25,2005-05-28,263,284
2446,1-284-ENEMY ODDS,2005-06-18,2005-06-27,466,284
5138,1-284-ENEMY ODDS,2005-07-09,2005-07-12,548,284
7986,1-284-ENEMY ODDS,2005-07-28,2005-08-05,395,284
13818,1-284-ENEMY ODDS,2005-08-20,2005-08-21,495,284
632,2-284-ENEMY ODDS,2005-05-28,2005-06-03,442,284
2538,2-284-ENEMY ODDS,2005-06-19,2005-06-25,472,284
4323,2-284-ENEMY ODDS,2005-07-07,2005-07-13,336,284
7243,2-284-ENEMY ODDS,2005-07-27,2005-07-29,238,284
14302,2-284-ENEMY ODDS,2005-08-21,2005-08-28,511,284
1151,1-284-ENEMY ODDS,2005-05-31,2005-06-03,581,284
1383,1-284-ENEMY ODDS,2005-06-15,2005-06-24,379,284
3893,1-284-ENEMY ODDS,2005-07-06,2005-07-12,350,284
8663,1-284-ENEMY ODDS,2005-07-29,2005-07-30,214,284
12790,1-284-ENEMY ODDS,2005-08-19,2005-08-26,44,284
3362,2-284-ENEMY ODDS,2005-06-21,2005-06-23,454,284
3977,2-284-ENEMY ODDS,2005-07-06,2005-07-15,449,284
10908,2-284-ENEMY ODDS,2005-08-02,2005-08-04,269,284
12565,2-284-ENEMY ODDS,2005-08-18,2005-08-19,211,284
6555,1-284-ENEMY ODDS,2005-07-12,2005-07-14,188,284
9720,1-284-ENEMY ODDS,2005-07-31,2005-08-07,587,284
11972,1-284-ENEMY ODDS,2005-08-17,2005-08-22,308,284
8320,2-284-ENEMY ODDS,2005-07-29,2005-08-03,513,284
12796,2-284-ENEMY ODDS,2005-08-19,2005-08-19,368,284
36,2-288-ESCAPE METROPOLIS,2005-05-25,2005-05-29,88,288
1425,2-288-ESCAPE METROPOLIS,2005-06-15,2005-06-18,108,288
5603,2-288-ESCAPE METROPOLIS,2005-07-10,2005-07-12,74,288
7353,2-288-ESCAPE METROPOLIS,2005-07-27,2005-07-31,357,288
15757,2-288-ESCAPE METROPOLIS,2005-08-23,2005-08-29,356,288
1304,1-288-ESCAPE METROPOLIS,2005-06-15,2005-06-24,242,288
5671,1-288-ESCAPE METROPOLIS,2005-07-10,2005-07-11,268,288
9688,1-288-ESCAPE METROPOLIS,2005-07-31,2005-08-08,566,288
13173,1-288-ESCAPE METROPOLIS,2005-08-19,2005-08-26,29,288
2525,2-288-ESCAPE METROPOLIS,2005-06-19,2005-06-24,365,288
4458,2-288-ESCAPE METROPOLIS,2005-07-07,2005-07-09,229,288
9758,2-288-ESCAPE METROPOLIS,2005-07-31,2005-08-03,160,288
11768,2-288-ESCAPE METROPOLIS,2005-08-17,2005-08-23,564,288
3025,2-288-ESCAPE METROPOLIS,2005-06-20,2005-06-22,293,288
4675,2-288-ESCAPE METROPOLIS,2005-07-08,2005-07-14,380,288
9532,2-288-ESCAPE METROPOLIS,2005-07-31,2005-08-01,488,288
15047,2-288-ESCAPE METROPOLIS,2005-08-22,2005-08-23,19,288
3087,1-288-ESCAPE METROPOLIS,2005-06-20,2005-06-27,111,288
4537,1-288-ESCAPE METROPOLIS,2005-07-08,2005-07-13,448,288
8212,1-288-ESCAPE METROPOLIS,2005-07-28,2005-08-04,159,288
13465,1-288-ESCAPE METROPOLIS,2005-08-20,2005-08-21,575,288
3170,2-288-ESCAPE METROPOLIS,2005-06-20,2005-06-29,421,288
3760,2-288-ESCAPE METROPOLIS,2005-07-06,2005-07-09,330,288
9520,2-288-ESCAPE METROPOLIS,2005-07-31,2005-08-04,299,288
11778,2-288-ESCAPE METROPOLIS,2005-08-17,2005-08-25,213,288
37,2-89-BORROWERS BEDAZZLED,2005-05-25,2005-05-29,535,89
1327,2-89-BORROWERS BEDAZZLED,2005-06-15,2005-06-22,539,89
6691,2-89-BORROWERS BEDAZZLED,2005-07-12,2005-07-18,192,89
8543,2-89-BORROWERS BEDAZZLED,2005-07-29,2005-08-03,346,89
15238,2-89-BORROWERS BEDAZZLED,2005-08-22,2005-08-29,70,89
133,1-89-BORROWERS BEDAZZLED,2005-05-25,2005-05-30,237,89
1908,1-89-BORROWERS BEDAZZLED,2005-06-17,2005-06-19,358,89
5734,1-89-BORROWERS BEDAZZLED,2005-07-10,2005-07-16,447,89
7042,1-89-BORROWERS BEDAZZLED,2005-07-27,2005-08-01,188,89
15106,1-89-BORROWERS BEDAZZLED,2005-08-22,2005-08-27,155,89
2312,2-89-BORROWERS BEDAZZLED,2005-06-18,2005-06-24,184,89
5391,2-89-BORROWERS BEDAZZLED,2005-07-09,2005-07-18,132,89
9132,2-89-BORROWERS BEDAZZLED,2005-07-30,2005-08-02,159,89
14285,2-89-BORROWERS BEDAZZLED,2005-08-21,2005-08-28,249,89
4447,2-89-BORROWERS BEDAZZLED,2005-07-07,2005-07-14,549,89
8199,2-89-BORROWERS BEDAZZLED,2005-07-28,2005-08-04,471,89
15909,2-89-BORROWERS BEDAZZLED,2005-08-23,2005-08-26,452,89
5629,1-89-BORROWERS BEDAZZLED,2005-07-10,2005-07-16,546,89
7514,1-89-BORROWERS BEDAZZLED,2005-07-27,2005-07-29,44,89
15406,1-89-BORROWERS BEDAZZLED,2005-08-22,2005-08-28,227,89
7473,1-89-BORROWERS BEDAZZLED,2005-07-27,2005-08-05,341,89
13826,1-89-BORROWERS BEDAZZLED,2005-08-20,2005-08-29,436,89
38,1-557-MANCHURIAN CURTAIN,2005-05-25,2005-06-01,302,557
2534,1-557-MANCHURIAN CURTAIN,2005-06-19,2005-06-23,517,557
3869,1-557-MANCHURIAN CURTAIN,2005-07-06,2005-07-10,183,557
9944,1-557-MANCHURIAN CURTAIN,2005-07-31,2005-08-08,241,557
12842,1-557-MANCHURIAN CURTAIN,2005-08-19,2005-08-28,119,557
5189,1-557-MANCHURIAN CURTAIN,2005-07-09,2005-07-14,113,557
9527,1-557-MANCHURIAN CURTAIN,2005-07-31,2005-08-09,200,557
16010,1-557-MANCHURIAN CURTAIN,2005-08-23,2005-08-25,173,557
6755,2-557-MANCHURIAN CURTAIN,2005-07-12,2005-07-21,126,557
10686,2-557-MANCHURIAN CURTAIN,2005-08-01,2005-08-03,150,557
13857,2-557-MANCHURIAN CURTAIN,2005-08-20,2005-08-24,366,557
7545,2-557-MANCHURIAN CURTAIN,2005-07-27,2005-08-01,292,557
14773,2-557-MANCHURIAN CURTAIN,2005-08-21,2005-08-26,413,557
8296,2-557-MANCHURIAN CURTAIN,2005-07-29,2005-08-01,88,557
12432,2-557-MANCHURIAN CURTAIN,2005-08-18,2005-08-26,263,557
39,1-976-WIND PHANTOM,2005-05-25,2005-05-31,207,976
1863,1-976-WIND PHANTOM,2005-06-17,2005-06-26,550,976
4467,1-976-WIND PHANTOM,2005-07-08,2005-07-09,339,976
7736,1-976-WIND PHANTOM,2005-07-28,2005-08-05,205,976
11943,1-976-WIND PHANTOM,2005-08-17,2005-08-26,69,976
597,2-976-WIND PHANTOM,2005-05-28,2005-06-06,249,976
2509,2-976-WIND PHANTOM,2005-06-18,2005-06-20,213,976
5365,2-976-WIND PHANTOM,2005-07-09,2005-07-11,527,976
10564,2-976-WIND PHANTOM,2005-08-01,2005-08-06,387,976
14680,2-976-WIND PHANTOM,2005-08-21,2005-08-28,524,976
1278,2-976-WIND PHANTOM,2005-06-15,2005-06-17,191,976
4544,2-976-WIND PHANTOM,2005-07-08,2005-07-09,351,976
7953,2-976-WIND PHANTOM,2005-07-28,2005-08-05,319,976
14157,2-976-WIND PHANTOM,2005-08-21,2005-08-24,128,976
4942,1-976-WIND PHANTOM,2005-07-08,2005-07-15,120,976
9142,1-976-WIND PHANTOM,2005-07-30,2005-08-04,486,976
12582,1-976-WIND PHANTOM,2005-08-18,2005-08-20,462,976
5512,2-976-WIND PHANTOM,2005-07-10,2005-07-17,405,976
11207,2-976-WIND PHANTOM,2005-08-02,2005-08-05,481,976
11502,2-976-WIND PHANTOM,2005-08-16,2005-08-19,11,976
6779,2-976-WIND PHANTOM,2005-07-12,2005-07-17,404,976
8498,2-976-WIND PHANTOM,2005-07-29,2005-08-04,190,976
15501,2-976-WIND PHANTOM,2005-08-23,2005-08-25,138,976
40,1-579-MINDS TRUMAN,2005-05-25,2005-05-27,413,579
2939,1-579-MINDS TRUMAN,2005-06-20,2005-06-26,203,579
4980,1-579-MINDS TRUMAN,2005-07-09,2005-07-14,100,579
8731,1-579-MINDS TRUMAN,2005-07-29,2005-08-05,179,579
13940,1-579-MINDS TRUMAN,2005-08-20,2005-08-27,187,579
4661,1-579-MINDS TRUMAN,2005-07-08,2005-07-11,518,579
11134,1-579-MINDS TRUMAN,2005-08-02,2005-08-11,372,579
15155,1-579-MINDS TRUMAN,2005-08-22,2005-08-23,43,579
5914,1-579-MINDS TRUMAN,2005-07-10,2005-07-16,372,579
10615,1-579-MINDS TRUMAN,2005-08-01,2005-08-02,34,579
11824,1-579-MINDS TRUMAN,2005-08-17,2005-08-19,1,579
6923,2-579-MINDS TRUMAN,2005-07-12,2005-07-19,490,579
7934,2-579-MINDS TRUMAN,2005-07-28,2005-08-04,332,579
11635,2-579-MINDS TRUMAN,2005-08-17,2005-08-21,98,579
9288,1-579-MINDS TRUMAN,2005-07-30,2005-08-04,447,579
14273,1-579-MINDS TRUMAN,2005-08-21,2005-08-30,388,579
10112,2-579-MINDS TRUMAN,2005-07-31,2005-08-01,198,579
13783,2-579-MINDS TRUMAN,2005-08-20,2005-08-21,28,579
11357,2-579-MINDS TRUMAN,2005-08-02,2005-08-11,148,579
13650,2-579-MINDS TRUMAN,2005-08-20,2005-08-28,322,579
41,2-382-GRIT CLOCKWORK,2005-05-25,2005-06-02,174,382
2754,2-382-GRIT CLOCKWORK,2005-06-19,2005-06-26,267,382
4152,2-382-GRIT CLOCKWORK,2005-07-07,2005-07-14,89,382
7332,2-382-GRIT CLOCKWORK,2005-07-27,2005-08-02,151,382
14311,2-382-GRIT CLOCKWORK,2005-08-21,2005-08-27,69,382
169,1-382-GRIT CLOCKWORK,2005-05-26,2005-05-27,381,382
3172,1-382-GRIT CLOCKWORK,2005-06-20,2005-06-24,31,382
6805,1-382-GRIT CLOCKWORK,2005-07-12,2005-07-21,262,382
6983,1-382-GRIT CLOCKWORK,2005-07-27,2005-08-01,443,382
15785,1-382-GRIT CLOCKWORK,2005-08-23,2005-08-27,543,382
445,1-382-GRIT CLOCKWORK,2005-05-27,2005-05-30,293,382
3438,1-382-GRIT CLOCKWORK,2005-06-21,2005-06-30,556,382
4555,1-382-GRIT CLOCKWORK,2005-07-08,2005-07-17,68,382
8098,1-382-GRIT CLOCKWORK,2005-07-28,2005-07-31,41,382
14414,1-382-GRIT CLOCKWORK,2005-08-21,2005-08-23,515,382
1132,2-382-GRIT CLOCKWORK,2005-05-31,2005-06-07,198,382
2261,2-382-GRIT CLOCKWORK,2005-06-18,2005-06-24,570,382
5761,2-382-GRIT CLOCKWORK,2005-07-10,2005-07-13,287,382
7925,2-382-GRIT CLOCKWORK,2005-07-28,2005-08-02,500,382
15265,2-382-GRIT CLOCKWORK,2005-08-22,2005-08-28,512,382
1296,1-382-GRIT CLOCKWORK,2005-06-15,2005-06-19,200,382
4509,1-382-GRIT CLOCKWORK,2005-07-08,2005-07-14,230,382
7683,1-382-GRIT CLOCKWORK,2005-07-28,2005-08-04,73,382
11644,1-382-GRIT CLOCKWORK,2005-08-17,2005-08-24,438,382
1890,2-382-GRIT CLOCKWORK,2005-06-17,2005-06-22,447,382
4478,2-382-GRIT CLOCKWORK,2005-07-08,2005-07-11,357,382
8017,2-382-GRIT CLOCKWORK,2005-07-28,2005-08-01,328,382
12189,2-382-GRIT CLOCKWORK,2005-08-18,2005-08-26,363,382
8486,1-382-GRIT CLOCKWORK,2005-07-29,2005-08-01,221,382
12427,1-382-GRIT CLOCKWORK,2005-08-18,2005-08-27,333,382
11326,2-382-GRIT CLOCKWORK,2005-08-02,2005-08-03,530,382
13148,2-382-GRIT CLOCKWORK,2005-08-19,2005-08-21,137,382
42,1-84-BOILED DARES,2005-05-25,2005-05-31,523,84
2694,1-84-BOILED DARES,2005-06-19,2005-06-24,368,84
5239,1-84-BOILED DARES,2005-07-09,2005-07-10,497,84
8832,1-84-BOILED DARES,2005-07-29,2005-08-04,125,84
13293,1-84-BOILED DARES,2005-08-19,2005-08-23,399,84
793,1-84-BOILED DARES,2005-05-29,2005-06-06,528,84
1271,1-84-BOILED DARES,2005-06-15,2005-06-21,560,84
3962,1-84-BOILED DARES,2005-07-06,2005-07-15,307,84
11215,1-84-BOILED DARES,2005-08-02,2005-08-06,197,84
13785,1-84-BOILED DARES,2005-08-20,2005-08-21,453,84
3941,1-84-BOILED DARES,2005-07-06,2005-07-09,560,84
10798,1-84-BOILED DARES,2005-08-01,2005-08-08,141,84
14213,1-84-BOILED DARES,2005-08-21,2005-08-24,511,84
8643,1-84-BOILED DARES,2005-07-29,2005-08-04,59,84
13473,1-84-BOILED DARES,2005-08-20,2005-08-22,390,84
43,2-564-MASSAGE IMAGE,2005-05-25,2005-05-26,532,564
2853,2-564-MASSAGE IMAGE,2005-06-19,2005-06-28,453,564
4978,2-564-MASSAGE IMAGE,2005-07-09,2005-07-18,279,564
7726,2-564-MASSAGE IMAGE,2005-07-28,2005-08-04,219,564
14487,2-564-MASSAGE IMAGE,2005-08-21,2005-08-29,526,564
1924,2-564-MASSAGE IMAGE,2005-06-17,2005-06-18,86,564
5220,2-564-MASSAGE IMAGE,2005-07-09,2005-07-15,435,564
10867,2-564-MASSAGE IMAGE,2005-08-02,2005-08-05,473,564
11865,2-564-MASSAGE IMAGE,2005-08-17,2005-08-19,345,564
6402,2-564-MASSAGE IMAGE,2005-07-11,2005-07-16,66,564
7877,2-564-MASSAGE IMAGE,2005-07-28,2005-08-05,65,564
11634,2-564-MASSAGE IMAGE,2005-08-17,2005-08-21,206,564
44,1-681-PIRATES ROXANNE,2005-05-25,2005-05-29,207,681
1567,1-681-PIRATES ROXANNE,2005-06-16,2005-06-21,320,681
3544,1-681-PIRATES ROXANNE,2005-07-06,2005-07-09,115,681
9121,1-681-PIRATES ROXANNE,2005-07-30,2005-08-05,150,681
15996,1-681-PIRATES ROXANNE,2005-08-23,2005-08-29,151,681
2042,2-681-PIRATES ROXANNE,2005-06-17,2005-06-18,84,681
6870,2-681-PIRATES ROXANNE,2005-07-12,2005-07-16,13,681
10357,2-681-PIRATES ROXANNE,2005-08-01,2005-08-04,475,681
15146,2-681-PIRATES ROXANNE,2005-08-22,2005-08-28,72,681
3042,2-681-PIRATES ROXANNE,2005-06-20,2005-06-26,291,681
6272,2-681-PIRATES ROXANNE,2005-07-11,2005-07-15,240,681
10379,2-681-PIRATES ROXANNE,2005-08-01,2005-08-06,141,681
12646,2-681-PIRATES ROXANNE,2005-08-18,2005-08-24,388,681
6418,2-681-PIRATES ROXANNE,2005-07-11,2005-07-16,185,681
7283,2-681-PIRATES ROXANNE,2005-07-27,2005-08-05,508,681
11784,2-681-PIRATES ROXANNE,2005-08-17,2005-08-19,297,681
6464,1-681-PIRATES ROXANNE,2005-07-12,2005-07-20,303,681
8819,1-681-PIRATES ROXANNE,2005-07-29,2005-08-06,591,681
14060,1-681-PIRATES ROXANNE,2006-02-14,,175,681
9515,1-681-PIRATES ROXANNE,2005-07-31,2005-08-02,264,681
12601,1-681-PIRATES ROXANNE,2005-08-18,2005-08-24,598,681
45,2-403-HARRY IDAHO,2005-05-25,2005-06-02,436,403
1860,2-403-HARRY IDAHO,2005-06-17,2005-06-21,293,403
3964,2-403-HARRY IDAHO,2005-07-06,2005-07-07,30,403
10850,2-403-HARRY IDAHO,2005-08-01,2005-08-10,199,403
11781,2-403-HARRY IDAHO,2005-08-17,2005-08-21,506,403
494,1-403-HARRY IDAHO,2005-05-28,2005-06-02,64,403
3166,1-403-HARRY IDAHO,2005-06-20,2005-06-27,424,403
3499,1-403-HARRY IDAHO,2005-07-06,2005-07-14,520,403
9973,1-403-HARRY IDAHO,2005-07-31,2005-08-03,369,403
15842,1-403-HARRY IDAHO,2005-08-23,2005-08-30,146,403
1678,2-403-HARRY IDAHO,2005-06-16,2005-06-19,352,403
4991,2-403-HARRY IDAHO,2005-07-09,2005-07-13,540,403
9961,2-403-HARRY IDAHO,2005-07-31,2005-08-07,40,403
14709,2-403-HARRY IDAHO,2005-08-21,2005-08-31,300,403
2302,1-403-HARRY IDAHO,2005-06-18,2005-06-22,42,403
6351,1-403-HARRY IDAHO,2005-07-11,2005-07-18,507,403
9069,1-403-HARRY IDAHO,2005-07-30,2005-08-02,258,403
15692,1-403-HARRY IDAHO,2005-08-23,2005-08-24,503,403
2413,1-403-HARRY IDAHO,2005-06-18,2005-06-27,170,403
6342,1-403-HARRY IDAHO,2005-07-11,2005-07-13,403,403
7992,1-403-HARRY IDAHO,2005-07-28,2005-07-29,33,403
13468,1-403-HARRY IDAHO,2005-08-20,2005-08-29,266,403
4233,1-403-HARRY IDAHO,2005-07-07,2005-07-13,488,403
7539,1-403-HARRY IDAHO,2005-07-27,2005-08-06,423,403
13246,1-403-HARRY IDAHO,2006-02-14,,411,403
4824,2-403-HARRY IDAHO,2005-07-08,2005-07-16,225,403
7297,2-403-HARRY IDAHO,2005-07-27,2005-07-29,135,403
12422,2-403-HARRY IDAHO,2005-08-18,2005-08-20,451,403
6946,2-403-HARRY IDAHO,2005-07-26,2005-08-04,181,403
12980,2-403-HARRY IDAHO,2005-08-19,2005-08-26,144,403
46,1-730-RIDGEMONT SUBMARINE,2005-05-25,2005-06-02,7,730
3224,1-730-RIDGEMONT SUBMARINE,2005-06-21,2005-06-23,173,730
4016,1-730-RIDGEMONT SUBMARINE,2005-07-07,2005-07-09,335,730
10803,1-730-RIDGEMONT SUBMARINE,2005-08-01,2005-08-08,46,730
15983,1-730-RIDGEMONT SUBMARINE,2005-08-23,2005-08-30,464,730
540,2-730-RIDGEMONT SUBMARINE,2005-05-28,2005-06-06,119,730
2873,2-730-RIDGEMONT SUBMARINE,2005-06-20,2005-06-25,160,730
5121,2-730-RIDGEMONT SUBMARINE,2005-07-09,2005-07-15,526,730
11161,2-730-RIDGEMONT SUBMARINE,2005-08-02,2005-08-06,503,730
14608,2-730-RIDGEMONT SUBMARINE,2005-08-21,2005-08-25,90,730
772,2-730-RIDGEMONT SUBMARINE,2005-05-29,2005-06-06,556,730
1878,2-730-RIDGEMONT SUBMARINE,2005-06-17,2005-06-21,381,730
6283,2-730-RIDGEMONT SUBMARINE,2005-07-11,2005-07-17,402,730
9715,2-730-RIDGEMONT SUBMARINE,2005-07-31,2005-08-04,237,730
13122,2-730-RIDGEMONT SUBMARINE,2005-08-19,2005-08-26,277,730
907,2-730-RIDGEMONT SUBMARINE,2005-05-30,2005-06-02,506,730
2574,2-730-RIDGEMONT SUBMARINE,2005-06-19,2005-06-20,143,730
4466,2-730-RIDGEMONT SUBMARINE,2005-07-08,2005-07-17,304,730
9734,2-730-RIDGEMONT SUBMARINE,2005-07-31,2005-08-05,125,730
15326,2-730-RIDGEMONT SUBMARINE,2006-02-14,,58,730
1575,1-730-RIDGEMONT SUBMARINE,2005-06-16,2005-06-22,6,730
4670,1-730-RIDGEMONT SUBMARINE,2005-07-08,2005-07-16,153,730
9597,1-730-RIDGEMONT SUBMARINE,2005-07-31,2005-08-09,61,730
11553,1-730-RIDGEMONT SUBMARINE,2005-08-17,2005-08-24,360,730
6600,1-730-RIDGEMONT SUBMARINE,2005-07-12,2005-07-18,389,730
9006,1-730-RIDGEMONT SUBMARINE,2005-07-30,2005-07-31,49,730
14738,1-730-RIDGEMONT SUBMARINE,2005-08-21,2005-08-29,521,730
6921,2-730-RIDGEMONT SUBMARINE,2005-07-12,2005-07-21,265,730
10823,2-730-RIDGEMONT SUBMARINE,2005-08-01,2005-08-08,405,730
16014,2-730-RIDGEMONT SUBMARINE,2005-08-23,2005-08-31,532,730
9857,1-730-RIDGEMONT SUBMARINE,2005-07-31,2005-08-09,168,730
14960,1-730-RIDGEMONT SUBMARINE,2005-08-22,2005-08-29,147,730
47,2-478-JAWS HARRY,2005-05-25,2005-05-30,35,478
3145,2-478-JAWS HARRY,2005-06-20,2005-06-22,144,478
3559,2-478-JAWS HARRY,2005-07-06,2005-07-12,483,478
8216,2-478-JAWS HARRY,2005-07-28,2005-08-06,254,478
14444,2-478-JAWS HARRY,2005-08-21,2005-08-28,225,478
6122,2-478-JAWS HARRY,2005-07-11,2005-07-16,32,478
11132,2-478-JAWS HARRY,2005-08-02,2005-08-08,398,478
11554,2-478-JAWS HARRY,2005-08-17,2005-08-20,460,478
9093,1-478-JAWS HARRY,2005-07-30,2005-08-04,96,478
11985,1-478-JAWS HARRY,2005-08-17,2005-08-18,198,478
9378,1-478-JAWS HARRY,2005-07-30,2005-08-05,197,478
14189,1-478-JAWS HARRY,2005-08-21,2005-08-22,127,478
11281,2-478-JAWS HARRY,2005-08-02,2005-08-07,137,478
13168,2-478-JAWS HARRY,2005-08-19,2005-08-27,186,478
48,1-387-GUN BONNIE,2005-05-25,2005-06-02,282,387
1501,1-387-GUN BONNIE,2005-06-15,2005-06-23,148,387
5453,1-387-GUN BONNIE,2005-07-09,2005-07-19,106,387
11222,1-387-GUN BONNIE,2005-08-02,2005-08-11,407,387
15277,1-387-GUN BONNIE,2005-08-22,2005-08-31,217,387
423,2-387-GUN BONNIE,2005-05-27,2005-06-02,284,387
2814,2-387-GUN BONNIE,2005-06-19,2005-06-26,10,387
5622,2-387-GUN BONNIE,2005-07-10,2005-07-15,568,387
7148,2-387-GUN BONNIE,2005-07-27,2005-08-03,354,387
13089,2-387-GUN BONNIE,2005-08-19,2005-08-24,63,387
649,2-387-GUN BONNIE,2005-05-28,2005-06-05,197,387
1587,2-387-GUN BONNIE,2005-06-16,2005-06-23,62,387
5537,2-387-GUN BONNIE,2005-07-10,2005-07-13,254,387
7861,2-387-GUN BONNIE,2005-07-28,2005-08-06,208,387
12224,2-387-GUN BONNIE,2005-08-18,2005-08-19,372,387
2491,1-387-GUN BONNIE,2005-06-18,2005-06-26,316,387
6001,1-387-GUN BONNIE,2005-07-11,2005-07-11,45,387
11408,1-387-GUN BONNIE,2005-08-02,2005-08-06,83,387
11970,1-387-GUN BONNIE,2005-08-17,2005-08-24,21,387
3624,1-387-GUN BONNIE,2005-07-06,2005-07-13,115,387
8571,1-387-GUN BONNIE,2005-07-29,2005-08-03,407,387
12014,1-387-GUN BONNIE,2005-08-17,2005-08-23,554,387
6848,2-387-GUN BONNIE,2005-07-12,2005-07-14,433,387
9853,2-387-GUN BONNIE,2005-07-31,2005-08-04,221,387
14874,2-387-GUN BONNIE,2005-08-22,2005-08-24,268,387
49,1-650-PACIFIC AMISTAD,2005-05-25,2005-05-30,498,650
2710,1-650-PACIFIC AMISTAD,2005-06-19,2005-06-21,446,650
5586,1-650-PACIFIC AMISTAD,2005-07-10,2005-07-18,427,650
9578,1-650-PACIFIC AMISTAD,2005-07-31,2005-08-02,115,650
13890,1-650-PACIFIC AMISTAD,2005-08-20,2005-08-22,54,650
253,2-650-PACIFIC AMISTAD,2005-05-26,2005-05-27,416,650
2014,2-650-PACIFIC AMISTAD,2005-06-17,2005-06-25,337,650
6176,2-650-PACIFIC AMISTAD,2005-07-11,2005-07-12,279,650
10121,2-650-PACIFIC AMISTAD,2005-07-31,2005-08-03,425,650
14662,2-650-PACIFIC AMISTAD,2005-08-21,2005-08-23,403,650
544,1-650-PACIFIC AMISTAD,2005-05-28,2005-06-06,311,650
3205,1-650-PACIFIC AMISTAD,2005-06-21,2005-06-21,31,650
5605,1-650-PACIFIC AMISTAD,2005-07-10,2005-07-15,273,650
7458,1-650-PACIFIC AMISTAD,2005-07-27,2005-07-31,327,650
12805,1-650-PACIFIC AMISTAD,2005-08-19,2005-08-26,345,650
662,2-650-PACIFIC AMISTAD,2005-05-28,2005-06-01,166,650
3383,2-650-PACIFIC AMISTAD,2005-06-21,2005-06-29,239,650
5444,2-650-PACIFIC AMISTAD,2005-07-09,2005-07-11,10,650
11335,2-650-PACIFIC AMISTAD,2005-08-02,2005-08-09,157,650
15494,2-650-PACIFIC AMISTAD,2005-08-23,2005-08-27,455,650
9587,2-650-PACIFIC AMISTAD,2005-07-31,2005-08-06,235,650
15267,2-650-PACIFIC AMISTAD,2005-08-22,2005-08-24,153,650
10869,2-650-PACIFIC AMISTAD,2005-08-02,2005-08-04,568,650
15006,2-650-PACIFIC AMISTAD,2005-08-22,2005-08-23,97,650
50,2-432-HOPE TOOTSIE,2005-05-25,2005-05-28,18,432
2198,2-432-HOPE TOOTSIE,2005-06-18,2005-06-26,109,432
4277,2-432-HOPE TOOTSIE,2005-07-07,2005-07-09,106,432
9405,2-432-HOPE TOOTSIE,2005-07-30,2005-08-08,463,432
15096,2-432-HOPE TOOTSIE,2005-08-22,2005-08-29,33,432
1974,1-432-HOPE TOOTSIE,2005-06-17,2005-06-21,111,432
4175,1-432-HOPE TOOTSIE,2005-07-07,2005-07-10,8,432
10060,1-432-HOPE TOOTSIE,2005-07-31,2005-08-08,42,432
13529,1-432-HOPE TOOTSIE,2005-08-20,2005-08-21,193,432
3176,2-432-HOPE TOOTSIE,2005-06-20,2005-06-25,371,432
5803,2-432-HOPE TOOTSIE,2005-07-10,2005-07-15,244,432
9018,2-432-HOPE TOOTSIE,2005-07-30,2005-08-07,218,432
14810,2-432-HOPE TOOTSIE,2005-08-22,2005-08-25,78,432
5824,1-432-HOPE TOOTSIE,2005-07-10,2005-07-12,449,432
10550,1-432-HOPE TOOTSIE,2005-08-01,2005-08-05,129,432
11787,1-432-HOPE TOOTSIE,2005-08-17,2005-08-19,195,432
7754,1-432-HOPE TOOTSIE,2005-07-28,2005-07-29,138,432
14785,1-432-HOPE TOOTSIE,2005-08-22,2005-08-25,560,432
51,1-278-ELF MURDER,2005-05-25,2005-05-26,256,278
2143,1-278-ELF MURDER,2005-06-17,2005-06-19,507,278
6588,1-278-ELF MURDER,2005-07-12,2005-07-16,420,278
6924,1-278-ELF MURDER,2005-07-26,2005-08-03,502,278
14323,1-278-ELF MURDER,2005-08-21,2005-08-25,97,278
7608,1-278-ELF MURDER,2005-07-28,2005-07-28,167,278
13181,1-278-ELF MURDER,2005-08-19,2005-08-24,128,278
52,1-875-TALENTED HOMICIDE,2005-05-25,2005-05-31,507,875
3182,1-875-TALENTED HOMICIDE,2005-06-20,2005-06-21,15,875
6377,1-875-TALENTED HOMICIDE,2005-07-11,2005-07-15,118,875
9158,1-875-TALENTED HOMICIDE,2005-07-30,2005-08-02,16,875
14841,1-875-TALENTED HOMICIDE,2005-08-22,2005-08-28,384,875
342,2-875-TALENTED HOMICIDE,2005-05-27,2005-05-29,539,875
1666,2-875-TALENTED HOMICIDE,2005-06-16,2005-06-21,557,875
3629,2-875-TALENTED HOMICIDE,2005-07-06,2005-07-08,441,875
9817,2-875-TALENTED HOMICIDE,2005-07-31,2005-08-08,170,875
12025,2-875-TALENTED HOMICIDE,2005-08-17,2005-08-23,209,875
573,2-875-TALENTED HOMICIDE,2005-05-28,2005-06-03,1,875
3207,2-875-TALENTED HOMICIDE,2005-06-21,2005-06-24,86,875
3899,2-875-TALENTED HOMICIDE,2005-07-06,2005-07-13,485,875
11070,2-875-TALENTED HOMICIDE,2005-08-02,2005-08-03,298,875
11566,2-875-TALENTED HOMICIDE,2005-08-17,2005-08-20,520,875
879,2-875-TALENTED HOMICIDE,2005-05-30,2005-06-05,482,875
1167,2-875-TALENTED HOMICIDE,2005-06-14,2005-06-18,323,875
4161,2-875-TALENTED HOMICIDE,2005-07-07,2005-07-15,216,875
9256,2-875-TALENTED HOMICIDE,2005-07-30,2005-08-05,19,875
11873,2-875-TALENTED HOMICIDE,2005-08-17,2005-08-18,554,875
1834,2-875-TALENTED HOMICIDE,2005-06-16,2005-06-22,189,875
5673,2-875-TALENTED HOMICIDE,2005-07-10,2005-07-11,117,875
8056,2-875-TALENTED HOMICIDE,2005-07-28,2005-08-03,589,875
11745,2-875-TALENTED HOMICIDE,2005-08-17,2005-08-26,240,875
5850,1-875-TALENTED HOMICIDE,2005-07-10,2005-07-15,531,875
11260,1-875-TALENTED HOMICIDE,2005-08-02,2005-08-06,207,875
15529,1-875-TALENTED HOMICIDE,2005-08-23,2005-08-24,19,875
10926,1-875-TALENTED HOMICIDE,2005-08-02,2005-08-09,460,875
12388,1-875-TALENTED HOMICIDE,2005-08-18,2005-08-26,555,875
53,1-277-ELEPHANT TROJAN,2005-05-25,2005-05-27,569,277
2419,1-277-ELEPHANT TROJAN,2005-06-18,2005-06-26,102,277
6780,1-277-ELEPHANT TROJAN,2005-07-12,2005-07-13,121,277
9733,1-277-ELEPHANT TROJAN,2005-07-31,2005-08-04,575,277
630,1-277-ELEPHANT TROJAN,2005-05-28,2005-06-05,417,277
2243,1-277-ELEPHANT TROJAN,2005-06-18,2005-06-23,328,277
6279,1-277-ELEPHANT TROJAN,2005-07-11,2005-07-17,49,277
9818,1-277-ELEPHANT TROJAN,2005-07-31,2005-08-04,183,277
14471,1-277-ELEPHANT TROJAN,2005-08-21,2005-08-26,395,277
1038,1-277-ELEPHANT TROJAN,2005-05-31,2005-06-02,385,277
2745,1-277-ELEPHANT TROJAN,2005-06-19,2005-06-21,26,277
6819,1-277-ELEPHANT TROJAN,2005-07-12,2005-07-13,198,277
11274,1-277-ELEPHANT TROJAN,2005-08-02,2005-08-11,70,277
15198,1-277-ELEPHANT TROJAN,2005-08-22,2005-08-29,396,277
54,1-611-MUSKETEERS WAIT,2005-05-25,2005-06-01,291,611
2902,1-611-MUSKETEERS WAIT,2005-06-20,2005-06-26,304,611
4768,1-611-MUSKETEERS WAIT,2005-07-08,2005-07-09,482,611
9486,1-611-MUSKETEERS WAIT,2005-07-30,2005-08-09,403,611
1185,1-611-MUSKETEERS WAIT,2005-06-15,2005-06-23,1,611
4523,1-611-MUSKETEERS WAIT,2005-07-08,2005-07-17,347,611
10184,1-611-MUSKETEERS WAIT,2005-08-01,2005-08-05,77,611
14151,1-611-MUSKETEERS WAIT,2005-08-21,2005-08-30,426,611
3725,2-611-MUSKETEERS WAIT,2005-07-06,2005-07-09,126,611
10971,2-611-MUSKETEERS WAIT,2005-08-02,2005-08-09,383,611
13210,2-611-MUSKETEERS WAIT,2005-08-19,2005-08-21,487,611
5095,2-611-MUSKETEERS WAIT,2005-07-09,2005-07-11,292,611
7181,2-611-MUSKETEERS WAIT,2005-07-27,2005-07-28,130,611
13812,2-611-MUSKETEERS WAIT,2005-08-20,2005-08-22,122,611
8483,1-611-MUSKETEERS WAIT,2005-07-29,2005-08-03,186,611
8555,1-611-MUSKETEERS WAIT,2005-07-29,2005-07-30,18,611
12476,1-611-MUSKETEERS WAIT,2005-08-18,2005-08-20,122,611
55,2-252-DREAM PICKUP,2005-05-25,2005-05-30,131,252
1968,2-252-DREAM PICKUP,2005-06-17,2005-06-18,246,252
4605,2-252-DREAM PICKUP,2005-07-08,2005-07-16,523,252
9478,2-252-DREAM PICKUP,2005-07-30,2005-08-04,283,252
14851,2-252-DREAM PICKUP,2005-08-22,2005-08-26,180,252
1111,1-252-DREAM PICKUP,2005-05-31,2005-06-08,300,252
2204,1-252-DREAM PICKUP,2005-06-18,2005-06-24,426,252
6553,1-252-DREAM PICKUP,2005-07-12,2005-07-21,265,252
9847,1-252-DREAM PICKUP,2005-07-31,2005-08-04,174,252
14354,1-252-DREAM PICKUP,2005-08-21,2005-08-30,382,252
1198,1-252-DREAM PICKUP,2005-06-15,2005-06-20,491,252
4081,1-252-DREAM PICKUP,2005-07-07,2005-07-12,284,252
8852,1-252-DREAM PICKUP,2005-07-29,2005-08-05,42,252
13732,1-252-DREAM PICKUP,2005-08-20,2005-08-22,17,252
1508,2-252-DREAM PICKUP,2005-06-15,2005-06-18,511,252
4246,2-252-DREAM PICKUP,2005-07-07,2005-07-09,411,252
9633,2-252-DREAM PICKUP,2005-07-31,2005-08-06,334,252
12063,2-252-DREAM PICKUP,2005-08-17,2005-08-23,550,252
8877,2-252-DREAM PICKUP,2005-07-30,2005-07-31,417,252
13900,2-252-DREAM PICKUP,2005-08-20,2005-08-22,66,252
9483,1-252-DREAM PICKUP,2005-07-30,2005-08-09,593,252
11809,1-252-DREAM PICKUP,2005-08-17,2005-08-24,305,252
56,2-298-EYES DRIVING,2005-05-25,2005-05-26,511,298
1643,2-298-EYES DRIVING,2005-06-16,2005-06-21,484,298
6323,2-298-EYES DRIVING,2005-07-11,2005-07-14,346,298
9272,2-298-EYES DRIVING,2005-07-30,2005-08-05,553,298
12260,2-298-EYES DRIVING,2005-08-18,2005-08-26,150,298
553,1-298-EYES DRIVING,2005-05-28,2005-06-02,176,298
2983,1-298-EYES DRIVING,2005-06-20,2005-06-29,322,298
5649,1-298-EYES DRIVING,2005-07-10,2005-07-12,336,298
10882,1-298-EYES DRIVING,2005-08-02,2005-08-09,54,298
12163,1-298-EYES DRIVING,2005-08-18,2005-08-22,455,298
2327,2-298-EYES DRIVING,2005-06-18,2005-06-20,571,298
4745,2-298-EYES DRIVING,2005-07-08,2005-07-12,354,298
10147,2-298-EYES DRIVING,2005-07-31,2005-08-02,198,298
14731,2-298-EYES DRIVING,2005-08-21,2005-08-24,154,298
6511,1-298-EYES DRIVING,2005-07-12,2005-07-17,322,298
7281,1-298-EYES DRIVING,2005-07-27,2005-08-04,491,298
14588,1-298-EYES DRIVING,2005-08-21,2005-08-28,219,298
7157,2-298-EYES DRIVING,2005-07-27,2005-08-02,423,298
13500,2-298-EYES DRIVING,2005-08-20,2005-08-25,577,298
57,2-858-SUBMARINE BED,2005-05-25,2005-05-29,6,858
2676,2-858-SUBMARINE BED,2005-06-19,2005-06-24,477,858
5029,2-858-SUBMARINE BED,2005-07-09,2005-07-17,265,858
11224,2-858-SUBMARINE BED,2005-08-02,2005-08-04,181,858
12942,2-858-SUBMARINE BED,2005-08-19,2005-08-27,103,858
2662,2-858-SUBMARINE BED,2005-06-19,2005-06-20,68,858
6026,2-858-SUBMARINE BED,2005-07-11,2005-07-13,409,858
7973,2-858-SUBMARINE BED,2005-07-28,2005-07-29,339,858
13998,2-858-SUBMARINE BED,2005-08-20,2005-08-26,530,858
3095,2-858-SUBMARINE BED,2005-06-20,2005-06-22,298,858
6655,2-858-SUBMARINE BED,2005-07-12,2005-07-15,100,858
10667,2-858-SUBMARINE BED,2005-08-01,2005-08-10,340,858
14393,2-858-SUBMARINE BED,2005-08-21,2005-08-29,368,858
8841,2-858-SUBMARINE BED,2005-07-29,2005-08-01,363,858
13864,2-858-SUBMARINE BED,2005-08-20,2005-08-22,214,858
59,2-633-OCTOBER SUBMARINE,2005-05-25,2005-06-01,408,633
3342,2-633-OCTOBER SUBMARINE,2005-06-21,2005-06-23,196,633
5435,2-633-OCTOBER SUBMARINE,2005-07-09,2005-07-18,273,633
9291,2-633-OCTOBER SUBMARINE,2005-07-30,2005-08-05,406,633
15938,2-633-OCTOBER SUBMARINE,2005-08-23,2005-08-31,341,633
2857,2-633-OCTOBER SUBMARINE,2005-06-19,2005-06-25,364,633
3727,2-633-OCTOBER SUBMARINE,2005-07-06,2005-07-07,57,633
8706,2-633-OCTOBER SUBMARINE,2005-07-29,2005-08-03,515,633
15524,2-633-OCTOBER SUBMARINE,2005-08-23,2005-08-26,68,633
10928,2-633-OCTOBER SUBMARINE,2005-08-02,2005-08-07,211,633
13102,2-633-OCTOBER SUBMARINE,2005-08-19,2005-08-28,285,633
60,2-73-BINGO TALENTED,2005-05-25,2005-05-30,470,73
1260,2-73-BINGO TALENTED,2005-06-15,2005-06-16,586,73
3618,2-73-BINGO TALENTED,2005-07-06,2005-07-15,264,73
11484,2-73-BINGO TALENTED,2005-08-02,2005-08-04,165,73
12543,2-73-BINGO TALENTED,2005-08-18,2005-08-20,324,73
139,1-73-BINGO TALENTED,2005-05-25,2005-05-29,257,73
3029,1-73-BINGO TALENTED,2005-06-20,2005-06-25,317,73
5947,1-73-BINGO TALENTED,2005-07-10,2005-07-18,331,73
8844,1-73-BINGO TALENTED,2005-07-29,2005-08-06,244,73
11576,1-73-BINGO TALENTED,2005-08-17,2005-08-19,293,73
655,2-73-BINGO TALENTED,2005-05-28,2005-05-31,287,73
2874,2-73-BINGO TALENTED,2005-06-20,2005-06-28,166,73
5798,2-73-BINGO TALENTED,2005-07-10,2005-07-16,107,73
8118,2-73-BINGO TALENTED,2005-07-28,2005-08-01,566,73
12635,2-73-BINGO TALENTED,2005-08-18,2005-08-23,15,73
2146,1-73-BINGO TALENTED,2005-06-17,2005-06-26,456,73
5774,1-73-BINGO TALENTED,2005-07-10,2005-07-18,113,73
8799,1-73-BINGO TALENTED,2005-07-29,2005-08-07,237,73
15027,1-73-BINGO TALENTED,2005-08-22,2005-08-29,478,73
4198,2-73-BINGO TALENTED,2005-07-07,2005-07-16,247,73
9125,2-73-BINGO TALENTED,2005-07-30,2005-08-07,335,73
15382,2-73-BINGO TALENTED,2005-08-22,2005-08-24,376,73
5176,1-73-BINGO TALENTED,2005-07-09,2005-07-17,119,73
10327,1-73-BINGO TALENTED,2005-08-01,2005-08-07,382,73
14675,1-73-BINGO TALENTED,2005-08-21,2005-08-26,170,73
7767,1-73-BINGO TALENTED,2005-07-28,2005-08-05,139,73
12576,1-73-BINGO TALENTED,2005-08-18,2005-08-22,119,73
10342,2-73-BINGO TALENTED,2005-08-01,2005-08-10,140,73
13223,2-73-BINGO TALENTED,2005-08-19,2005-08-22,461,73
61,1-915-TRUMAN CRAZY,2005-05-25,2005-06-02,250,915
2976,1-915-TRUMAN CRAZY,2005-06-20,2005-06-21,55,915
4654,1-915-TRUMAN CRAZY,2005-07-08,2005-07-17,434,915
7578,1-915-TRUMAN CRAZY,2005-07-27,2005-07-29,332,915
13140,1-915-TRUMAN CRAZY,2005-08-19,2005-08-27,323,915
197,2-915-TRUMAN CRAZY,2005-05-26,2005-06-03,546,915
2281,2-915-TRUMAN CRAZY,2005-06-18,2005-06-20,431,915
3666,2-915-TRUMAN CRAZY,2005-07-06,2005-07-09,347,915
7041,2-915-TRUMAN CRAZY,2005-07-27,2005-07-30,379,915
15354,2-915-TRUMAN CRAZY,2005-08-22,2005-08-27,412,915
535,1-915-TRUMAN CRAZY,2005-05-28,2005-05-31,307,915
1163,1-915-TRUMAN CRAZY,2005-06-14,2005-06-23,592,915
3801,1-915-TRUMAN CRAZY,2005-07-06,2005-07-12,68,915
9881,1-915-TRUMAN CRAZY,2005-07-31,2005-08-06,412,915
12949,1-915-TRUMAN CRAZY,2005-08-19,2005-08-23,279,915
2650,2-915-TRUMAN CRAZY,2005-06-19,2005-06-21,209,915
4056,2-915-TRUMAN CRAZY,2005-07-07,2005-07-09,360,915
10311,2-915-TRUMAN CRAZY,2005-08-01,2005-08-02,151,915
12984,2-915-TRUMAN CRAZY,2005-08-19,2005-08-22,537,915
8341,1-915-TRUMAN CRAZY,2005-07-29,2005-08-04,309,915
12828,1-915-TRUMAN CRAZY,2005-08-19,2005-08-24,378,915
9717,1-915-TRUMAN CRAZY,2005-07-31,2005-08-04,114,915
14121,1-915-TRUMAN CRAZY,2005-08-21,2005-08-28,417,915
62,2-58-BEACH HEARTBREAKERS,2005-05-25,2005-05-30,419,58
1942,2-58-BEACH HEARTBREAKERS,2005-06-17,2005-06-25,143,58
5399,2-58-BEACH HEARTBREAKERS,2005-07-09,2005-07-10,67,58
11392,2-58-BEACH HEARTBREAKERS,2005-08-02,2005-08-11,146,58
13593,2-58-BEACH HEARTBREAKERS,2005-08-20,2005-08-27,585,58
392,2-58-BEACH HEARTBREAKERS,2005-05-27,2005-06-01,359,58
1786,2-58-BEACH HEARTBREAKERS,2005-06-16,2005-06-19,323,58
4471,2-58-BEACH HEARTBREAKERS,2005-07-08,2005-07-11,30,58
8467,2-58-BEACH HEARTBREAKERS,2005-07-29,2005-08-07,326,58
12564,2-58-BEACH HEARTBREAKERS,2005-08-18,2005-08-22,348,58
2555,2-58-BEACH HEARTBREAKERS,2005-06-19,2005-06-25,191,58
4148,2-58-BEACH HEARTBREAKERS,2005-07-07,2005-07-09,59,58
7245,2-58-BEACH HEARTBREAKERS,2005-07-27,2005-08-05,95,58
15836,2-58-BEACH HEARTBREAKERS,2005-08-23,2005-08-26,468,58
6103,2-58-BEACH HEARTBREAKERS,2005-07-11,2005-07-16,540,58
10990,2-58-BEACH HEARTBREAKERS,2005-08-02,2005-08-10,111,58
12745,2-58-BEACH HEARTBREAKERS,2005-08-18,2005-08-20,24,58
63,1-873-SWEETHEARTS SUSPECTS,2005-05-25,2005-05-27,383,873
2564,1-873-SWEETHEARTS SUSPECTS,2005-06-19,2005-06-24,408,873
6486,1-873-SWEETHEARTS SUSPECTS,2005-07-12,2005-07-14,75,873
9187,1-873-SWEETHEARTS SUSPECTS,2005-07-30,2005-08-04,469,873
13632,1-873-SWEETHEARTS SUSPECTS,2005-08-20,2005-08-29,409,873
410,1-873-SWEETHEARTS SUSPECTS,2005-05-27,2005-06-02,506,873
1830,1-873-SWEETHEARTS SUSPECTS,2005-06-16,2005-06-23,499,873
4715,1-873-SWEETHEARTS SUSPECTS,2005-07-08,2005-07-10,276,873
8466,1-873-SWEETHEARTS SUSPECTS,2005-07-29,2005-07-31,285,873
15581,1-873-SWEETHEARTS SUSPECTS,2005-08-23,2005-08-28,462,873
1337,2-873-SWEETHEARTS SUSPECTS,2005-06-15,2005-06-20,465,873
5616,2-873-SWEETHEARTS SUSPECTS,2005-07-10,2005-07-18,238,873
7622,2-873-SWEETHEARTS SUSPECTS,2005-07-28,2005-07-31,198,873
15570,2-873-SWEETHEARTS SUSPECTS,2005-08-23,2005-08-31,557,873
2489,2-873-SWEETHEARTS SUSPECTS,2005-06-18,2005-06-22,382,873
4532,2-873-SWEETHEARTS SUSPECTS,2005-07-08,2005-07-11,481,873
10811,2-873-SWEETHEARTS SUSPECTS,2005-08-01,2005-08-10,209,873
14051,2-873-SWEETHEARTS SUSPECTS,2005-08-20,2005-08-29,362,873
4878,1-873-SWEETHEARTS SUSPECTS,2005-07-08,2005-07-17,172,873
7519,1-873-SWEETHEARTS SUSPECTS,2005-07-27,2005-08-05,124,873
15003,1-873-SWEETHEARTS SUSPECTS,2005-08-22,2005-08-28,167,873
5811,1-873-SWEETHEARTS SUSPECTS,2005-07-10,2005-07-12,441,873
11212,1-873-SWEETHEARTS SUSPECTS,2005-08-02,2005-08-05,343,873
13898,1-873-SWEETHEARTS SUSPECTS,2006-02-14,,369,873
5977,2-873-SWEETHEARTS SUSPECTS,2005-07-11,2005-07-19,484,873
9489,2-873-SWEETHEARTS SUSPECTS,2005-07-30,2005-07-31,17,873
14366,2-873-SWEETHEARTS SUSPECTS,2005-08-21,2005-08-26,524,873
9366,2-873-SWEETHEARTS SUSPECTS,2005-07-30,2005-08-03,557,873
13677,2-873-SWEETHEARTS SUSPECTS,2005-08-20,2005-08-26,15,873
64,2-16-ALLEY EVOLUTION,2005-05-25,2005-06-03,368,16
1930,2-16-ALLEY EVOLUTION,2005-06-17,2005-06-19,112,16
3483,2-16-ALLEY EVOLUTION,2005-07-05,2005-07-13,536,16
11226,2-16-ALLEY EVOLUTION,2005-08-02,2005-08-06,282,16
11928,2-16-ALLEY EVOLUTION,2005-08-17,2005-08-23,261,16
2461,1-16-ALLEY EVOLUTION,2005-06-18,2005-06-28,343,16
5382,1-16-ALLEY EVOLUTION,2005-07-09,2005-07-14,586,16
10890,1-16-ALLEY EVOLUTION,2005-08-02,2005-08-10,210,16
12442,1-16-ALLEY EVOLUTION,2005-08-18,2005-08-21,270,16
4743,2-16-ALLEY EVOLUTION,2005-07-08,2005-07-11,535,16
7738,2-16-ALLEY EVOLUTION,2005-07-28,2005-08-03,10,16
12312,2-16-ALLEY EVOLUTION,2005-08-18,2005-08-21,185,16
10103,1-16-ALLEY EVOLUTION,2005-07-31,2005-08-05,25,16
14976,1-16-ALLEY EVOLUTION,2005-08-22,2005-08-28,581,16
65,2-776-SECRET GROUNDHOG,2005-05-25,2005-05-29,346,776
1662,2-776-SECRET GROUNDHOG,2005-06-16,2005-06-23,378,776
4369,2-776-SECRET GROUNDHOG,2005-07-07,2005-07-13,517,776
8576,2-776-SECRET GROUNDHOG,2005-07-29,2005-08-03,157,776
11685,2-776-SECRET GROUNDHOG,2005-08-17,2005-08-22,51,776
641,1-776-SECRET GROUNDHOG,2005-05-28,2005-06-04,396,776
2435,1-776-SECRET GROUNDHOG,2005-06-18,2005-06-22,173,776
5246,1-776-SECRET GROUNDHOG,2005-07-09,2005-07-13,276,776
7421,1-776-SECRET GROUNDHOG,2005-07-27,2005-08-05,70,776
12503,1-776-SECRET GROUNDHOG,2005-08-18,2005-08-19,379,776
1610,2-776-SECRET GROUNDHOG,2005-06-16,2005-06-19,534,776
5372,2-776-SECRET GROUNDHOG,2005-07-09,2005-07-11,148,776
7815,2-776-SECRET GROUNDHOG,2005-07-28,2005-07-30,300,776
12717,2-776-SECRET GROUNDHOG,2005-08-18,2005-08-20,167,776
1953,1-776-SECRET GROUNDHOG,2005-06-17,2005-06-24,405,776
4309,1-776-SECRET GROUNDHOG,2005-07-07,2005-07-14,209,776
8679,1-776-SECRET GROUNDHOG,2005-07-29,2005-08-02,536,776
15325,1-776-SECRET GROUNDHOG,2005-08-22,2005-08-23,74,776
6496,2-776-SECRET GROUNDHOG,2005-07-12,2005-07-20,139,776
9642,2-776-SECRET GROUNDHOG,2005-07-31,2005-08-05,68,776
12460,2-776-SECRET GROUNDHOG,2005-08-18,2005-08-27,419,776
66,2-257-DRUMLINE CYCLONE,2005-05-25,2005-05-29,86,257
1767,2-257-DRUMLINE CYCLONE,2005-06-16,2005-06-18,205,257
6788,2-257-DRUMLINE CYCLONE,2005-07-12,2005-07-20,460,257
7304,2-257-DRUMLINE CYCLONE,2005-07-27,2005-08-05,74,257
12172,2-257-DRUMLINE CYCLONE,2005-08-18,2005-08-22,226,257
2672,2-257-DRUMLINE CYCLONE,2005-06-19,2005-06-25,420,257
5794,2-257-DRUMLINE CYCLONE,2005-07-10,2005-07-17,198,257
8503,2-257-DRUMLINE CYCLONE,2005-07-29,2005-08-04,240,257
14315,2-257-DRUMLINE CYCLONE,2005-08-21,2005-08-27,459,257
8519,2-257-DRUMLINE CYCLONE,2005-07-29,2005-08-03,588,257
12663,2-257-DRUMLINE CYCLONE,2005-08-18,2005-08-19,375,257
67,1-54-BANGER PINOCCHIO,2005-05-25,2005-05-27,119,54
1218,1-54-BANGER PINOCCHIO,2005-06-15,2005-06-21,371,54
4643,1-54-BANGER PINOCCHIO,2005-07-08,2005-07-10,436,54
11093,1-54-BANGER PINOCCHIO,2005-08-02,2005-08-11,82,54
13370,1-54-BANGER PINOCCHIO,2005-08-19,2005-08-25,101,54
237,2-54-BANGER PINOCCHIO,2005-05-26,2005-05-29,536,54
2420,2-54-BANGER PINOCCHIO,2005-06-18,2005-06-23,502,54
4678,2-54-BANGER PINOCCHIO,2005-07-08,2005-07-13,219,54
9418,2-54-BANGER PINOCCHIO,2005-07-30,2005-08-08,168,54
13185,2-54-BANGER PINOCCHIO,2005-08-19,2005-08-20,174,54
1677,2-54-BANGER PINOCCHIO,2005-06-16,2005-06-23,191,54
3795,2-54-BANGER PINOCCHIO,2005-07-06,2005-07-11,153,54
10557,2-54-BANGER PINOCCHIO,2005-08-01,2005-08-04,385,54
16006,2-54-BANGER PINOCCHIO,2005-08-23,2005-08-25,533,54
2145,1-54-BANGER PINOCCHIO,2005-06-17,2005-06-18,388,54
6587,1-54-BANGER PINOCCHIO,2005-07-12,2005-07-20,419,54
7167,1-54-BANGER PINOCCHIO,2005-07-27,2005-08-03,380,54
13490,1-54-BANGER PINOCCHIO,2005-08-20,2005-08-21,18,54
3231,1-54-BANGER PINOCCHIO,2005-06-21,2005-06-23,28,54
6741,1-54-BANGER PINOCCHIO,2005-07-12,2005-07-15,359,54
7886,1-54-BANGER PINOCCHIO,2005-07-28,2005-08-04,352,54
14777,1-54-BANGER PINOCCHIO,2005-08-21,2005-08-28,389,54
68,2-878-TEEN APOLLO,2005-05-25,2005-05-31,120,878
1737,2-878-TEEN APOLLO,2005-06-16,2005-06-23,467,878
6307,2-878-TEEN APOLLO,2005-07-11,2005-07-17,345,878
8534,2-878-TEEN APOLLO,2005-07-29,2005-08-02,516,878
13653,2-878-TEEN APOLLO,2005-08-20,2005-08-29,129,878
231,2-878-TEEN APOLLO,2005-05-26,2005-05-27,365,878
3026,2-878-TEEN APOLLO,2005-06-20,2005-06-21,347,878
4811,2-878-TEEN APOLLO,2005-07-08,2005-07-12,127,878
10365,2-878-TEEN APOLLO,2005-08-01,2005-08-06,442,878
12280,2-878-TEEN APOLLO,2005-08-18,2005-08-21,46,878
295,2-878-TEEN APOLLO,2005-05-26,2005-05-27,65,878
2089,2-878-TEEN APOLLO,2005-06-17,2005-06-25,156,878
5705,2-878-TEEN APOLLO,2005-07-10,2005-07-19,300,878
9236,2-878-TEEN APOLLO,2005-07-30,2005-08-08,2,878
12122,2-878-TEEN APOLLO,2005-08-17,2005-08-25,375,878
8938,2-878-TEEN APOLLO,2005-07-30,2005-07-31,92,878
14187,2-878-TEEN APOLLO,2005-08-21,2005-08-25,275,878
69,1-705-PURPLE MOVIE,2005-05-25,2005-05-27,305,705
1821,1-705-PURPLE MOVIE,2005-06-16,2005-06-20,468,705
4365,1-705-PURPLE MOVIE,2005-07-07,2005-07-08,442,705
11085,1-705-PURPLE MOVIE,2005-08-02,2005-08-04,276,705
15040,1-705-PURPLE MOVIE,2005-08-22,2005-08-23,523,705
2293,1-705-PURPLE MOVIE,2005-06-18,2005-06-24,178,705
4528,1-705-PURPLE MOVIE,2005-07-08,2005-07-09,439,705
7182,1-705-PURPLE MOVIE,2005-07-27,2005-08-03,97,705
15939,1-705-PURPLE MOVIE,2005-08-23,2005-09-01,382,705
7715,1-705-PURPLE MOVIE,2005-07-28,2005-08-05,512,705
12628,1-705-PURPLE MOVIE,2005-08-18,2005-08-25,520,705
8066,1-705-PURPLE MOVIE,2005-07-28,2005-07-31,462,705
15384,1-705-PURPLE MOVIE,2005-08-22,2005-08-23,26,705
70,1-468-INVASION CYCLONE,2005-05-25,2005-05-27,73,468
2851,1-468-INVASION CYCLONE,2005-06-19,2005-06-22,361,468
5804,1-468-INVASION CYCLONE,2005-07-10,2005-07-14,137,468
10069,1-468-INVASION CYCLONE,2005-07-31,2005-08-06,270,468
15891,1-468-INVASION CYCLONE,2005-08-23,2005-08-31,52,468
1682,1-468-INVASION CYCLONE,2005-06-16,2005-06-22,476,468
6641,1-468-INVASION CYCLONE,2005-07-12,2005-07-20,334,468
9487,1-468-INVASION CYCLONE,2005-07-30,2005-08-01,406,468
13028,1-468-INVASION CYCLONE,2005-08-19,2005-08-24,371,468
2342,2-468-INVASION CYCLONE,2005-06-18,2005-06-20,146,468
4925,2-468-INVASION CYCLONE,2005-07-08,2005-07-14,68,468
8619,2-468-INVASION CYCLONE,2005-07-29,2005-08-06,50,468
11918,2-468-INVASION CYCLONE,2005-08-17,2005-08-20,533,468
3523,2-468-INVASION CYCLONE,2005-07-06,2005-07-10,549,468
7996,2-468-INVASION CYCLONE,2005-07-28,2005-08-04,408,468
14635,2-468-INVASION CYCLONE,2005-08-21,2005-08-27,108,468
5193,1-468-INVASION CYCLONE,2005-07-09,2005-07-12,485,468
7552,1-468-INVASION CYCLONE,2005-07-27,2005-07-28,16,468
13601,1-468-INVASION CYCLONE,2005-08-20,2005-08-29,189,468
5687,2-468-INVASION CYCLONE,2005-07-10,2005-07-16,363,468
11240,2-468-INVASION CYCLONE,2005-08-02,2005-08-05,597,468
14870,2-468-INVASION CYCLONE,2005-08-22,2005-08-23,512,468
5693,1-468-INVASION CYCLONE,2005-07-10,2005-07-12,208,468
8673,1-468-INVASION CYCLONE,2005-07-29,2005-08-03,29,468
13858,1-468-INVASION CYCLONE,2005-08-20,2005-08-23,33,468
9457,2-468-INVASION CYCLONE,2005-07-30,2005-07-31,487,468
14505,2-468-INVASION CYCLONE,2005-08-21,2005-08-29,203,468
71,2-525-LOATHING LEGALLY,2005-05-25,2005-05-28,100,525
2753,2-525-LOATHING LEGALLY,2005-06-19,2005-06-24,23,525
4330,2-525-LOATHING LEGALLY,2005-07-07,2005-07-14,408,525
10523,2-525-LOATHING LEGALLY,2005-08-01,2005-08-02,34,525
13295,2-525-LOATHING LEGALLY,2006-02-14,,229,525
1661,1-525-LOATHING LEGALLY,2005-06-16,2005-06-24,508,525
6273,1-525-LOATHING LEGALLY,2005-07-11,2005-07-14,152,525
10257,1-525-LOATHING LEGALLY,2005-08-01,2005-08-04,543,525
14407,1-525-LOATHING LEGALLY,2005-08-21,2005-08-25,500,525
2002,2-525-LOATHING LEGALLY,2005-06-17,2005-06-24,514,525
4770,2-525-LOATHING LEGALLY,2005-07-08,2005-07-14,573,525
8937,2-525-LOATHING LEGALLY,2005-07-30,2005-08-08,544,525
15477,2-525-LOATHING LEGALLY,2005-08-23,2005-08-28,142,525
3168,2-525-LOATHING LEGALLY,2005-06-20,2005-06-22,446,525
4223,2-525-LOATHING LEGALLY,2005-07-07,2005-07-10,405,525
6984,2-525-LOATHING LEGALLY,2005-07-27,2005-08-02,297,525
11834,2-525-LOATHING LEGALLY,2005-08-17,2005-08-22,261,525
5266,2-525-LOATHING LEGALLY,2005-07-09,2005-07-16,222,525
9549,2-525-LOATHING LEGALLY,2005-07-31,2005-08-07,63,525
12148,2-525-LOATHING LEGALLY,2005-08-18,2005-08-20,254,525
6460,1-525-LOATHING LEGALLY,2005-07-12,2005-07-17,371,525
8193,1-525-LOATHING LEGALLY,2005-07-28,2005-08-01,15,525
13821,1-525-LOATHING LEGALLY,2005-08-20,2005-08-25,355,525
7172,1-525-LOATHING LEGALLY,2005-07-27,2005-08-01,362,525
14850,1-525-LOATHING LEGALLY,2005-08-22,2005-08-26,435,525
8786,1-525-LOATHING LEGALLY,2005-07-29,2005-08-03,533,525
13183,1-525-LOATHING LEGALLY,2005-08-19,2005-08-28,301,525
72,1-489-JUGGLER HARDLY,2005-05-25,2005-05-28,48,489
2217,1-489-JUGGLER HARDLY,2005-06-18,2005-06-20,118,489
6230,1-489-JUGGLER HARDLY,2005-07-11,2005-07-17,490,489
9224,1-489-JUGGLER HARDLY,2005-07-30,2005-08-01,406,489
15600,1-489-JUGGLER HARDLY,2005-08-23,2005-08-28,113,489
538,1-489-JUGGLER HARDLY,2005-05-28,2005-06-02,110,489
2297,1-489-JUGGLER HARDLY,2005-06-18,2005-06-26,111,489
3735,1-489-JUGGLER HARDLY,2005-07-06,2005-07-12,534,489
10219,1-489-JUGGLER HARDLY,2005-08-01,2005-08-10,505,489
14852,1-489-JUGGLER HARDLY,2005-08-22,2005-08-25,352,489
826,1-489-JUGGLER HARDLY,2005-05-29,2005-06-08,207,489
1561,1-489-JUGGLER HARDLY,2005-06-16,2005-06-22,431,489
4527,1-489-JUGGLER HARDLY,2005-07-08,2005-07-15,468,489
8688,1-489-JUGGLER HARDLY,2005-07-29,2005-07-30,381,489
15223,1-489-JUGGLER HARDLY,2005-08-22,2005-08-27,541,489
1600,2-489-JUGGLER HARDLY,2005-06-16,2005-06-19,196,489
5894,2-489-JUGGLER HARDLY,2005-07-10,2005-07-17,194,489
9068,2-489-JUGGLER HARDLY,2005-07-30,2005-08-08,78,489
12247,2-489-JUGGLER HARDLY,2005-08-18,2005-08-24,254,489
2100,2-489-JUGGLER HARDLY,2005-06-17,2005-06-19,387,489
5916,2-489-JUGGLER HARDLY,2005-07-10,2005-07-19,35,489
11047,2-489-JUGGLER HARDLY,2005-08-02,2005-08-11,416,489
14827,2-489-JUGGLER HARDLY,2005-08-22,2005-08-31,88,489
3138,2-489-JUGGLER HARDLY,2005-06-20,2005-06-26,570,489
6841,2-489-JUGGLER HARDLY,2005-07-12,2005-07-14,108,489
7368,2-489-JUGGLER HARDLY,2005-07-27,2005-07-31,286,489
15284,2-489-JUGGLER HARDLY,2005-08-22,2005-08-29,393,489
5410,1-489-JUGGLER HARDLY,2005-07-09,2005-07-18,281,489
11063,1-489-JUGGLER HARDLY,2005-08-02,2005-08-05,461,489
13301,1-489-JUGGLER HARDLY,2005-08-19,2005-08-26,494,489
9603,2-489-JUGGLER HARDLY,2005-07-31,2005-08-02,541,489
13022,2-489-JUGGLER HARDLY,2006-02-14,,336,489
73,2-114-CAMELOT VACATION,2005-05-25,2005-06-01,391,114
2908,2-114-CAMELOT VACATION,2005-06-20,2005-06-22,91,114
4316,2-114-CAMELOT VACATION,2005-07-07,2005-07-14,301,114
14890,2-114-CAMELOT VACATION,2005-08-22,2005-08-30,346,114
765,1-114-CAMELOT VACATION,2005-05-29,2005-06-02,69,114
1387,1-114-CAMELOT VACATION,2005-06-15,2005-06-17,278,114
6635,1-114-CAMELOT VACATION,2005-07-12,2005-07-16,273,114
7411,1-114-CAMELOT VACATION,2005-07-27,2005-08-05,302,114
13786,1-114-CAMELOT VACATION,2005-08-20,2005-08-28,94,114
1838,1-114-CAMELOT VACATION,2005-06-16,2005-06-20,31,114
6343,1-114-CAMELOT VACATION,2005-07-11,2005-07-12,147,114
8677,1-114-CAMELOT VACATION,2005-07-29,2005-08-07,315,114
14193,1-114-CAMELOT VACATION,2005-08-21,2005-08-28,25,114
2138,1-114-CAMELOT VACATION,2005-06-17,2005-06-22,254,114
6245,1-114-CAMELOT VACATION,2005-07-11,2005-07-16,241,114
8585,1-114-CAMELOT VACATION,2005-07-29,2005-08-03,516,114
12144,1-114-CAMELOT VACATION,2006-02-14,,587,114
3049,2-114-CAMELOT VACATION,2005-06-20,2005-06-29,403,114
4841,2-114-CAMELOT VACATION,2005-07-08,2005-07-11,248,114
9724,2-114-CAMELOT VACATION,2005-07-31,2005-08-08,130,114
15116,2-114-CAMELOT VACATION,2005-08-22,2005-08-23,217,114
4741,2-114-CAMELOT VACATION,2005-07-08,2005-07-17,260,114
8016,2-114-CAMELOT VACATION,2005-07-28,2005-07-30,391,114
12321,2-114-CAMELOT VACATION,2005-08-18,2005-08-24,274,114
5906,1-114-CAMELOT VACATION,2005-07-10,2005-07-14,323,114
11419,1-114-CAMELOT VACATION,2005-08-02,2005-08-11,444,114
14223,1-114-CAMELOT VACATION,2005-08-21,2005-08-29,392,114
74,2-379-GREEDY ROOTS,2005-05-25,2005-05-26,265,379
2423,2-379-GREEDY ROOTS,2005-06-18,2005-06-21,231,379
4934,2-379-GREEDY ROOTS,2005-07-08,2005-07-10,517,379
8674,2-379-GREEDY ROOTS,2005-07-29,2005-07-31,412,379
14339,2-379-GREEDY ROOTS,2005-08-21,2005-08-26,30,379
2621,2-379-GREEDY ROOTS,2005-06-19,2005-06-28,439,379
5816,2-379-GREEDY ROOTS,2005-07-10,2005-07-13,382,379
7962,2-379-GREEDY ROOTS,2005-07-28,2005-08-03,126,379
15919,2-379-GREEDY ROOTS,2005-08-23,2005-08-24,497,379
6391,2-379-GREEDY ROOTS,2005-07-11,2005-07-15,264,379
9955,2-379-GREEDY ROOTS,2005-07-31,2005-08-04,342,379
15178,2-379-GREEDY ROOTS,2005-08-22,2005-08-26,15,379
7142,2-379-GREEDY ROOTS,2005-07-27,2005-07-28,396,379
12099,2-379-GREEDY ROOTS,2005-08-17,2005-08-18,195,379
75,1-745-ROSES TREASURE,2005-05-25,2005-06-03,510,745
3394,1-745-ROSES TREASURE,2005-06-21,2005-06-30,295,745
4886,1-745-ROSES TREASURE,2005-07-08,2005-07-09,474,745
11255,1-745-ROSES TREASURE,2005-08-02,2005-08-03,569,745
15651,1-745-ROSES TREASURE,2005-08-23,2005-08-26,451,745
615,2-745-ROSES TREASURE,2005-05-28,2005-06-03,533,745
1578,2-745-ROSES TREASURE,2005-06-16,2005-06-23,365,745
4847,2-745-ROSES TREASURE,2005-07-08,2005-07-15,544,745
7032,2-745-ROSES TREASURE,2005-07-27,2005-07-28,269,745
13674,2-745-ROSES TREASURE,2005-08-20,2005-08-22,36,745
869,2-745-ROSES TREASURE,2005-05-30,2005-06-03,296,745
2471,2-745-ROSES TREASURE,2005-06-18,2005-06-24,183,745
5195,2-745-ROSES TREASURE,2005-07-09,2005-07-18,59,745
8421,2-745-ROSES TREASURE,2005-07-29,2005-08-02,588,745
14999,2-745-ROSES TREASURE,2005-08-22,2005-08-23,594,745
998,1-745-ROSES TREASURE,2005-05-31,2005-06-01,389,745
1845,1-745-ROSES TREASURE,2005-06-16,2005-06-19,215,745
4456,1-745-ROSES TREASURE,2005-07-07,2005-07-13,421,745
11060,1-745-ROSES TREASURE,2005-08-02,2005-08-10,496,745
15154,1-745-ROSES TREASURE,2005-08-22,2005-08-29,106,745
7295,1-745-ROSES TREASURE,2005-07-27,2005-08-05,462,745
13360,1-745-ROSES TREASURE,2005-08-19,2005-08-24,327,745
7678,2-745-ROSES TREASURE,2005-07-28,2005-08-06,510,745
12364,2-745-ROSES TREASURE,2005-08-18,2005-08-19,84,745
9085,2-745-ROSES TREASURE,2005-07-30,2005-08-03,33,745
13014,2-745-ROSES TREASURE,2005-08-19,2005-08-21,344,745
11249,1-745-ROSES TREASURE,2005-08-02,2005-08-07,157,745
15925,1-745-ROSES TREASURE,2005-08-23,2005-08-26,440,745
76,2-663-PATIENT SISTER,2005-05-25,2005-06-03,1,663
2274,2-663-PATIENT SISTER,2005-06-18,2005-06-21,347,663
4334,2-663-PATIENT SISTER,2005-07-07,2005-07-08,210,663
11122,2-663-PATIENT SISTER,2005-08-02,2005-08-08,383,663
12579,2-663-PATIENT SISTER,2005-08-18,2005-08-20,547,663
2768,1-663-PATIENT SISTER,2005-06-19,2005-06-25,129,663
4126,1-663-PATIENT SISTER,2005-07-07,2005-07-15,163,663
10793,1-663-PATIENT SISTER,2005-08-01,2005-08-10,225,663
15951,1-663-PATIENT SISTER,2005-08-23,2005-08-29,446,663
3426,1-663-PATIENT SISTER,2005-06-21,2005-06-23,95,663
5943,1-663-PATIENT SISTER,2005-07-10,2005-07-16,255,663
9095,1-663-PATIENT SISTER,2005-07-30,2005-07-31,511,663
13068,1-663-PATIENT SISTER,2005-08-19,2005-08-20,1,663
3683,1-663-PATIENT SISTER,2005-07-06,2005-07-14,43,663
10640,1-663-PATIENT SISTER,2005-08-01,2005-08-06,375,663
14525,1-663-PATIENT SISTER,2005-08-21,2005-08-22,420,663
4742,2-663-PATIENT SISTER,2005-07-08,2005-07-11,340,663
10625,2-663-PATIENT SISTER,2005-08-01,2005-08-02,5,663
12992,2-663-PATIENT SISTER,2005-08-19,2005-08-23,597,663
77,2-287-ENTRAPMENT SATISFACTION,2005-05-25,2005-05-26,451,287
1444,2-287-ENTRAPMENT SATISFACTION,2005-06-15,2005-06-24,539,287
4984,2-287-ENTRAPMENT SATISFACTION,2005-07-09,2005-07-17,214,287
8132,2-287-ENTRAPMENT SATISFACTION,2005-07-28,2005-08-02,562,287
14074,2-287-ENTRAPMENT SATISFACTION,2005-08-20,2005-08-26,506,287
602,1-287-ENTRAPMENT SATISFACTION,2005-05-28,2005-06-05,590,287
3144,1-287-ENTRAPMENT SATISFACTION,2005-06-20,2005-06-30,114,287
3570,1-287-ENTRAPMENT SATISFACTION,2005-07-06,2005-07-14,450,287
10842,1-287-ENTRAPMENT SATISFACTION,2005-08-01,2005-08-11,137,287
14056,1-287-ENTRAPMENT SATISFACTION,2005-08-20,2005-08-27,22,287
5323,2-287-ENTRAPMENT SATISFACTION,2005-07-09,2005-07-13,35,287
9490,2-287-ENTRAPMENT SATISFACTION,2005-07-30,2005-08-07,487,287
15667,2-287-ENTRAPMENT SATISFACTION,2005-08-23,2005-08-24,73,287
10463,1-287-ENTRAPMENT SATISFACTION,2005-08-01,2005-08-10,291,287
13172,1-287-ENTRAPMENT SATISFACTION,2005-08-19,2005-08-20,298,287
79,2-726-RESERVOIR ADAPTATION,2005-05-25,2005-06-03,245,726
1862,2-726-RESERVOIR ADAPTATION,2005-06-17,2005-06-25,553,726
6120,2-726-RESERVOIR ADAPTATION,2005-07-11,2005-07-19,268,726
9517,2-726-RESERVOIR ADAPTATION,2005-07-31,2005-08-02,170,726
13832,2-726-RESERVOIR ADAPTATION,2005-08-20,2005-08-28,29,726
6089,2-726-RESERVOIR ADAPTATION,2005-07-11,2005-07-17,580,726
10789,2-726-RESERVOIR ADAPTATION,2005-08-01,2005-08-07,403,726
15480,2-726-RESERVOIR ADAPTATION,2005-08-23,2005-08-26,577,726
10741,2-726-RESERVOIR ADAPTATION,2005-08-01,2005-08-04,469,726
12975,2-726-RESERVOIR ADAPTATION,2005-08-19,2005-08-25,236,726
80,1-543-MADIGAN DORADO,2005-05-25,2005-05-31,314,543
2689,1-543-MADIGAN DORADO,2005-06-19,2005-06-24,567,543
4573,1-543-MADIGAN DORADO,2005-07-08,2005-07-15,400,543
11385,1-543-MADIGAN DORADO,2005-08-02,2005-08-06,192,543
15476,1-543-MADIGAN DORADO,2005-08-23,2005-08-26,433,543
1039,1-543-MADIGAN DORADO,2005-05-31,2005-06-01,124,543
1580,1-543-MADIGAN DORADO,2005-06-16,2005-06-20,87,543
5040,1-543-MADIGAN DORADO,2005-07-09,2005-07-17,405,543
7693,1-543-MADIGAN DORADO,2005-07-28,2005-07-31,148,543
12294,1-543-MADIGAN DORADO,2005-08-18,2005-08-27,4,543
81,2-572-METROPOLIS COMA,2005-05-25,2005-06-02,286,572
1831,2-572-METROPOLIS COMA,2005-06-16,2005-06-25,383,572
6333,2-572-METROPOLIS COMA,2005-07-11,2005-07-17,285,572
8449,2-572-METROPOLIS COMA,2005-07-29,2005-07-30,273,572
14335,2-572-METROPOLIS COMA,2005-08-21,2005-08-26,263,572
891,2-572-METROPOLIS COMA,2005-05-30,2005-06-08,391,572
2743,2-572-METROPOLIS COMA,2005-06-19,2005-06-23,35,572
6893,2-572-METROPOLIS COMA,2005-07-12,2005-07-21,377,572
8059,2-572-METROPOLIS COMA,2005-07-28,2005-07-31,372,572
12499,2-572-METROPOLIS COMA,2005-08-18,2005-08-19,42,572
2070,2-572-METROPOLIS COMA,2005-06-17,2005-06-20,24,572
6012,2-572-METROPOLIS COMA,2005-07-11,2005-07-17,258,572
11245,2-572-METROPOLIS COMA,2005-08-02,2005-08-04,92,572
13487,2-572-METROPOLIS COMA,2005-08-20,2005-08-24,458,572
5169,2-572-METROPOLIS COMA,2005-07-09,2005-07-10,116,572
8521,2-572-METROPOLIS COMA,2005-07-29,2005-08-07,402,572
14667,2-572-METROPOLIS COMA,2005-08-21,2005-08-23,55,572
5584,1-572-METROPOLIS COMA,2005-07-10,2005-07-16,289,572
8909,1-572-METROPOLIS COMA,2005-07-30,2005-08-06,556,572
15136,1-572-METROPOLIS COMA,2005-08-22,2005-08-24,435,572
8247,1-572-METROPOLIS COMA,2005-07-29,2005-08-06,539,572
14866,1-572-METROPOLIS COMA,2005-08-22,2005-08-30,445,572
9589,1-572-METROPOLIS COMA,2005-07-31,2005-08-09,574,572
11862,1-572-METROPOLIS COMA,2005-08-17,2005-08-19,529,572
9730,1-572-METROPOLIS COMA,2005-07-31,2005-08-08,242,572
14118,1-572-METROPOLIS COMA,2005-08-21,2005-08-28,337,572
82,2-304-FARGO GANDHI,2005-05-25,2005-06-01,427,304
1531,2-304-FARGO GANDHI,2005-06-16,2005-06-22,515,304
5903,2-304-FARGO GANDHI,2005-07-10,2005-07-11,573,304
8867,2-304-FARGO GANDHI,2005-07-30,2005-08-04,497,304
14332,2-304-FARGO GANDHI,2005-08-21,2005-08-29,496,304
526,1-304-FARGO GANDHI,2005-05-28,2005-05-30,408,304
1284,1-304-FARGO GANDHI,2005-06-15,2005-06-17,463,304
4473,1-304-FARGO GANDHI,2005-07-08,2005-07-09,481,304
9628,1-304-FARGO GANDHI,2005-07-31,2005-07-31,565,304
11902,1-304-FARGO GANDHI,2005-08-17,2005-08-22,63,304
685,1-304-FARGO GANDHI,2005-05-29,2005-06-05,172,304
2187,1-304-FARGO GANDHI,2005-06-18,2005-06-20,477,304
5822,1-304-FARGO GANDHI,2005-07-10,2005-07-13,38,304
8656,1-304-FARGO GANDHI,2005-07-29,2005-07-31,460,304
13790,1-304-FARGO GANDHI,2005-08-20,2005-08-25,11,304
3134,2-304-FARGO GANDHI,2005-06-20,2005-06-29,537,304
4797,2-304-FARGO GANDHI,2005-07-08,2005-07-09,265,304
8722,2-304-FARGO GANDHI,2005-07-29,2005-08-07,401,304
13318,2-304-FARGO GANDHI,2005-08-19,2005-08-21,413,304
4256,1-304-FARGO GANDHI,2005-07-07,2005-07-10,129,304
9886,1-304-FARGO GANDHI,2005-07-31,2005-08-08,519,304
12002,1-304-FARGO GANDHI,2005-08-17,2005-08-20,75,304
8062,1-304-FARGO GANDHI,2005-07-28,2005-07-30,317,304
14957,1-304-FARGO GANDHI,2005-08-22,2005-08-26,323,304
83,1-103-BUCKET BROTHERHOOD,2005-05-25,2005-05-27,131,103
2087,1-103-BUCKET BROTHERHOOD,2005-06-17,2005-06-26,398,103
6492,1-103-BUCKET BROTHERHOOD,2005-07-12,2005-07-17,590,103
8463,1-103-BUCKET BROTHERHOOD,2005-07-29,2005-08-03,203,103
11595,1-103-BUCKET BROTHERHOOD,2005-08-17,2005-08-26,350,103
85,2-103-BUCKET BROTHERHOOD,2005-05-25,2005-05-29,414,103
1205,2-103-BUCKET BROTHERHOOD,2005-06-15,2005-06-22,340,103
4631,2-103-BUCKET BROTHERHOOD,2005-07-08,2005-07-11,59,103
7040,2-103-BUCKET BROTHERHOOD,2005-07-27,2005-07-29,524,103
13118,2-103-BUCKET BROTHERHOOD,2005-08-19,2005-08-25,181,103
892,2-103-BUCKET BROTHERHOOD,2005-05-30,2005-06-05,274,103
3046,2-103-BUCKET BROTHERHOOD,2005-06-20,2005-06-26,559,103
3862,2-103-BUCKET BROTHERHOOD,2005-07-06,2005-07-15,181,103
9627,2-103-BUCKET BROTHERHOOD,2005-07-31,2005-08-08,12,103
13932,2-103-BUCKET BROTHERHOOD,2005-08-20,2005-08-24,441,103
1046,1-103-BUCKET BROTHERHOOD,2005-05-31,2005-06-03,179,103
2888,1-103-BUCKET BROTHERHOOD,2005-06-20,2005-06-22,7,103
6883,1-103-BUCKET BROTHERHOOD,2005-07-12,2005-07-19,596,103
11168,1-103-BUCKET BROTHERHOOD,2005-08-02,2005-08-04,555,103
15065,1-103-BUCKET BROTHERHOOD,2005-08-22,2005-08-27,510,103
1071,2-103-BUCKET BROTHERHOOD,2005-05-31,2005-06-02,174,103
2600,2-103-BUCKET BROTHERHOOD,2005-06-19,2005-06-28,423,103
4765,2-103-BUCKET BROTHERHOOD,2005-07-08,2005-07-13,437,103
10500,2-103-BUCKET BROTHERHOOD,2005-08-01,2005-08-06,477,103
12045,2-103-BUCKET BROTHERHOOD,2005-08-17,2005-08-20,556,103
3210,1-103-BUCKET BROTHERHOOD,2005-06-21,2005-06-23,75,103
3769,1-103-BUCKET BROTHERHOOD,2005-07-06,2005-07-14,567,103
7585,1-103-BUCKET BROTHERHOOD,2005-07-27,2005-07-30,440,103
16026,1-103-BUCKET BROTHERHOOD,2005-08-23,2005-08-27,484,103
6193,1-103-BUCKET BROTHERHOOD,2005-07-11,2005-07-19,189,103
8174,1-103-BUCKET BROTHERHOOD,2005-07-28,2005-08-04,359,103
14198,1-103-BUCKET BROTHERHOOD,2005-08-21,2005-08-24,381,103
9765,2-103-BUCKET BROTHERHOOD,2005-07-31,2005-08-05,551,103
13253,2-103-BUCKET BROTHERHOOD,2005-08-19,2005-08-20,399,103
84,2-397-HANKY OCTOBER,2005-05-25,2005-05-29,492,397
2953,2-397-HANKY OCTOBER,2005-06-20,2005-06-26,540,397
3740,2-397-HANKY OCTOBER,2005-07-06,2005-07-14,277,397
11472,2-397-HANKY OCTOBER,2005-08-02,2005-08-11,410,397
12243,2-397-HANKY OCTOBER,2005-08-18,2005-08-27,354,397
293,1-397-HANKY OCTOBER,2005-05-26,2005-06-03,158,397
3218,1-397-HANKY OCTOBER,2005-06-21,2005-06-23,117,397
5394,1-397-HANKY OCTOBER,2005-07-09,2005-07-18,83,397
9592,1-397-HANKY OCTOBER,2005-07-31,2005-08-05,14,397
14832,1-397-HANKY OCTOBER,2005-08-22,2005-08-29,494,397
921,1-397-HANKY OCTOBER,2005-05-30,2005-06-03,508,397
2194,1-397-HANKY OCTOBER,2005-06-18,2005-06-25,149,397
5757,1-397-HANKY OCTOBER,2005-07-10,2005-07-12,101,397
8685,1-397-HANKY OCTOBER,2005-07-29,2005-08-07,321,397
14673,1-397-HANKY OCTOBER,2005-08-21,2005-08-25,445,397
1397,2-397-HANKY OCTOBER,2005-06-15,2005-06-21,444,397
6385,2-397-HANKY OCTOBER,2005-07-11,2005-07-20,69,397
9954,2-397-HANKY OCTOBER,2005-07-31,2005-08-05,463,397
15316,2-397-HANKY OCTOBER,2005-08-22,2005-08-27,422,397
6276,1-397-HANKY OCTOBER,2005-07-11,2005-07-19,284,397
10594,1-397-HANKY OCTOBER,2005-08-01,2005-08-07,53,397
15417,1-397-HANKY OCTOBER,2005-08-22,2005-08-26,305,397
9171,2-397-HANKY OCTOBER,2005-07-30,2005-08-07,189,397
15929,2-397-HANKY OCTOBER,2005-08-23,2005-08-27,477,397
9985,2-397-HANKY OCTOBER,2005-07-31,2005-08-01,85,397
15024,2-397-HANKY OCTOBER,2005-08-22,2005-08-24,139,397
86,2-491-JUMPING WRATH,2005-05-25,2005-05-30,266,491
2085,2-491-JUMPING WRATH,2005-06-17,2005-06-23,214,491
6539,2-491-JUMPING WRATH,2005-07-12,2005-07-19,259,491
9290,2-491-JUMPING WRATH,2005-07-30,2005-08-06,500,491
15895,2-491-JUMPING WRATH,2005-08-23,2005-08-30,342,491
134,2-491-JUMPING WRATH,2005-05-25,2005-06-02,222,491
1195,2-491-JUMPING WRATH,2005-06-15,2005-06-17,84,491
5895,2-491-JUMPING WRATH,2005-07-10,2005-07-17,164,491
10989,2-491-JUMPING WRATH,2005-08-02,2005-08-09,7,491
13990,2-491-JUMPING WRATH,2005-08-20,2005-08-25,481,491
883,1-491-JUMPING WRATH,2005-05-30,2005-06-07,399,491
2697,1-491-JUMPING WRATH,2005-06-19,2005-06-23,448,491
3659,1-491-JUMPING WRATH,2005-07-06,2005-07-12,330,491
11412,1-491-JUMPING WRATH,2005-08-02,2005-08-11,141,491
13961,1-491-JUMPING WRATH,2005-08-20,2005-08-21,129,491
2632,2-491-JUMPING WRATH,2005-06-19,2005-06-23,574,491
4202,2-491-JUMPING WRATH,2005-07-07,2005-07-16,38,491
7727,2-491-JUMPING WRATH,2005-07-28,2005-08-03,123,491
13425,2-491-JUMPING WRATH,2005-08-19,2005-08-25,340,491
5147,1-491-JUMPING WRATH,2005-07-09,2005-07-18,326,491
10834,1-491-JUMPING WRATH,2005-08-01,2005-08-07,252,491
14114,1-491-JUMPING WRATH,2005-08-21,2005-08-24,8,491
7923,2-491-JUMPING WRATH,2005-07-28,2005-08-04,458,491
13120,2-491-JUMPING WRATH,2005-08-19,2005-08-26,314,491
87,2-348-GANDHI KWAI,2005-05-25,2005-05-29,331,348
2989,2-348-GANDHI KWAI,2005-06-20,2005-06-22,56,348
5645,2-348-GANDHI KWAI,2005-07-10,2005-07-18,333,348
11483,2-348-GANDHI KWAI,2005-08-02,2005-08-11,45,348
12794,2-348-GANDHI KWAI,2005-08-19,2005-08-26,336,348
604,2-348-GANDHI KWAI,2005-05-28,2005-06-03,426,348
2971,2-348-GANDHI KWAI,2005-06-20,2005-06-27,410,348
5703,2-348-GANDHI KWAI,2005-07-10,2005-07-16,132,348
7009,2-348-GANDHI KWAI,2005-07-27,2005-07-28,414,348
13135,2-348-GANDHI KWAI,2005-08-19,2005-08-21,361,348
1004,2-348-GANDHI KWAI,2005-05-31,2005-06-01,565,348
2054,2-348-GANDHI KWAI,2005-06-17,2005-06-26,295,348
4138,2-348-GANDHI KWAI,2005-07-07,2005-07-14,317,348
9649,2-348-GANDHI KWAI,2005-07-31,2005-08-04,51,348
14242,2-348-GANDHI KWAI,2005-08-21,2005-08-27,68,348
9231,2-348-GANDHI KWAI,2005-07-30,2005-08-02,489,348
14919,2-348-GANDHI KWAI,2005-08-22,2005-08-30,244,348
88,2-480-JEEPERS WEDDING,2005-05-25,2005-05-29,53,480
1191,2-480-JEEPERS WEDDING,2005-06-15,2005-06-17,291,480
5306,2-480-JEEPERS WEDDING,2005-07-09,2005-07-15,409,480
11233,2-480-JEEPERS WEDDING,2005-08-02,2005-08-08,266,480
15517,2-480-JEEPERS WEDDING,2005-08-23,2005-08-25,187,480
3108,1-480-JEEPERS WEDDING,2005-06-20,2005-06-27,189,480
4524,1-480-JEEPERS WEDDING,2005-07-08,2005-07-09,185,480
7752,1-480-JEEPERS WEDDING,2005-07-28,2005-08-03,209,480
14571,1-480-JEEPERS WEDDING,2005-08-21,2005-08-29,296,480
3373,1-480-JEEPERS WEDDING,2005-06-21,2005-06-30,316,480
3501,1-480-JEEPERS WEDDING,2005-07-06,2005-07-10,270,480
9571,1-480-JEEPERS WEDDING,2005-07-31,2005-08-02,1,480
12957,1-480-JEEPERS WEDDING,2005-08-19,2005-08-28,512,480
4487,2-480-JEEPERS WEDDING,2005-07-08,2005-07-16,360,480
9029,2-480-JEEPERS WEDDING,2005-07-30,2005-08-04,52,480
11795,2-480-JEEPERS WEDDING,2005-08-17,2005-08-19,565,480
89,2-471-ISLAND EXORCIST,2005-05-25,2005-05-29,499,471
2651,2-471-ISLAND EXORCIST,2005-06-19,2005-06-27,576,471
3778,2-471-ISLAND EXORCIST,2005-07-06,2005-07-13,122,471
11251,2-471-ISLAND EXORCIST,2005-08-02,2005-08-09,532,471
14340,2-471-ISLAND EXORCIST,2005-08-21,2005-08-25,230,471
401,1-471-ISLAND EXORCIST,2005-05-27,2005-05-29,46,471
3014,1-471-ISLAND EXORCIST,2005-06-20,2005-06-23,434,471
5027,1-471-ISLAND EXORCIST,2005-07-09,2005-07-16,109,471
8746,1-471-ISLAND EXORCIST,2005-07-29,2005-07-30,275,471
15145,1-471-ISLAND EXORCIST,2005-08-22,2005-08-31,2,471
612,1-471-ISLAND EXORCIST,2005-05-28,2005-05-30,161,471
2816,1-471-ISLAND EXORCIST,2005-06-19,2005-06-20,94,471
5363,1-471-ISLAND EXORCIST,2005-07-09,2005-07-14,425,471
8769,1-471-ISLAND EXORCIST,2005-07-29,2005-08-05,588,471
15718,1-471-ISLAND EXORCIST,2005-08-23,2005-08-28,276,471
3117,2-471-ISLAND EXORCIST,2005-06-20,2005-06-26,31,471
6550,2-471-ISLAND EXORCIST,2005-07-12,2005-07-19,112,471
8748,2-471-ISLAND EXORCIST,2005-07-29,2005-08-01,237,471
15727,2-471-ISLAND EXORCIST,2005-08-23,2005-08-24,416,471
6852,2-471-ISLAND EXORCIST,2005-07-12,2005-07-13,75,471
8314,2-471-ISLAND EXORCIST,2005-07-29,2005-08-06,118,471
15212,2-471-ISLAND EXORCIST,2005-08-22,2005-08-27,562,471
7516,1-471-ISLAND EXORCIST,2005-07-27,2005-07-30,134,471
14178,1-471-ISLAND EXORCIST,2005-08-21,2005-08-22,524,471
10016,2-471-ISLAND EXORCIST,2005-07-31,2005-08-09,478,471
13984,2-471-ISLAND EXORCIST,2005-08-20,2005-08-29,473,471
90,2-654-PANKY SUBMARINE,2005-05-25,2005-06-01,25,654
1463,2-654-PANKY SUBMARINE,2005-06-15,2005-06-21,569,654
4861,2-654-PANKY SUBMARINE,2005-07-08,2005-07-16,455,654
8885,2-654-PANKY SUBMARINE,2005-07-30,2005-08-06,135,654
12110,2-654-PANKY SUBMARINE,2005-08-17,2005-08-23,511,654
421,2-654-PANKY SUBMARINE,2005-05-27,2005-06-04,246,654
1980,2-654-PANKY SUBMARINE,2005-06-17,2005-06-23,328,654
4311,2-654-PANKY SUBMARINE,2005-07-07,2005-07-11,498,654
8407,2-654-PANKY SUBMARINE,2005-07-29,2005-08-04,336,654
11864,2-654-PANKY SUBMARINE,2005-08-17,2005-08-21,96,654
4970,1-654-PANKY SUBMARINE,2005-07-08,2005-07-16,100,654
8902,1-654-PANKY SUBMARINE,2005-07-30,2005-08-05,408,654
13054,1-654-PANKY SUBMARINE,2005-08-19,2005-08-23,325,654
10396,1-654-PANKY SUBMARINE,2005-08-01,2005-08-08,284,654
12372,1-654-PANKY SUBMARINE,2005-08-18,2005-08-27,131,654
91,1-28-ANTHEM LUKE,2005-05-25,2005-06-01,267,28
1892,1-28-ANTHEM LUKE,2005-06-17,2005-06-20,319,28
5842,1-28-ANTHEM LUKE,2005-07-10,2005-07-14,247,28
9120,1-28-ANTHEM LUKE,2005-07-30,2005-08-08,473,28
14251,1-28-ANTHEM LUKE,2005-08-21,2005-08-26,486,28
355,1-28-ANTHEM LUKE,2005-05-27,2005-06-01,446,28
2121,1-28-ANTHEM LUKE,2005-06-17,2005-06-22,467,28
6429,1-28-ANTHEM LUKE,2005-07-12,2005-07-21,342,28
10156,1-28-ANTHEM LUKE,2005-07-31,2005-08-02,179,28
15013,1-28-ANTHEM LUKE,2005-08-22,2005-08-24,141,28
642,1-28-ANTHEM LUKE,2005-05-28,2005-06-01,157,28
2717,1-28-ANTHEM LUKE,2005-06-19,2005-06-22,200,28
4739,1-28-ANTHEM LUKE,2005-07-08,2005-07-11,197,28
8359,1-28-ANTHEM LUKE,2005-07-29,2005-08-04,531,28
15385,1-28-ANTHEM LUKE,2005-08-22,2005-08-26,434,28
92,2-169-COMFORTS RUSH,2005-05-25,2005-05-31,302,169
2728,2-169-COMFORTS RUSH,2005-06-19,2005-06-22,408,169
6407,2-169-COMFORTS RUSH,2005-07-11,2005-07-21,140,169
7275,2-169-COMFORTS RUSH,2005-07-27,2005-07-30,323,169
13252,2-169-COMFORTS RUSH,2005-08-19,2005-08-22,451,169
201,2-169-COMFORTS RUSH,2005-05-26,2005-06-04,444,169
3214,2-169-COMFORTS RUSH,2005-06-21,2005-06-23,142,169
5146,2-169-COMFORTS RUSH,2005-07-09,2005-07-11,194,169
11451,2-169-COMFORTS RUSH,2005-08-02,2005-08-06,515,169
12641,2-169-COMFORTS RUSH,2005-08-18,2005-08-19,467,169
1286,1-169-COMFORTS RUSH,2005-06-15,2005-06-23,179,169
3753,1-169-COMFORTS RUSH,2005-07-06,2005-07-07,358,169
7618,1-169-COMFORTS RUSH,2005-07-28,2005-08-01,271,169
12205,1-169-COMFORTS RUSH,2005-08-18,2005-08-27,437,169
4248,1-169-COMFORTS RUSH,2005-07-07,2005-07-14,161,169
11327,1-169-COMFORTS RUSH,2005-08-02,2005-08-03,361,169
12585,1-169-COMFORTS RUSH,2005-08-18,2005-08-22,110,169
93,1-951-VOYAGE LEGALLY,2005-05-25,2005-06-03,288,951
1250,1-951-VOYAGE LEGALLY,2005-06-15,2005-06-23,38,951
4966,1-951-VOYAGE LEGALLY,2005-07-08,2005-07-14,118,951
9060,1-951-VOYAGE LEGALLY,2005-07-30,2005-08-03,87,951
15654,1-951-VOYAGE LEGALLY,2005-08-23,2005-08-30,471,951
191,2-951-VOYAGE LEGALLY,2005-05-26,2005-05-28,412,951
1998,2-951-VOYAGE LEGALLY,2005-06-17,2005-06-26,562,951
6428,2-951-VOYAGE LEGALLY,2005-07-12,2005-07-20,187,951
10490,2-951-VOYAGE LEGALLY,2005-08-01,2005-08-03,329,951
12100,2-951-VOYAGE LEGALLY,2005-08-17,2005-08-24,391,951
433,2-951-VOYAGE LEGALLY,2005-05-27,2005-05-30,574,951
2978,2-951-VOYAGE LEGALLY,2005-06-20,2005-06-23,548,951
6663,2-951-VOYAGE LEGALLY,2005-07-12,2005-07-21,5,951
8300,2-951-VOYAGE LEGALLY,2005-07-29,2005-08-05,222,951
16046,2-951-VOYAGE LEGALLY,2005-08-23,2005-08-27,74,951
3020,2-951-VOYAGE LEGALLY,2005-06-20,2005-06-27,74,951
4928,2-951-VOYAGE LEGALLY,2005-07-08,2005-07-09,77,951
9056,2-951-VOYAGE LEGALLY,2005-07-30,2005-08-03,380,951
12103,2-951-VOYAGE LEGALLY,2005-08-17,2005-08-24,153,951
3538,1-951-VOYAGE LEGALLY,2005-07-06,2005-07-11,228,951
7071,1-951-VOYAGE LEGALLY,2005-07-27,2005-08-03,61,951
15814,1-951-VOYAGE LEGALLY,2005-08-23,2005-08-27,459,951
5483,2-951-VOYAGE LEGALLY,2005-07-09,2005-07-17,89,951
7486,2-951-VOYAGE LEGALLY,2005-07-27,2005-08-02,393,951
15761,2-951-VOYAGE LEGALLY,2005-08-23,2005-08-26,416,951
5648,1-951-VOYAGE LEGALLY,2005-07-10,2005-07-16,24,951
11195,1-951-VOYAGE LEGALLY,2005-08-02,2005-08-03,177,951
13092,1-951-VOYAGE LEGALLY,2005-08-19,2005-08-25,480,951
94,1-366-GOLDFINGER SENSIBILITY,2005-05-25,2005-05-30,197,366
3077,1-366-GOLDFINGER SENSIBILITY,2005-06-20,2005-06-26,303,366
5177,1-366-GOLDFINGER SENSIBILITY,2005-07-09,2005-07-13,452,366
9443,1-366-GOLDFINGER SENSIBILITY,2005-07-30,2005-08-05,3,366
12108,1-366-GOLDFINGER SENSIBILITY,2005-08-17,2005-08-26,207,366
427,1-366-GOLDFINGER SENSIBILITY,2005-05-27,2005-06-05,288,366
3006,1-366-GOLDFINGER SENSIBILITY,2005-06-20,2005-06-22,133,366
3717,1-366-GOLDFINGER SENSIBILITY,2005-07-06,2005-07-07,173,366
8791,1-366-GOLDFINGER SENSIBILITY,2005-07-29,2005-07-31,469,366
14801,1-366-GOLDFINGER SENSIBILITY,2005-08-22,2005-08-30,184,366
3282,1-366-GOLDFINGER SENSIBILITY,2005-06-21,2005-06-28,224,366
4021,1-366-GOLDFINGER SENSIBILITY,2005-07-07,2005-07-12,315,366
9293,1-366-GOLDFINGER SENSIBILITY,2005-07-30,2005-08-05,65,366
13903,1-366-GOLDFINGER SENSIBILITY,2005-08-20,2005-08-25,272,366
6070,2-366-GOLDFINGER SENSIBILITY,2005-07-11,2005-07-13,267,366
9461,2-366-GOLDFINGER SENSIBILITY,2005-07-30,2005-08-05,377,366
11774,2-366-GOLDFINGER SENSIBILITY,2005-08-17,2005-08-23,488,366
6470,2-366-GOLDFINGER SENSIBILITY,2005-07-12,2005-07-15,240,366
10354,2-366-GOLDFINGER SENSIBILITY,2005-08-01,2005-08-06,416,366
13853,2-366-GOLDFINGER SENSIBILITY,2005-08-20,2005-08-26,186,366
8164,1-366-GOLDFINGER SENSIBILITY,2005-07-28,2005-07-30,461,366
11596,1-366-GOLDFINGER SENSIBILITY,2005-08-17,2005-08-26,290,366
8754,2-366-GOLDFINGER SENSIBILITY,2005-07-29,2005-08-05,174,366
13971,2-366-GOLDFINGER SENSIBILITY,2005-08-20,2005-08-22,64,366
95,2-39-ARMAGEDDON LOST,2005-05-25,2005-06-02,400,39
2371,2-39-ARMAGEDDON LOST,2005-06-18,2005-06-22,248,39
6430,2-39-ARMAGEDDON LOST,2005-07-12,2005-07-15,390,39
7656,2-39-ARMAGEDDON LOST,2005-07-28,2005-07-31,148,39
14058,2-39-ARMAGEDDON LOST,2005-08-20,2005-08-30,430,39
1639,1-39-ARMAGEDDON LOST,2005-06-16,2005-06-25,450,39
4146,1-39-ARMAGEDDON LOST,2005-07-07,2005-07-12,411,39
7746,1-39-ARMAGEDDON LOST,2005-07-28,2005-08-04,299,39
13583,1-39-ARMAGEDDON LOST,2005-08-20,2005-08-26,74,39
4451,2-39-ARMAGEDDON LOST,2005-07-07,2005-07-10,85,39
10138,2-39-ARMAGEDDON LOST,2005-07-31,2005-08-07,225,39
15904,2-39-ARMAGEDDON LOST,2005-08-23,2005-08-24,37,39
6643,1-39-ARMAGEDDON LOST,2005-07-12,2005-07-18,88,39
7359,1-39-ARMAGEDDON LOST,2005-07-27,2005-07-31,183,39
12233,1-39-ARMAGEDDON LOST,2005-08-18,2005-08-22,535,39
7173,2-39-ARMAGEDDON LOST,2005-07-27,2005-07-28,592,39
12574,2-39-ARMAGEDDON LOST,2006-02-14,,317,39
7358,1-39-ARMAGEDDON LOST,2005-07-27,2005-07-28,245,39
12908,1-39-ARMAGEDDON LOST,2005-08-19,2005-08-25,340,39
7926,2-39-ARMAGEDDON LOST,2005-07-28,2005-08-05,78,39
15930,2-39-ARMAGEDDON LOST,2005-08-23,2005-08-31,379,39
96,2-748-RUGRATS SHAKESPEARE,2005-05-25,2005-05-30,49,748
1560,2-748-RUGRATS SHAKESPEARE,2005-06-16,2005-06-24,239,748
6768,2-748-RUGRATS SHAKESPEARE,2005-07-12,2005-07-19,151,748
10918,2-748-RUGRATS SHAKESPEARE,2005-08-02,2005-08-02,2,748
12821,2-748-RUGRATS SHAKESPEARE,2005-08-19,2005-08-23,41,748
509,2-748-RUGRATS SHAKESPEARE,2005-05-28,2005-05-31,147,748
1652,2-748-RUGRATS SHAKESPEARE,2005-06-16,2005-06-19,533,748
5716,2-748-RUGRATS SHAKESPEARE,2005-07-10,2005-07-16,102,748
9033,2-748-RUGRATS SHAKESPEARE,2005-07-30,2005-08-05,35,748
14993,2-748-RUGRATS SHAKESPEARE,2005-08-22,2005-08-27,437,748
1430,1-748-RUGRATS SHAKESPEARE,2005-06-15,2005-06-16,194,748
5598,1-748-RUGRATS SHAKESPEARE,2005-07-10,2005-07-18,397,748
8788,1-748-RUGRATS SHAKESPEARE,2005-07-29,2005-08-03,121,748
13254,1-748-RUGRATS SHAKESPEARE,2005-08-19,2005-08-27,532,748
1785,1-748-RUGRATS SHAKESPEARE,2005-06-16,2005-06-24,50,748
4357,1-748-RUGRATS SHAKESPEARE,2005-07-07,2005-07-12,103,748
9645,1-748-RUGRATS SHAKESPEARE,2005-07-31,2005-08-04,519,748
16003,1-748-RUGRATS SHAKESPEARE,2005-08-23,2005-08-31,577,748
1984,2-748-RUGRATS SHAKESPEARE,2005-06-17,2005-06-23,380,748
5202,2-748-RUGRATS SHAKESPEARE,2005-07-09,2005-07-15,321,748
7536,2-748-RUGRATS SHAKESPEARE,2005-07-27,2005-08-02,307,748
13005,2-748-RUGRATS SHAKESPEARE,2005-08-19,2005-08-20,104,748
6115,2-748-RUGRATS SHAKESPEARE,2005-07-11,2005-07-13,27,748
9647,2-748-RUGRATS SHAKESPEARE,2005-07-31,2005-08-06,475,748
15255,2-748-RUGRATS SHAKESPEARE,2005-08-22,2005-08-28,84,748
6699,1-748-RUGRATS SHAKESPEARE,2005-07-12,2005-07-15,565,748
6992,1-748-RUGRATS SHAKESPEARE,2005-07-27,2005-07-28,106,748
14871,1-748-RUGRATS SHAKESPEARE,2005-08-22,2005-08-23,204,748
9607,1-748-RUGRATS SHAKESPEARE,2005-07-31,2005-08-02,294,748
15032,1-748-RUGRATS SHAKESPEARE,2005-08-22,2005-08-25,467,748
98,1-651-PACKER MADIGAN,2005-05-25,2005-05-27,269,651
2726,1-651-PACKER MADIGAN,2005-06-19,2005-06-21,420,651
6457,1-651-PACKER MADIGAN,2005-07-12,2005-07-14,64,651
7375,1-651-PACKER MADIGAN,2005-07-27,2005-08-01,381,651
15483,1-651-PACKER MADIGAN,2005-08-23,2005-08-26,173,651
564,2-651-PACKER MADIGAN,2005-05-28,2005-05-29,282,651
1181,2-651-PACKER MADIGAN,2005-06-15,2005-06-19,546,651
5548,2-651-PACKER MADIGAN,2005-07-10,2005-07-13,317,651
8698,2-651-PACKER MADIGAN,2005-07-29,2005-08-04,324,651
13511,2-651-PACKER MADIGAN,2005-08-20,2005-08-21,23,651
1418,2-651-PACKER MADIGAN,2005-06-15,2005-06-18,591,651
4864,2-651-PACKER MADIGAN,2005-07-08,2005-07-17,281,651
10551,2-651-PACKER MADIGAN,2005-08-01,2005-08-10,294,651
14682,2-651-PACKER MADIGAN,2005-08-21,2005-08-28,314,651
4263,2-651-PACKER MADIGAN,2005-07-07,2005-07-13,16,651
8472,2-651-PACKER MADIGAN,2005-07-29,2005-08-02,196,651
12256,2-651-PACKER MADIGAN,2005-08-18,2005-08-22,572,651
4948,2-651-PACKER MADIGAN,2005-07-08,2005-07-17,518,651
8848,2-651-PACKER MADIGAN,2005-07-29,2005-08-03,545,651
11550,2-651-PACKER MADIGAN,2005-08-17,2005-08-22,339,651
7474,1-651-PACKER MADIGAN,2005-07-27,2005-07-30,110,651
13916,1-651-PACKER MADIGAN,2005-08-20,2005-08-25,302,651
99,1-117-CANDLES GRAPES,2005-05-25,2005-05-28,44,117
1714,1-117-CANDLES GRAPES,2005-06-16,2005-06-24,477,117
4965,1-117-CANDLES GRAPES,2005-07-08,2005-07-15,432,117
8953,1-117-CANDLES GRAPES,2005-07-30,2005-08-02,278,117
14944,1-117-CANDLES GRAPES,2005-08-22,2005-08-24,153,117
779,1-117-CANDLES GRAPES,2005-05-29,2005-06-06,105,117
1556,1-117-CANDLES GRAPES,2005-06-16,2005-06-17,54,117
4271,1-117-CANDLES GRAPES,2005-07-07,2005-07-15,150,117
7881,1-117-CANDLES GRAPES,2005-07-28,2005-08-02,249,117
13517,1-117-CANDLES GRAPES,2005-08-20,2005-08-23,186,117
844,2-117-CANDLES GRAPES,2005-05-30,2005-06-01,429,117
1795,2-117-CANDLES GRAPES,2005-06-16,2005-06-24,56,117
4574,2-117-CANDLES GRAPES,2005-07-08,2005-07-08,257,117
7995,2-117-CANDLES GRAPES,2005-07-28,2005-08-01,89,117
14970,2-117-CANDLES GRAPES,2005-08-22,2005-08-29,529,117
3804,2-117-CANDLES GRAPES,2005-07-06,2005-07-15,126,117
8148,2-117-CANDLES GRAPES,2005-07-28,2005-08-02,347,117
12265,2-117-CANDLES GRAPES,2005-08-18,2005-08-20,247,117
4109,1-117-CANDLES GRAPES,2005-07-07,2005-07-10,517,117
9580,1-117-CANDLES GRAPES,2005-07-31,2005-08-05,22,117
12181,1-117-CANDLES GRAPES,2005-08-18,2005-08-23,81,117
8349,1-117-CANDLES GRAPES,2005-07-29,2005-08-05,416,117
12098,1-117-CANDLES GRAPES,2005-08-17,2005-08-20,545,117
100,1-571-METAL ARMAGEDDON,2005-05-25,2005-06-02,208,571
1909,1-571-METAL ARMAGEDDON,2005-06-17,2005-06-19,269,571
5056,1-571-METAL ARMAGEDDON,2005-07-09,2005-07-10,526,571
11053,1-571-METAL ARMAGEDDON,2005-08-02,2005-08-09,50,571
11753,1-571-METAL ARMAGEDDON,2005-08-17,2005-08-25,43,571
185,1-571-METAL ARMAGEDDON,2005-05-26,2005-06-02,125,571
1480,1-571-METAL ARMAGEDDON,2005-06-15,2005-06-23,27,571
4776,1-571-METAL ARMAGEDDON,2005-07-08,2005-07-17,563,571
11442,1-571-METAL ARMAGEDDON,2005-08-02,2005-08-07,208,571
13793,1-571-METAL ARMAGEDDON,2005-08-20,2005-08-27,424,571
910,2-571-METAL ARMAGEDDON,2005-05-30,2005-06-04,374,571
2825,2-571-METAL ARMAGEDDON,2005-06-19,2005-06-22,418,571
5789,2-571-METAL ARMAGEDDON,2005-07-10,2005-07-18,571,571
8593,2-571-METAL ARMAGEDDON,2005-07-29,2005-08-07,181,571
15422,2-571-METAL ARMAGEDDON,2005-08-22,2005-08-30,309,571
2163,2-571-METAL ARMAGEDDON,2005-06-17,2005-06-22,130,571
3661,2-571-METAL ARMAGEDDON,2005-07-06,2005-07-10,442,571
9909,2-571-METAL ARMAGEDDON,2005-07-31,2005-08-09,587,571
12132,2-571-METAL ARMAGEDDON,2005-08-17,2005-08-22,403,571
2760,2-571-METAL ARMAGEDDON,2005-06-19,2005-06-26,192,571
5887,2-571-METAL ARMAGEDDON,2005-07-10,2005-07-15,532,571
10923,2-571-METAL ARMAGEDDON,2005-08-02,2005-08-03,239,571
13283,2-571-METAL ARMAGEDDON,2005-08-19,2005-08-23,180,571
7085,2-571-METAL ARMAGEDDON,2005-07-27,2005-08-05,223,571
11683,2-571-METAL ARMAGEDDON,2005-08-17,2005-08-26,66,571
101,2-134-CHAMPION FLATLINERS,2005-05-25,2005-05-31,468,134
1829,2-134-CHAMPION FLATLINERS,2005-06-16,2005-06-21,293,134
4976,2-134-CHAMPION FLATLINERS,2005-07-09,2005-07-10,199,134
10282,2-134-CHAMPION FLATLINERS,2005-08-01,2005-08-07,472,134
15881,2-134-CHAMPION FLATLINERS,2005-08-23,2005-08-29,383,134
2286,2-134-CHAMPION FLATLINERS,2005-06-18,2005-06-27,287,134
4646,2-134-CHAMPION FLATLINERS,2005-07-08,2005-07-16,362,134
10955,2-134-CHAMPION FLATLINERS,2005-08-02,2005-08-09,490,134
14365,2-134-CHAMPION FLATLINERS,2005-08-21,2005-08-27,457,134
3003,2-134-CHAMPION FLATLINERS,2005-06-20,2005-06-22,38,134
3586,2-134-CHAMPION FLATLINERS,2005-07-06,2005-07-09,493,134
10189,2-134-CHAMPION FLATLINERS,2005-08-01,2005-08-03,509,134
13217,2-134-CHAMPION FLATLINERS,2005-08-19,2005-08-21,565,134
102,1-82-BLOOD ARGONAUTS,2005-05-25,2005-05-31,343,82
2706,1-82-BLOOD ARGONAUTS,2005-06-19,2005-06-21,559,82
5064,1-82-BLOOD ARGONAUTS,2005-07-09,2005-07-18,512,82
7088,1-82-BLOOD ARGONAUTS,2005-07-27,2005-08-04,88,82
11556,1-82-BLOOD ARGONAUTS,2005-08-17,2005-08-18,9,82
701,1-82-BLOOD ARGONAUTS,2005-05-29,2005-06-03,112,82
2316,1-82-BLOOD ARGONAUTS,2005-06-18,2005-06-20,289,82
6708,1-82-BLOOD ARGONAUTS,2005-07-12,2005-07-21,82,82
9261,1-82-BLOOD ARGONAUTS,2005-07-30,2005-08-08,380,82
14804,1-82-BLOOD ARGONAUTS,2005-08-22,2005-08-26,94,82
103,1-735-ROBBERS JOON,2005-05-25,2005-06-03,384,735
3392,1-735-ROBBERS JOON,2005-06-21,2005-06-29,38,735
3744,1-735-ROBBERS JOON,2005-07-06,2005-07-08,510,735
7339,1-735-ROBBERS JOON,2005-07-27,2005-07-31,316,735
12370,1-735-ROBBERS JOON,2005-08-18,2005-08-22,503,735
370,2-735-ROBBERS JOON,2005-05-27,2005-06-05,22,735
2992,2-735-ROBBERS JOON,2005-06-20,2005-06-24,439,735
5321,2-735-ROBBERS JOON,2005-07-09,2005-07-15,245,735
7611,2-735-ROBBERS JOON,2005-07-28,2005-07-28,467,735
12445,2-735-ROBBERS JOON,2005-08-18,2005-08-21,350,735
428,2-735-ROBBERS JOON,2005-05-27,2005-05-31,161,735
3136,2-735-ROBBERS JOON,2005-06-20,2005-06-22,377,735
5702,2-735-ROBBERS JOON,2005-07-10,2005-07-11,324,735
10044,2-735-ROBBERS JOON,2005-07-31,2005-08-05,388,735
13317,2-735-ROBBERS JOON,2005-08-19,2005-08-20,20,735
455,1-735-ROBBERS JOON,2005-05-27,2005-06-04,343,735
1947,1-735-ROBBERS JOON,2005-06-17,2005-06-25,479,735
6187,1-735-ROBBERS JOON,2005-07-11,2005-07-12,500,735
7316,1-735-ROBBERS JOON,2005-07-27,2005-07-28,114,735
11505,1-735-ROBBERS JOON,2005-08-16,2005-08-23,34,735
681,2-735-ROBBERS JOON,2005-05-28,2005-06-01,531,735
1893,2-735-ROBBERS JOON,2005-06-17,2005-06-23,390,735
6773,2-735-ROBBERS JOON,2005-07-12,2005-07-18,12,735
7396,2-735-ROBBERS JOON,2005-07-27,2005-08-05,595,735
13630,2-735-ROBBERS JOON,2005-08-20,2005-08-29,244,735
4667,2-735-ROBBERS JOON,2005-07-08,2005-07-14,485,735
6951,2-735-ROBBERS JOON,2005-07-26,2005-07-31,98,735
14538,2-735-ROBBERS JOON,2005-08-21,2005-08-22,471,735
6198,1-735-ROBBERS JOON,2005-07-11,2005-07-18,470,735
10504,1-735-ROBBERS JOON,2005-08-01,2005-08-10,530,735
14888,1-735-ROBBERS JOON,2005-08-22,2005-08-23,91,735
104,1-932-VALLEY PACKER,2005-05-25,2005-05-27,310,932
2688,1-932-VALLEY PACKER,2005-06-19,2005-06-28,309,932
6119,1-932-VALLEY PACKER,2005-07-11,2005-07-20,472,932
10691,1-932-VALLEY PACKER,2005-08-01,2005-08-03,276,932
13088,1-932-VALLEY PACKER,2005-08-19,2005-08-21,457,932
363,1-932-VALLEY PACKER,2005-05-27,2005-05-28,345,932
3085,1-932-VALLEY PACKER,2005-06-20,2005-06-21,166,932
3974,1-932-VALLEY PACKER,2005-07-06,2005-07-11,318,932
9907,1-932-VALLEY PACKER,2005-07-31,2005-08-09,120,932
14812,1-932-VALLEY PACKER,2005-08-22,2005-08-26,211,932
5473,2-932-VALLEY PACKER,2005-07-09,2005-07-19,51,932
7198,2-932-VALLEY PACKER,2005-07-27,2005-08-04,520,932
12685,2-932-VALLEY PACKER,2005-08-18,2005-08-27,114,932
6963,2-932-VALLEY PACKER,2005-07-27,2005-08-03,489,932
13927,2-932-VALLEY PACKER,2005-08-20,2005-08-24,417,932
105,2-173-CONFESSIONS MAGUIRE,2005-05-25,2005-05-30,108,173
2734,2-173-CONFESSIONS MAGUIRE,2005-06-19,2005-06-20,204,173
3979,2-173-CONFESSIONS MAGUIRE,2005-07-06,2005-07-13,550,173
7556,2-173-CONFESSIONS MAGUIRE,2005-07-27,2005-07-28,188,173
15169,2-173-CONFESSIONS MAGUIRE,2005-08-22,2005-08-28,76,173
3554,2-173-CONFESSIONS MAGUIRE,2005-07-06,2005-07-09,538,173
9367,2-173-CONFESSIONS MAGUIRE,2005-07-30,2005-08-08,557,173
11693,2-173-CONFESSIONS MAGUIRE,2005-08-17,2005-08-24,221,173
7227,1-173-CONFESSIONS MAGUIRE,2005-07-27,2005-08-05,164,173
11636,1-173-CONFESSIONS MAGUIRE,2005-08-17,2005-08-24,276,173
8542,1-173-CONFESSIONS MAGUIRE,2005-07-29,2005-07-30,213,173
13833,1-173-CONFESSIONS MAGUIRE,2005-08-20,2005-08-29,175,173
9036,1-173-CONFESSIONS MAGUIRE,2005-07-30,2005-07-31,18,173
14290,1-173-CONFESSIONS MAGUIRE,2005-08-21,2005-08-28,366,173
106,2-791-SHOW LORD,2005-05-25,2005-06-04,196,791
3260,2-791-SHOW LORD,2005-06-21,2005-06-23,380,791
3939,2-791-SHOW LORD,2005-07-06,2005-07-11,149,791
9928,2-791-SHOW LORD,2005-07-31,2005-08-06,53,791
12166,2-791-SHOW LORD,2005-08-18,2005-08-26,184,791
834,2-791-SHOW LORD,2005-05-29,2005-05-30,84,791
2849,2-791-SHOW LORD,2005-06-19,2005-06-25,283,791
4398,2-791-SHOW LORD,2005-07-07,2005-07-10,426,791
9067,2-791-SHOW LORD,2005-07-30,2005-08-04,382,791
15816,2-791-SHOW LORD,2005-08-23,2005-08-28,31,791
1413,2-791-SHOW LORD,2005-06-15,2005-06-21,96,791
4159,2-791-SHOW LORD,2005-07-07,2005-07-09,62,791
11202,2-791-SHOW LORD,2005-08-02,2005-08-08,231,791
15890,2-791-SHOW LORD,2005-08-23,2005-08-24,87,791
2227,1-791-SHOW LORD,2005-06-18,2005-06-19,200,791
5991,1-791-SHOW LORD,2005-07-11,2005-07-12,590,791
8311,1-791-SHOW LORD,2005-07-29,2005-08-02,63,791
12282,1-791-SHOW LORD,2005-08-18,2005-08-23,173,791
2588,2-791-SHOW LORD,2005-06-19,2005-06-22,143,791
4242,2-791-SHOW LORD,2005-07-07,2005-07-12,286,791
11187,2-791-SHOW LORD,2005-08-02,2005-08-11,410,791
12778,2-791-SHOW LORD,2005-08-18,2005-08-19,290,791
6759,1-791-SHOW LORD,2005-07-12,2005-07-15,49,791
9491,1-791-SHOW LORD,2005-07-30,2005-08-01,179,791
12396,1-791-SHOW LORD,2005-08-18,2005-08-26,40,791
107,2-621-NETWORK PEAK,2005-05-25,2005-06-03,317,621
2402,2-621-NETWORK PEAK,2005-06-18,2005-06-27,360,621
5732,2-621-NETWORK PEAK,2005-07-10,2005-07-12,597,621
10604,2-621-NETWORK PEAK,2005-08-01,2005-08-08,250,621
12848,2-621-NETWORK PEAK,2005-08-19,2005-08-24,539,621
246,1-621-NETWORK PEAK,2005-05-26,2005-05-29,240,621
2225,1-621-NETWORK PEAK,2005-06-18,2005-06-23,503,621
3846,1-621-NETWORK PEAK,2005-07-06,2005-07-14,88,621
9595,1-621-NETWORK PEAK,2005-07-31,2005-08-03,3,621
15578,1-621-NETWORK PEAK,2005-08-23,2005-08-27,302,621
311,1-621-NETWORK PEAK,2005-05-26,2005-06-01,201,621
3324,1-621-NETWORK PEAK,2005-06-21,2005-06-22,29,621
5882,1-621-NETWORK PEAK,2005-07-10,2005-07-11,319,621
8564,1-621-NETWORK PEAK,2005-07-29,2005-08-05,316,621
12173,1-621-NETWORK PEAK,2005-08-18,2005-08-24,41,621
930,2-621-NETWORK PEAK,2005-05-30,2005-06-04,141,621
2919,2-621-NETWORK PEAK,2005-06-20,2005-06-27,509,621
5569,2-621-NETWORK PEAK,2005-07-10,2005-07-16,69,621
10905,2-621-NETWORK PEAK,2005-08-02,2005-08-04,439,621
14822,2-621-NETWORK PEAK,2005-08-22,2005-08-30,52,621
3278,2-621-NETWORK PEAK,2005-06-21,2005-06-22,554,621
5611,2-621-NETWORK PEAK,2005-07-10,2005-07-16,424,621
7131,2-621-NETWORK PEAK,2005-07-27,2005-07-31,585,621
15112,2-621-NETWORK PEAK,2005-08-22,2005-08-27,160,621
5938,2-621-NETWORK PEAK,2005-07-10,2005-07-16,236,621
9150,2-621-NETWORK PEAK,2005-07-30,2005-08-08,213,621
15670,2-621-NETWORK PEAK,2005-08-23,2005-08-31,211,621
7205,1-621-NETWORK PEAK,2005-07-27,2005-08-05,36,621
14708,1-621-NETWORK PEAK,2005-08-21,2005-08-28,226,621
11008,1-621-NETWORK PEAK,2005-08-02,2005-08-10,375,621
13881,1-621-NETWORK PEAK,2005-08-20,2005-08-25,144,621
108,2-724-REMEMBER DIARY,2005-05-25,2005-05-30,242,724
1607,2-724-REMEMBER DIARY,2005-06-16,2005-06-20,513,724
6400,2-724-REMEMBER DIARY,2005-07-11,2005-07-19,536,724
7110,2-724-REMEMBER DIARY,2005-07-27,2005-07-28,157,724
13846,2-724-REMEMBER DIARY,2005-08-20,2005-08-28,257,724
3292,2-724-REMEMBER DIARY,2005-06-21,2005-06-23,412,724
5871,2-724-REMEMBER DIARY,2005-07-10,2005-07-16,307,724
8975,2-724-REMEMBER DIARY,2005-07-30,2005-08-07,356,724
15089,2-724-REMEMBER DIARY,2005-08-22,2005-08-31,61,724
4950,2-724-REMEMBER DIARY,2005-07-08,2005-07-09,148,724
11402,2-724-REMEMBER DIARY,2005-08-02,2005-08-07,561,724
15663,2-724-REMEMBER DIARY,2005-08-23,2005-08-29,291,724
9654,1-724-REMEMBER DIARY,2005-07-31,2005-08-06,506,724
11702,1-724-REMEMBER DIARY,2005-08-17,2005-08-24,526,724
9848,2-724-REMEMBER DIARY,2005-07-31,2005-08-07,346,724
11887,2-724-REMEMBER DIARY,2005-08-17,2005-08-19,54,724
11427,1-724-REMEMBER DIARY,2005-08-02,2005-08-04,403,724
15342,1-724-REMEMBER DIARY,2005-08-22,2005-08-26,459,724
109,1-233-DISCIPLE MOTHER,2005-05-25,2005-05-29,503,233
1779,1-233-DISCIPLE MOTHER,2005-06-16,2005-06-17,438,233
5235,1-233-DISCIPLE MOTHER,2005-07-09,2005-07-18,122,233
7778,1-233-DISCIPLE MOTHER,2005-07-28,2005-08-05,248,233
12892,1-233-DISCIPLE MOTHER,2005-08-19,2005-08-21,121,233
1905,1-233-DISCIPLE MOTHER,2005-06-17,2005-06-24,39,233
6427,1-233-DISCIPLE MOTHER,2005-07-11,2005-07-14,122,233
10302,1-233-DISCIPLE MOTHER,2005-08-01,2005-08-01,144,233
12905,1-233-DISCIPLE MOTHER,2005-08-19,2005-08-26,480,233
3797,2-233-DISCIPLE MOTHER,2005-07-06,2005-07-10,374,233
10281,2-233-DISCIPLE MOTHER,2005-08-01,2005-08-02,549,233
13042,2-233-DISCIPLE MOTHER,2005-08-19,2005-08-22,414,233
6373,1-233-DISCIPLE MOTHER,2005-07-11,2005-07-13,115,233
10626,1-233-DISCIPLE MOTHER,2005-08-01,2005-08-05,122,233
14318,1-233-DISCIPLE MOTHER,2006-02-14,,508,233
9892,1-233-DISCIPLE MOTHER,2005-07-31,2005-08-03,251,233
12721,1-233-DISCIPLE MOTHER,2005-08-18,2005-08-22,239,233
11380,2-233-DISCIPLE MOTHER,2005-08-02,2005-08-03,551,233
14109,2-233-DISCIPLE MOTHER,2005-08-21,2005-08-22,180,233
110,2-893-TITANS JERK,2005-05-25,2005-06-03,19,893
3315,2-893-TITANS JERK,2005-06-21,2005-06-24,438,893
6859,2-893-TITANS JERK,2005-07-12,2005-07-17,321,893
8385,2-893-TITANS JERK,2005-07-29,2005-08-03,233,893
13729,2-893-TITANS JERK,2005-08-20,2005-08-28,415,893
818,2-893-TITANS JERK,2005-05-29,2005-06-02,321,893
1754,2-893-TITANS JERK,2005-06-16,2005-06-22,25,893
4177,2-893-TITANS JERK,2005-07-07,2005-07-15,317,893
9247,2-893-TITANS JERK,2005-07-30,2005-08-02,426,893
11577,2-893-TITANS JERK,2006-02-14,,219,893
1360,2-893-TITANS JERK,2005-06-15,2005-06-18,14,893
6239,2-893-TITANS JERK,2005-07-11,2005-07-17,132,893
8267,2-893-TITANS JERK,2005-07-29,2005-08-04,131,893
12323,2-893-TITANS JERK,2005-08-18,2005-08-26,336,893
2259,1-893-TITANS JERK,2005-06-18,2005-06-21,491,893
4421,1-893-TITANS JERK,2005-07-07,2005-07-16,417,893
9280,1-893-TITANS JERK,2005-07-30,2005-08-05,286,893
12933,1-893-TITANS JERK,2005-08-19,2005-08-27,589,893
2586,1-893-TITANS JERK,2005-06-19,2005-06-27,537,893
5826,1-893-TITANS JERK,2005-07-10,2005-07-17,254,893
8870,1-893-TITANS JERK,2005-07-30,2005-08-08,90,893
13078,1-893-TITANS JERK,2005-08-19,2005-08-27,479,893
4905,1-893-TITANS JERK,2005-07-08,2005-07-12,246,893
9785,1-893-TITANS JERK,2005-07-31,2005-08-02,587,893
15111,1-893-TITANS JERK,2005-08-22,2005-08-24,119,893
7592,2-893-TITANS JERK,2005-07-27,2005-07-29,316,893
14612,2-893-TITANS JERK,2005-08-21,2005-08-27,445,893
10053,1-893-TITANS JERK,2005-07-31,2005-08-07,223,893
14227,1-893-TITANS JERK,2005-08-21,2005-08-22,277,893
111,2-814-SNATCH SLIPPER,2005-05-25,2005-05-28,227,814
3112,2-814-SNATCH SLIPPER,2005-06-20,2005-06-26,35,814
4181,2-814-SNATCH SLIPPER,2005-07-07,2005-07-13,598,814
10351,2-814-SNATCH SLIPPER,2005-08-01,2005-08-08,173,814
15629,2-814-SNATCH SLIPPER,2005-08-23,2005-08-29,286,814
744,1-814-SNATCH SLIPPER,2005-05-29,2005-06-01,420,814
1741,1-814-SNATCH SLIPPER,2005-06-16,2005-06-25,176,814
5351,1-814-SNATCH SLIPPER,2005-07-09,2005-07-14,112,814
9485,1-814-SNATCH SLIPPER,2005-07-30,2005-08-08,338,814
13125,1-814-SNATCH SLIPPER,2005-08-19,2005-08-26,192,814
5244,2-814-SNATCH SLIPPER,2005-07-09,2005-07-14,1,814
8350,2-814-SNATCH SLIPPER,2005-07-29,2005-07-31,513,814
15839,2-814-SNATCH SLIPPER,2005-08-23,2005-08-30,294,814
5925,2-814-SNATCH SLIPPER,2005-07-10,2005-07-18,503,814
9894,2-814-SNATCH SLIPPER,2005-07-31,2005-08-05,199,814
14921,2-814-SNATCH SLIPPER,2005-08-22,2005-08-26,284,814
7469,2-814-SNATCH SLIPPER,2005-07-27,2005-07-31,189,814
12833,2-814-SNATCH SLIPPER,2005-08-19,2005-08-26,59,814
7604,1-814-SNATCH SLIPPER,2005-07-27,2005-08-05,406,814
13382,1-814-SNATCH SLIPPER,2005-08-19,2005-08-28,436,814
11225,1-814-SNATCH SLIPPER,2005-08-02,2005-08-04,159,814
13690,1-814-SNATCH SLIPPER,2005-08-20,2005-08-23,513,814
112,2-465-INTERVIEW LIAISONS,2005-05-25,2005-06-02,500,465
2805,2-465-INTERVIEW LIAISONS,2005-06-19,2005-06-27,80,465
6042,2-465-INTERVIEW LIAISONS,2005-07-11,2005-07-19,5,465
9800,2-465-INTERVIEW LIAISONS,2005-07-31,2005-08-02,257,465
12502,2-465-INTERVIEW LIAISONS,2005-08-18,2005-08-19,235,465
766,2-465-INTERVIEW LIAISONS,2005-05-29,2005-06-06,383,465
3304,2-465-INTERVIEW LIAISONS,2005-06-21,2005-06-27,431,465
6077,2-465-INTERVIEW LIAISONS,2005-07-11,2005-07-16,542,465
8905,2-465-INTERVIEW LIAISONS,2005-07-30,2005-08-04,240,465
14879,2-465-INTERVIEW LIAISONS,2005-08-22,2005-08-27,148,465
2332,1-465-INTERVIEW LIAISONS,2005-06-18,2005-06-24,140,465
6267,1-465-INTERVIEW LIAISONS,2005-07-11,2005-07-17,20,465
7590,1-465-INTERVIEW LIAISONS,2005-07-27,2005-07-28,73,465
14778,1-465-INTERVIEW LIAISONS,2005-08-21,2005-08-26,396,465
2462,1-465-INTERVIEW LIAISONS,2005-06-18,2005-06-21,468,465
5981,1-465-INTERVIEW LIAISONS,2005-07-11,2005-07-13,241,465
9898,1-465-INTERVIEW LIAISONS,2005-07-31,2005-08-01,359,465
14146,1-465-INTERVIEW LIAISONS,2005-08-21,2005-08-24,192,465
9994,2-465-INTERVIEW LIAISONS,2005-07-31,2005-08-01,195,465
11542,2-465-INTERVIEW LIAISONS,2005-08-17,2005-08-24,7,465
113,2-649-OZ LIAISONS,2005-05-25,2005-05-27,93,649
1281,2-649-OZ LIAISONS,2005-06-15,2005-06-17,511,649
6816,2-649-OZ LIAISONS,2005-07-12,2005-07-18,290,649
8351,2-649-OZ LIAISONS,2005-07-29,2005-07-30,202,649
15376,2-649-OZ LIAISONS,2005-08-22,2005-08-28,390,649
536,2-649-OZ LIAISONS,2005-05-28,2005-06-03,514,649
3340,2-649-OZ LIAISONS,2005-06-21,2005-06-26,540,649
4848,2-649-OZ LIAISONS,2005-07-08,2005-07-12,251,649
9143,2-649-OZ LIAISONS,2005-07-30,2005-08-07,511,649
13744,2-649-OZ LIAISONS,2005-08-20,2005-08-25,408,649
1497,1-649-OZ LIAISONS,2005-06-15,2005-06-20,44,649
3720,1-649-OZ LIAISONS,2005-07-06,2005-07-09,96,649
9769,1-649-OZ LIAISONS,2005-07-31,2005-08-06,484,649
15537,1-649-OZ LIAISONS,2005-08-23,2005-08-24,137,649
1505,2-649-OZ LIAISONS,2005-06-15,2005-06-17,561,649
4366,2-649-OZ LIAISONS,2005-07-07,2005-07-14,524,649
10857,2-649-OZ LIAISONS,2005-08-02,2005-08-04,360,649
14260,2-649-OZ LIAISONS,2005-08-21,2005-08-29,40,649
4663,1-649-OZ LIAISONS,2005-07-08,2005-07-10,139,649
7135,1-649-OZ LIAISONS,2005-07-27,2005-07-28,172,649
14786,1-649-OZ LIAISONS,2005-08-22,2005-08-25,370,649
5731,2-649-OZ LIAISONS,2005-07-10,2005-07-14,440,649
10157,2-649-OZ LIAISONS,2005-07-31,2005-08-01,232,649
12245,2-649-OZ LIAISONS,2005-08-18,2005-08-24,576,649
114,2-982-WOMEN DORADO,2005-05-25,2005-06-01,506,982
1390,2-982-WOMEN DORADO,2005-06-15,2005-06-19,254,982
3611,2-982-WOMEN DORADO,2005-07-06,2005-07-10,86,982
10983,2-982-WOMEN DORADO,2005-08-02,2005-08-09,380,982
11764,2-982-WOMEN DORADO,2005-08-17,2005-08-20,252,982
500,2-982-WOMEN DORADO,2005-05-28,2005-05-31,145,982
2414,2-982-WOMEN DORADO,2005-06-18,2005-06-20,275,982
4873,2-982-WOMEN DORADO,2005-07-08,2005-07-11,473,982
6962,2-982-WOMEN DORADO,2005-07-27,2005-07-30,245,982
15902,2-982-WOMEN DORADO,2005-08-23,2005-08-30,172,982
3548,1-982-WOMEN DORADO,2005-07-06,2005-07-08,16,982
8908,1-982-WOMEN DORADO,2005-07-30,2005-07-31,391,982
14341,1-982-WOMEN DORADO,2005-08-21,2005-08-26,560,982
3832,2-982-WOMEN DORADO,2005-07-06,2005-07-12,233,982
9424,2-982-WOMEN DORADO,2005-07-30,2005-08-05,256,982
12867,2-982-WOMEN DORADO,2005-08-19,2005-08-20,330,982
4286,1-982-WOMEN DORADO,2005-07-07,2005-07-11,111,982
9669,1-982-WOMEN DORADO,2005-07-31,2005-08-08,277,982
11676,1-982-WOMEN DORADO,2006-02-14,,216,982
8116,1-982-WOMEN DORADO,2005-07-28,2005-07-29,1,982
11919,1-982-WOMEN DORADO,2005-08-17,2005-08-20,40,982
10963,2-982-WOMEN DORADO,2005-08-02,2005-08-02,36,982
13020,2-982-WOMEN DORADO,2005-08-19,2005-08-28,92,982
115,1-164-COAST RAINBOW,2005-05-25,2005-05-29,455,164
1644,1-164-COAST RAINBOW,2005-06-16,2005-06-21,596,164
4255,1-164-COAST RAINBOW,2005-07-07,2005-07-12,10,164
10726,1-164-COAST RAINBOW,2005-08-01,2005-08-08,75,164
14402,1-164-COAST RAINBOW,2005-08-21,2005-08-27,467,164
337,2-164-COAST RAINBOW,2005-05-27,2005-06-02,19,164
1812,2-164-COAST RAINBOW,2005-06-16,2005-06-21,37,164
5055,2-164-COAST RAINBOW,2005-07-09,2005-07-14,54,164
8790,2-164-COAST RAINBOW,2005-07-29,2005-07-30,323,164
14581,2-164-COAST RAINBOW,2005-08-21,2005-08-26,243,164
395,2-164-COAST RAINBOW,2005-05-27,2005-05-31,575,164
2325,2-164-COAST RAINBOW,2005-06-18,2005-06-21,406,164
3913,2-164-COAST RAINBOW,2005-07-06,2005-07-08,494,164
8337,2-164-COAST RAINBOW,2005-07-29,2005-08-02,157,164
14258,2-164-COAST RAINBOW,2005-08-21,2005-08-26,359,164
1208,2-164-COAST RAINBOW,2005-06-15,2005-06-18,376,164
4396,2-164-COAST RAINBOW,2005-07-07,2005-07-10,275,164
8417,2-164-COAST RAINBOW,2005-07-29,2005-08-06,227,164
12548,2-164-COAST RAINBOW,2005-08-18,2005-08-27,426,164
11446,1-164-COAST RAINBOW,2005-08-02,2005-08-03,342,164
15693,1-164-COAST RAINBOW,2005-08-23,2005-08-25,94,164
116,1-973-WIFE TURN,2005-05-25,2005-05-26,18,973
2854,1-973-WIFE TURN,2005-06-19,2005-06-23,81,973
6282,1-973-WIFE TURN,2005-07-11,2005-07-15,60,973
8615,1-973-WIFE TURN,2005-07-29,2005-08-03,15,973
14715,1-973-WIFE TURN,2005-08-21,2005-08-26,287,973
440,1-973-WIFE TURN,2005-05-27,2005-05-29,314,973
2844,1-973-WIFE TURN,2005-06-19,2005-06-24,178,973
5387,1-973-WIFE TURN,2005-07-09,2005-07-11,244,973
11038,1-973-WIFE TURN,2005-08-02,2005-08-08,403,973
14511,1-973-WIFE TURN,2005-08-21,2005-08-28,16,973
575,1-973-WIFE TURN,2005-05-28,2005-06-05,142,973
2028,1-973-WIFE TURN,2005-06-17,2005-06-23,155,973
5094,1-973-WIFE TURN,2005-07-09,2005-07-18,178,973
7487,1-973-WIFE TURN,2005-07-27,2005-07-28,58,973
15398,1-973-WIFE TURN,2005-08-22,2005-08-28,109,973
1855,2-973-WIFE TURN,2005-06-17,2005-06-20,492,973
4480,2-973-WIFE TURN,2005-07-08,2005-07-10,296,973
9534,2-973-WIFE TURN,2005-07-31,2005-08-06,519,973
15812,2-973-WIFE TURN,2005-08-23,2005-09-01,45,973
2273,2-973-WIFE TURN,2005-06-18,2005-06-20,327,973
3715,2-973-WIFE TURN,2005-07-06,2005-07-11,228,973
7537,2-973-WIFE TURN,2005-07-27,2005-08-01,269,973
15201,2-973-WIFE TURN,2005-08-22,2005-08-31,301,973
4827,2-973-WIFE TURN,2005-07-08,2005-07-11,110,973
10382,2-973-WIFE TURN,2005-08-01,2005-08-02,242,973
13129,2-973-WIFE TURN,2005-08-19,2005-08-26,274,973
6594,2-973-WIFE TURN,2005-07-12,2005-07-13,517,973
10934,2-973-WIFE TURN,2005-08-02,2005-08-06,142,973
12472,2-973-WIFE TURN,2005-08-18,2005-08-27,297,973
8328,1-973-WIFE TURN,2005-07-29,2005-08-03,314,973
12414,1-973-WIFE TURN,2005-08-18,2005-08-26,32,973
117,2-931-VALENTINE VANISHING,2005-05-25,2005-05-31,7,931
2427,2-931-VALENTINE VANISHING,2005-06-18,2005-06-27,176,931
5123,2-931-VALENTINE VANISHING,2005-07-09,2005-07-14,219,931
10711,2-931-VALENTINE VANISHING,2005-08-01,2005-08-02,400,931
12076,2-931-VALENTINE VANISHING,2005-08-17,2005-08-20,298,931
942,2-931-VALENTINE VANISHING,2005-05-30,2005-06-08,473,931
2053,2-931-VALENTINE VANISHING,2005-06-17,2005-06-19,521,931
4748,2-931-VALENTINE VANISHING,2005-07-08,2005-07-15,9,931
9170,2-931-VALENTINE VANISHING,2005-07-30,2005-08-05,425,931
11626,2-931-VALENTINE VANISHING,2005-08-17,2005-08-23,266,931
10589,2-931-VALENTINE VANISHING,2005-08-01,2005-08-09,375,931
13007,2-931-VALENTINE VANISHING,2005-08-19,2005-08-26,430,931
118,2-191-CROOKED FROGMEN,2005-05-25,2005-05-31,524,191
2046,2-191-CROOKED FROGMEN,2005-06-17,2005-06-24,374,191
6801,2-191-CROOKED FROGMEN,2005-07-12,2005-07-21,500,191
10227,2-191-CROOKED FROGMEN,2005-08-01,2005-08-09,571,191
11763,2-191-CROOKED FROGMEN,2005-08-17,2005-08-21,586,191
1628,1-191-CROOKED FROGMEN,2005-06-16,2005-06-25,427,191
6774,1-191-CROOKED FROGMEN,2005-07-12,2005-07-13,171,191
10919,1-191-CROOKED FROGMEN,2005-08-02,2005-08-04,115,191
12714,1-191-CROOKED FROGMEN,2005-08-18,2005-08-27,372,191
1869,2-191-CROOKED FROGMEN,2005-06-17,2005-06-19,351,191
5462,2-191-CROOKED FROGMEN,2005-07-09,2005-07-11,583,191
11184,2-191-CROOKED FROGMEN,2005-08-02,2005-08-11,259,191
11909,2-191-CROOKED FROGMEN,2006-02-14,,474,191
2301,1-191-CROOKED FROGMEN,2005-06-18,2005-06-25,273,191
3555,1-191-CROOKED FROGMEN,2005-07-06,2005-07-10,537,191
11010,1-191-CROOKED FROGMEN,2005-08-02,2005-08-03,326,191
13362,1-191-CROOKED FROGMEN,2005-08-19,2005-08-20,565,191
2455,2-191-CROOKED FROGMEN,2005-06-18,2005-06-21,241,191
4299,2-191-CROOKED FROGMEN,2005-07-07,2005-07-16,80,191
7067,2-191-CROOKED FROGMEN,2005-07-27,2005-08-01,60,191
14367,2-191-CROOKED FROGMEN,2005-08-21,2005-08-26,244,191
7094,1-191-CROOKED FROGMEN,2005-07-27,2005-07-31,373,191
13488,1-191-CROOKED FROGMEN,2005-08-20,2005-08-25,444,191
119,1-300-FALCON VOLUME,2005-05-25,2005-05-29,51,300
1314,1-300-FALCON VOLUME,2005-06-15,2005-06-21,538,300
6145,1-300-FALCON VOLUME,2005-07-11,2005-07-19,540,300
10851,1-300-FALCON VOLUME,2005-08-01,2005-08-04,154,300
12605,1-300-FALCON VOLUME,2005-08-18,2005-08-20,496,300
848,2-300-FALCON VOLUME,2005-05-30,2005-06-05,436,300
1712,2-300-FALCON VOLUME,2005-06-16,2005-06-17,535,300
3788,2-300-FALCON VOLUME,2005-07-06,2005-07-10,379,300
10762,2-300-FALCON VOLUME,2005-08-01,2005-08-05,208,300
13541,2-300-FALCON VOLUME,2005-08-20,2005-08-24,15,300
1970,1-300-FALCON VOLUME,2005-06-17,2005-06-22,303,300
4696,1-300-FALCON VOLUME,2005-07-08,2005-07-14,424,300
8775,1-300-FALCON VOLUME,2005-07-29,2005-07-30,44,300
12130,1-300-FALCON VOLUME,2006-02-14,,516,300
2386,2-300-FALCON VOLUME,2005-06-18,2005-06-22,293,300
4529,2-300-FALCON VOLUME,2005-07-08,2005-07-16,104,300
8364,2-300-FALCON VOLUME,2005-07-29,2005-07-30,362,300
14324,2-300-FALCON VOLUME,2005-08-21,2005-08-30,155,300
8208,2-300-FALCON VOLUME,2005-07-28,2005-08-01,530,300
15835,2-300-FALCON VOLUME,2005-08-23,2005-09-01,128,300
8403,2-300-FALCON VOLUME,2005-07-29,2005-08-02,163,300
15222,2-300-FALCON VOLUME,2005-08-22,2005-08-27,390,300
120,2-8-AIRPORT POLLOCK,2005-05-25,2005-06-01,365,8
2360,2-8-AIRPORT POLLOCK,2005-06-18,2005-06-23,57,8
4626,2-8-AIRPORT POLLOCK,2005-07-08,2005-07-10,268,8
10422,2-8-AIRPORT POLLOCK,2005-08-01,2005-08-10,166,8
14483,2-8-AIRPORT POLLOCK,2005-08-21,2005-08-28,275,8
785,2-8-AIRPORT POLLOCK,2005-05-29,2005-05-30,72,8
1814,2-8-AIRPORT POLLOCK,2005-06-16,2005-06-23,144,8
3807,2-8-AIRPORT POLLOCK,2005-07-06,2005-07-10,425,8
10026,2-8-AIRPORT POLLOCK,2005-07-31,2005-08-03,332,8
12559,2-8-AIRPORT POLLOCK,2005-08-18,2005-08-25,513,8
1058,2-8-AIRPORT POLLOCK,2005-05-31,2005-06-03,116,8
2771,2-8-AIRPORT POLLOCK,2005-06-19,2005-06-27,262,8
3959,2-8-AIRPORT POLLOCK,2005-07-06,2005-07-13,448,8
8434,2-8-AIRPORT POLLOCK,2005-07-29,2005-07-30,141,8
11799,2-8-AIRPORT POLLOCK,2005-08-17,2005-08-25,501,8
6219,2-8-AIRPORT POLLOCK,2005-07-11,2005-07-13,303,8
7845,2-8-AIRPORT POLLOCK,2005-07-28,2005-08-04,352,8
15989,2-8-AIRPORT POLLOCK,2005-08-23,2005-08-26,96,8
121,2-234-DISTURBING SCARFACE,2005-05-25,2005-05-29,405,234
2049,2-234-DISTURBING SCARFACE,2005-06-17,2005-06-22,182,234
6483,2-234-DISTURBING SCARFACE,2005-07-12,2005-07-12,263,234
9447,2-234-DISTURBING SCARFACE,2005-07-30,2005-08-09,82,234
11515,2-234-DISTURBING SCARFACE,2005-08-16,2005-08-21,279,234
937,2-234-DISTURBING SCARFACE,2005-05-30,2005-06-05,304,234
1285,2-234-DISTURBING SCARFACE,2005-06-15,2005-06-19,254,234
6309,2-234-DISTURBING SCARFACE,2005-07-11,2005-07-13,232,234
10715,2-234-DISTURBING SCARFACE,2005-08-01,2005-08-06,386,234
12530,2-234-DISTURBING SCARFACE,2005-08-18,2005-08-26,521,234
1098,1-234-DISTURBING SCARFACE,2005-05-31,2005-06-09,425,234
1173,1-234-DISTURBING SCARFACE,2005-06-14,2005-06-19,191,234
5760,1-234-DISTURBING SCARFACE,2005-07-10,2005-07-14,154,234
9861,1-234-DISTURBING SCARFACE,2005-07-31,2005-08-09,264,234
12094,1-234-DISTURBING SCARFACE,2005-08-17,2005-08-23,130,234
1906,1-234-DISTURBING SCARFACE,2005-06-17,2005-06-21,455,234
6194,1-234-DISTURBING SCARFACE,2005-07-11,2005-07-15,83,234
9854,1-234-DISTURBING SCARFACE,2005-07-31,2005-08-03,441,234
13551,1-234-DISTURBING SCARFACE,2005-08-20,2005-08-21,503,234
5561,1-234-DISTURBING SCARFACE,2005-07-10,2005-07-15,369,234
8893,1-234-DISTURBING SCARFACE,2005-07-30,2005-08-01,147,234
11654,1-234-DISTURBING SCARFACE,2005-08-17,2005-08-18,218,234
8501,2-234-DISTURBING SCARFACE,2005-07-29,2005-07-30,309,234
14326,2-234-DISTURBING SCARFACE,2005-08-21,2005-08-27,17,234
9835,1-234-DISTURBING SCARFACE,2005-07-31,2005-08-04,328,234
15153,1-234-DISTURBING SCARFACE,2005-08-22,2005-08-27,512,234
122,2-638-OPERATION OPERATION,2005-05-25,2005-06-02,273,638
1825,2-638-OPERATION OPERATION,2005-06-16,2005-06-20,55,638
6633,2-638-OPERATION OPERATION,2005-07-12,2005-07-13,150,638
11198,2-638-OPERATION OPERATION,2005-08-02,2005-08-10,540,638
12517,2-638-OPERATION OPERATION,2005-08-18,2005-08-27,520,638
870,1-638-OPERATION OPERATION,2005-05-30,2005-06-06,391,638
2951,1-638-OPERATION OPERATION,2005-06-20,2005-06-24,404,638
6361,1-638-OPERATION OPERATION,2005-07-11,2005-07-14,561,638
8415,1-638-OPERATION OPERATION,2005-07-29,2005-08-02,128,638
15448,1-638-OPERATION OPERATION,2005-08-23,2005-08-25,490,638
1902,2-638-OPERATION OPERATION,2005-06-17,2005-06-20,479,638
5356,2-638-OPERATION OPERATION,2005-07-09,2005-07-14,188,638
7212,2-638-OPERATION OPERATION,2005-07-27,2005-08-01,591,638
12111,2-638-OPERATION OPERATION,2005-08-17,2005-08-22,317,638
3848,2-638-OPERATION OPERATION,2005-07-06,2005-07-14,188,638
7988,2-638-OPERATION OPERATION,2005-07-28,2005-08-05,517,638
14357,2-638-OPERATION OPERATION,2005-08-21,2005-08-22,233,638
4082,1-638-OPERATION OPERATION,2005-07-07,2005-07-12,108,638
7617,1-638-OPERATION OPERATION,2005-07-28,2005-08-01,340,638
12259,1-638-OPERATION OPERATION,2005-08-18,2005-08-18,429,638
6860,2-638-OPERATION OPERATION,2005-07-12,2005-07-18,91,638
8453,2-638-OPERATION OPERATION,2005-07-29,2005-07-30,32,638
15460,2-638-OPERATION OPERATION,2005-08-23,2005-08-28,20,638
8179,1-638-OPERATION OPERATION,2005-07-28,2005-07-30,578,638
14426,1-638-OPERATION OPERATION,2006-02-14,,315,638
11454,1-638-OPERATION OPERATION,2005-08-02,2005-08-05,199,638
13982,1-638-OPERATION OPERATION,2005-08-20,2005-08-28,448,638
123,1-390-GUYS FALCON,2005-05-25,2005-05-26,43,390
2938,1-390-GUYS FALCON,2005-06-20,2005-06-26,504,390
6541,1-390-GUYS FALCON,2005-07-12,2005-07-17,529,390
7447,1-390-GUYS FALCON,2005-07-27,2005-07-29,107,390
14903,1-390-GUYS FALCON,2005-08-22,2005-08-25,51,390
9390,1-390-GUYS FALCON,2005-07-30,2005-08-01,103,390
13752,1-390-GUYS FALCON,2005-08-20,2005-08-29,77,390
9524,1-390-GUYS FALCON,2005-07-31,2005-08-04,535,390
13420,1-390-GUYS FALCON,2005-08-19,2005-08-28,102,390
124,1-48-BACKLASH UNDEFEATED,2005-05-25,2005-05-30,246,48
3235,1-48-BACKLASH UNDEFEATED,2005-06-21,2005-06-22,49,48
4155,1-48-BACKLASH UNDEFEATED,2005-07-07,2005-07-13,548,48
8851,1-48-BACKLASH UNDEFEATED,2005-07-29,2005-08-05,445,48
14412,1-48-BACKLASH UNDEFEATED,2005-08-21,2005-08-29,121,48
227,2-48-BACKLASH UNDEFEATED,2005-05-26,2005-05-30,301,48
2870,2-48-BACKLASH UNDEFEATED,2005-06-20,2005-06-28,467,48
4806,2-48-BACKLASH UNDEFEATED,2005-07-08,2005-07-15,506,48
8076,2-48-BACKLASH UNDEFEATED,2005-07-28,2005-08-04,17,48
13263,2-48-BACKLASH UNDEFEATED,2005-08-19,2005-08-28,206,48
1118,1-48-BACKLASH UNDEFEATED,2005-05-31,2005-06-03,510,48
2739,1-48-BACKLASH UNDEFEATED,2005-06-19,2005-06-27,212,48
3561,1-48-BACKLASH UNDEFEATED,2005-07-06,2005-07-14,231,48
7233,1-48-BACKLASH UNDEFEATED,2005-07-27,2005-07-31,245,48
11818,1-48-BACKLASH UNDEFEATED,2005-08-17,2005-08-25,512,48
3230,2-48-BACKLASH UNDEFEATED,2005-06-21,2005-06-22,83,48
6667,2-48-BACKLASH UNDEFEATED,2005-07-12,2005-07-19,50,48
7948,2-48-BACKLASH UNDEFEATED,2005-07-28,2005-08-05,589,48
15826,2-48-BACKLASH UNDEFEATED,2005-08-23,2005-08-31,311,48
125,1-212-DARN FORRESTER,2005-05-25,2005-06-02,368,212
2722,1-212-DARN FORRESTER,2005-06-19,2005-06-25,45,212
4324,1-212-DARN FORRESTER,2005-07-07,2005-07-13,226,212
8298,1-212-DARN FORRESTER,2005-07-29,2005-08-05,493,212
14927,1-212-DARN FORRESTER,2005-08-22,2005-08-27,193,212
1275,1-212-DARN FORRESTER,2005-06-15,2005-06-20,214,212
5373,1-212-DARN FORRESTER,2005-07-09,2005-07-10,428,212
7412,1-212-DARN FORRESTER,2005-07-27,2005-08-04,582,212
14735,1-212-DARN FORRESTER,2005-08-21,2005-08-23,35,212
1657,2-212-DARN FORRESTER,2005-06-16,2005-06-22,209,212
4229,2-212-DARN FORRESTER,2005-07-07,2005-07-13,106,212
10347,2-212-DARN FORRESTER,2005-08-01,2005-08-04,574,212
16029,2-212-DARN FORRESTER,2005-08-23,2005-08-29,143,212
5354,1-212-DARN FORRESTER,2005-07-09,2005-07-15,354,212
8823,1-212-DARN FORRESTER,2005-07-29,2005-08-07,75,212
14154,1-212-DARN FORRESTER,2005-08-21,2005-08-28,468,212
8989,2-212-DARN FORRESTER,2005-07-30,2005-08-06,575,212
11618,2-212-DARN FORRESTER,2005-08-17,2005-08-23,175,212
126,1-445-HYDE DOCTOR,2005-05-25,2005-05-28,439,445
2829,1-445-HYDE DOCTOR,2005-06-19,2005-06-24,341,445
6465,1-445-HYDE DOCTOR,2005-07-12,2005-07-20,207,445
8406,1-445-HYDE DOCTOR,2005-07-29,2005-08-06,274,445
11496,1-445-HYDE DOCTOR,2006-02-14,,155,445
1102,2-445-HYDE DOCTOR,2005-05-31,2005-06-04,115,445
1636,2-445-HYDE DOCTOR,2005-06-16,2005-06-24,574,445
4011,2-445-HYDE DOCTOR,2005-07-07,2005-07-13,20,445
7801,2-445-HYDE DOCTOR,2005-07-28,2005-07-30,9,445
15410,2-445-HYDE DOCTOR,2005-08-22,2005-08-29,403,445
1155,1-445-HYDE DOCTOR,2005-05-31,2005-06-04,251,445
3094,1-445-HYDE DOCTOR,2005-06-20,2005-06-24,114,445
6318,1-445-HYDE DOCTOR,2005-07-11,2005-07-12,425,445
9287,1-445-HYDE DOCTOR,2005-07-30,2005-08-02,551,445
12443,1-445-HYDE DOCTOR,2005-08-18,2005-08-26,233,445
2186,2-445-HYDE DOCTOR,2005-06-18,2005-06-21,204,445
6128,2-445-HYDE DOCTOR,2005-07-11,2005-07-13,18,445
11277,2-445-HYDE DOCTOR,2005-08-02,2005-08-04,68,445
15677,2-445-HYDE DOCTOR,2005-08-23,2005-08-27,109,445
3406,1-445-HYDE DOCTOR,2005-06-21,2005-06-23,203,445
6598,1-445-HYDE DOCTOR,2005-07-12,2005-07-19,532,445
10727,1-445-HYDE DOCTOR,2005-08-01,2005-08-03,16,445
14806,1-445-HYDE DOCTOR,2005-08-22,2005-08-23,231,445
4904,2-445-HYDE DOCTOR,2005-07-08,2005-07-18,173,445
7581,2-445-HYDE DOCTOR,2005-07-27,2005-07-29,166,445
15647,2-445-HYDE DOCTOR,2005-08-23,2005-08-26,251,445
127,2-440-HUNGER ROOF,2005-05-25,2005-06-02,94,440
2704,2-440-HUNGER ROOF,2005-06-19,2005-06-26,246,440
5277,2-440-HUNGER ROOF,2005-07-09,2005-07-16,332,440
10627,2-440-HUNGER ROOF,2005-08-01,2005-08-02,472,440
11541,2-440-HUNGER ROOF,2006-02-14,,335,440
1358,2-440-HUNGER ROOF,2005-06-15,2005-06-21,442,440
5001,2-440-HUNGER ROOF,2005-07-09,2005-07-16,40,440
10270,2-440-HUNGER ROOF,2005-08-01,2005-08-07,168,440
14935,2-440-HUNGER ROOF,2005-08-22,2005-08-29,380,440
7000,1-440-HUNGER ROOF,2005-07-27,2005-08-03,31,440
14500,1-440-HUNGER ROOF,2005-08-21,2005-08-27,451,440
8634,1-440-HUNGER ROOF,2005-07-29,2005-08-07,335,440
12787,1-440-HUNGER ROOF,2005-08-19,2005-08-24,278,440
128,2-941-VIDEOTAPE ARSENIC,2005-05-25,2005-05-29,40,941
2508,2-941-VIDEOTAPE ARSENIC,2005-06-18,2005-06-20,476,941
5892,2-941-VIDEOTAPE ARSENIC,2005-07-10,2005-07-11,333,941
9825,2-941-VIDEOTAPE ARSENIC,2005-07-31,2005-08-02,390,941
13504,2-941-VIDEOTAPE ARSENIC,2005-08-20,2005-08-25,293,941
346,1-941-VIDEOTAPE ARSENIC,2005-05-27,2005-06-05,14,941
2470,1-941-VIDEOTAPE ARSENIC,2005-06-18,2005-06-25,40,941
5950,1-941-VIDEOTAPE ARSENIC,2005-07-10,2005-07-13,585,941
10183,1-941-VIDEOTAPE ARSENIC,2005-08-01,2005-08-09,377,941
13737,1-941-VIDEOTAPE ARSENIC,2005-08-20,2005-08-25,200,941
436,1-941-VIDEOTAPE ARSENIC,2005-05-27,2005-05-30,267,941
2723,1-941-VIDEOTAPE ARSENIC,2005-06-19,2005-06-20,277,941
5060,1-941-VIDEOTAPE ARSENIC,2005-07-09,2005-07-12,57,941
7806,1-941-VIDEOTAPE ARSENIC,2005-07-28,2005-08-06,440,941
14298,1-941-VIDEOTAPE ARSENIC,2005-08-21,2005-08-25,410,941
841,1-941-VIDEOTAPE ARSENIC,2005-05-30,2005-06-02,387,941
2452,1-941-VIDEOTAPE ARSENIC,2005-06-18,2005-06-26,77,941
6148,1-941-VIDEOTAPE ARSENIC,2005-07-11,2005-07-12,410,941
9666,1-941-VIDEOTAPE ARSENIC,2005-07-31,2005-08-06,592,941
15175,1-941-VIDEOTAPE ARSENIC,2005-08-22,2005-08-27,380,941
2063,2-941-VIDEOTAPE ARSENIC,2005-06-17,2005-06-21,5,941
4849,2-941-VIDEOTAPE ARSENIC,2005-07-08,2005-07-14,146,941
11271,2-941-VIDEOTAPE ARSENIC,2005-08-02,2005-08-07,93,941
13385,2-941-VIDEOTAPE ARSENIC,2005-08-19,2005-08-22,252,941
3961,1-941-VIDEOTAPE ARSENIC,2005-07-06,2005-07-09,364,941
9183,1-941-VIDEOTAPE ARSENIC,2005-07-30,2005-08-06,475,941
12658,1-941-VIDEOTAPE ARSENIC,2005-08-18,2005-08-19,193,941
11205,2-941-VIDEOTAPE ARSENIC,2005-08-02,2005-08-05,552,941
15160,2-941-VIDEOTAPE ARSENIC,2005-08-22,2005-08-28,249,941
129,1-902-TRADING PINOCCHIO,2005-05-25,2005-06-04,23,902
2742,1-902-TRADING PINOCCHIO,2005-06-19,2005-06-26,187,902
4241,1-902-TRADING PINOCCHIO,2005-07-07,2005-07-12,595,902
8737,1-902-TRADING PINOCCHIO,2005-07-29,2005-08-05,298,902
12754,1-902-TRADING PINOCCHIO,2005-08-18,2005-08-27,134,902
313,2-902-TRADING PINOCCHIO,2005-05-26,2005-05-29,594,902
2329,2-902-TRADING PINOCCHIO,2005-06-18,2005-06-20,587,902
6197,2-902-TRADING PINOCCHIO,2005-07-11,2005-07-12,596,902
9533,2-902-TRADING PINOCCHIO,2005-07-31,2005-08-07,522,902
12666,2-902-TRADING PINOCCHIO,2005-08-18,2005-08-21,251,902
2773,1-902-TRADING PINOCCHIO,2005-06-19,2005-06-28,505,902
4926,1-902-TRADING PINOCCHIO,2005-07-08,2005-07-18,415,902
8594,1-902-TRADING PINOCCHIO,2005-07-29,2005-08-02,115,902
15699,1-902-TRADING PINOCCHIO,2005-08-23,2005-08-30,501,902
3950,1-902-TRADING PINOCCHIO,2005-07-06,2005-07-14,598,902
7523,1-902-TRADING PINOCCHIO,2005-07-27,2005-07-28,410,902
15675,1-902-TRADING PINOCCHIO,2005-08-23,2005-08-30,293,902
4068,1-902-TRADING PINOCCHIO,2005-07-07,2005-07-11,206,902
10331,1-902-TRADING PINOCCHIO,2005-08-01,2005-08-07,575,902
15321,1-902-TRADING PINOCCHIO,2005-08-22,2005-08-24,384,902
5132,2-902-TRADING PINOCCHIO,2005-07-09,2005-07-16,101,902
9705,2-902-TRADING PINOCCHIO,2005-07-31,2005-08-01,28,902
12001,2-902-TRADING PINOCCHIO,2006-02-14,,52,902
7002,2-902-TRADING PINOCCHIO,2005-07-27,2005-08-01,349,902
13792,2-902-TRADING PINOCCHIO,2005-08-20,2005-08-27,78,902
130,2-869-SUSPECTS QUILLS,2005-05-25,2005-05-30,56,869
1634,2-869-SUSPECTS QUILLS,2005-06-16,2005-06-17,121,869
3995,2-869-SUSPECTS QUILLS,2005-07-06,2005-07-13,128,869
7871,2-869-SUSPECTS QUILLS,2005-07-28,2005-08-05,491,869
15719,2-869-SUSPECTS QUILLS,2005-08-23,2005-08-25,599,869
353,2-869-SUSPECTS QUILLS,2005-05-27,2005-06-03,503,869
2170,2-869-SUSPECTS QUILLS,2005-06-17,2005-06-22,42,869
6366,2-869-SUSPECTS QUILLS,2005-07-11,2005-07-17,366,869
8195,2-869-SUSPECTS QUILLS,2005-07-28,2005-08-04,590,869
12696,2-869-SUSPECTS QUILLS,2005-08-18,2005-08-19,374,869
1088,2-869-SUSPECTS QUILLS,2005-05-31,2005-06-06,356,869
3283,2-869-SUSPECTS QUILLS,2005-06-21,2005-06-26,372,869
5711,2-869-SUSPECTS QUILLS,2005-07-10,2005-07-13,481,869
10566,2-869-SUSPECTS QUILLS,2005-08-01,2005-08-05,269,869
14291,2-869-SUSPECTS QUILLS,2005-08-21,2005-08-26,56,869
1254,1-869-SUSPECTS QUILLS,2005-06-15,2005-06-21,571,869
6505,1-869-SUSPECTS QUILLS,2005-07-12,2005-07-17,415,869
8655,1-869-SUSPECTS QUILLS,2005-07-29,2005-08-04,232,869
15579,1-869-SUSPECTS QUILLS,2005-08-23,2005-08-29,480,869
1388,1-869-SUSPECTS QUILLS,2005-06-15,2005-06-22,500,869
4459,1-869-SUSPECTS QUILLS,2005-07-07,2005-07-13,227,869
9586,1-869-SUSPECTS QUILLS,2005-07-31,2005-08-04,415,869
12938,1-869-SUSPECTS QUILLS,2006-02-14,,28,869
3353,1-869-SUSPECTS QUILLS,2005-06-21,2005-06-27,236,869
5974,1-869-SUSPECTS QUILLS,2005-07-11,2005-07-18,517,869
8816,1-869-SUSPECTS QUILLS,2005-07-29,2005-08-01,209,869
14563,1-869-SUSPECTS QUILLS,2005-08-21,2005-08-25,212,869
6078,1-869-SUSPECTS QUILLS,2005-07-11,2005-07-17,91,869
10345,1-869-SUSPECTS QUILLS,2005-08-01,2005-08-04,42,869
11639,1-869-SUSPECTS QUILLS,2005-08-17,2005-08-25,462,869
131,2-177-CONNECTICUT TRAMP,2005-05-25,2005-05-30,325,177
2202,2-177-CONNECTICUT TRAMP,2005-06-18,2005-06-26,297,177
6218,2-177-CONNECTICUT TRAMP,2005-07-11,2005-07-16,410,177
8114,2-177-CONNECTICUT TRAMP,2005-07-28,2005-08-05,509,177
14934,2-177-CONNECTICUT TRAMP,2005-08-22,2005-08-26,226,177
1179,2-177-CONNECTICUT TRAMP,2005-06-15,2005-06-22,119,177
5759,2-177-CONNECTICUT TRAMP,2005-07-10,2005-07-16,591,177
9529,2-177-CONNECTICUT TRAMP,2005-07-31,2005-08-02,123,177
14953,2-177-CONNECTICUT TRAMP,2005-08-22,2005-08-28,182,177
2093,2-177-CONNECTICUT TRAMP,2005-06-17,2005-06-26,26,177
6414,2-177-CONNECTICUT TRAMP,2005-07-11,2005-07-18,502,177
7653,2-177-CONNECTICUT TRAMP,2005-07-28,2005-07-28,232,177
14686,2-177-CONNECTICUT TRAMP,2005-08-21,2005-08-26,34,177
132,2-738-ROCKETEER MOTHER,2005-05-25,2005-05-31,479,738
1625,2-738-ROCKETEER MOTHER,2005-06-16,2005-06-24,39,738
3901,2-738-ROCKETEER MOTHER,2005-07-06,2005-07-14,321,738
7301,2-738-ROCKETEER MOTHER,2005-07-27,2005-08-01,93,738
15612,2-738-ROCKETEER MOTHER,2005-08-23,2005-09-01,305,738
324,2-738-ROCKETEER MOTHER,2005-05-27,2005-05-30,292,738
1729,2-738-ROCKETEER MOTHER,2005-06-16,2005-06-25,523,738
6763,2-738-ROCKETEER MOTHER,2005-07-12,2005-07-18,314,738
9431,2-738-ROCKETEER MOTHER,2005-07-30,2005-08-03,39,738
14813,2-738-ROCKETEER MOTHER,2005-08-22,2005-08-24,142,738
434,1-738-ROCKETEER MOTHER,2005-05-27,2005-06-04,246,738
1211,1-738-ROCKETEER MOTHER,2005-06-15,2005-06-18,122,738
4169,1-738-ROCKETEER MOTHER,2005-07-07,2005-07-11,580,738
10591,1-738-ROCKETEER MOTHER,2005-08-01,2005-08-04,52,738
12187,1-738-ROCKETEER MOTHER,2005-08-18,2005-08-22,38,738
965,1-738-ROCKETEER MOTHER,2005-05-30,2005-05-31,502,738
1341,1-738-ROCKETEER MOTHER,2005-06-15,2005-06-21,344,738
4981,1-738-ROCKETEER MOTHER,2005-07-09,2005-07-16,399,738
11466,1-738-ROCKETEER MOTHER,2005-08-02,2005-08-06,556,738
13750,1-738-ROCKETEER MOTHER,2005-08-20,2005-08-29,246,738
1945,2-738-ROCKETEER MOTHER,2005-06-17,2005-06-23,207,738
3664,2-738-ROCKETEER MOTHER,2005-07-06,2005-07-08,528,738
8548,2-738-ROCKETEER MOTHER,2005-07-29,2005-08-04,14,738
13372,2-738-ROCKETEER MOTHER,2005-08-19,2005-08-24,150,738
2149,2-738-ROCKETEER MOTHER,2005-06-17,2005-06-26,333,738
3782,2-738-ROCKETEER MOTHER,2005-07-06,2005-07-09,515,738
7684,2-738-ROCKETEER MOTHER,2005-07-28,2005-07-31,40,738
15980,2-738-ROCKETEER MOTHER,2005-08-23,2005-08-24,196,738
4069,1-738-ROCKETEER MOTHER,2005-07-07,2005-07-10,570,738
11421,1-738-ROCKETEER MOTHER,2005-08-02,2005-08-12,473,738
12925,1-738-ROCKETEER MOTHER,2005-08-19,2005-08-27,57,738
11320,1-738-ROCKETEER MOTHER,2005-08-02,2005-08-05,550,738
11648,1-738-ROCKETEER MOTHER,2005-08-17,2005-08-26,465,738
135,1-21-AMERICAN CIRCUS,2005-05-25,2005-06-03,304,21
2803,1-21-AMERICAN CIRCUS,2005-06-19,2005-06-27,120,21
6793,1-21-AMERICAN CIRCUS,2005-07-12,2005-07-21,148,21
9374,1-21-AMERICAN CIRCUS,2005-07-30,2005-08-06,302,21
15643,1-21-AMERICAN CIRCUS,2005-08-23,2005-08-25,298,21
207,1-21-AMERICAN CIRCUS,2005-05-26,2005-05-27,47,21
1454,1-21-AMERICAN CIRCUS,2005-06-15,2005-06-17,298,21
4115,1-21-AMERICAN CIRCUS,2005-07-07,2005-07-14,371,21
10757,1-21-AMERICAN CIRCUS,2005-08-01,2005-08-04,188,21
14908,1-21-AMERICAN CIRCUS,2005-08-22,2005-08-25,349,21
1940,2-21-AMERICAN CIRCUS,2005-06-17,2005-06-22,451,21
6153,2-21-AMERICAN CIRCUS,2005-07-11,2005-07-19,47,21
11257,2-21-AMERICAN CIRCUS,2005-08-02,2005-08-11,468,21
12755,2-21-AMERICAN CIRCUS,2005-08-18,2005-08-22,439,21
3732,2-21-AMERICAN CIRCUS,2005-07-06,2005-07-08,318,21
9050,2-21-AMERICAN CIRCUS,2005-07-30,2005-08-06,40,21
13428,2-21-AMERICAN CIRCUS,2006-02-14,,44,21
4050,2-21-AMERICAN CIRCUS,2005-07-07,2005-07-15,528,21
10871,2-21-AMERICAN CIRCUS,2005-08-02,2005-08-05,75,21
12667,2-21-AMERICAN CIRCUS,2005-08-18,2005-08-27,545,21
7338,2-21-AMERICAN CIRCUS,2005-07-27,2005-08-03,251,21
12917,2-21-AMERICAN CIRCUS,2005-08-19,2005-08-20,152,21
136,1-500-KISS GLORY,2005-05-25,2005-05-31,504,500
1616,1-500-KISS GLORY,2005-06-16,2005-06-24,204,500
5115,1-500-KISS GLORY,2005-07-09,2005-07-16,212,500
7976,1-500-KISS GLORY,2005-07-28,2005-08-05,205,500
13703,1-500-KISS GLORY,2005-08-20,2005-08-27,356,500
3229,2-500-KISS GLORY,2005-06-21,2005-06-26,81,500
6920,2-500-KISS GLORY,2005-07-12,2005-07-19,109,500
9510,2-500-KISS GLORY,2005-07-31,2005-08-08,494,500
12998,2-500-KISS GLORY,2005-08-19,2005-08-24,354,500
5466,2-500-KISS GLORY,2005-07-09,2005-07-10,482,500
10977,2-500-KISS GLORY,2005-08-02,2005-08-06,300,500
14964,2-500-KISS GLORY,2005-08-22,2005-08-26,500,500
9977,2-500-KISS GLORY,2005-07-31,2005-08-09,363,500
13159,2-500-KISS GLORY,2005-08-19,2005-08-21,497,500
10054,2-500-KISS GLORY,2005-07-31,2005-08-04,598,500
13174,2-500-KISS GLORY,2005-08-19,2005-08-22,482,500
10320,1-500-KISS GLORY,2005-08-01,2005-08-08,152,500
13637,1-500-KISS GLORY,2005-08-20,2005-08-24,342,500
10517,1-500-KISS GLORY,2005-08-01,2005-08-05,199,500
12351,1-500-KISS GLORY,2005-08-18,2005-08-24,95,500
11040,1-500-KISS GLORY,2005-08-02,2005-08-03,223,500
11817,1-500-KISS GLORY,2005-08-17,2005-08-19,38,500
137,1-569-MENAGERIE RUSHMORE,2005-05-25,2005-06-01,560,569
2943,1-569-MENAGERIE RUSHMORE,2005-06-20,2005-06-25,418,569
6753,1-569-MENAGERIE RUSHMORE,2005-07-12,2005-07-18,147,569
9896,1-569-MENAGERIE RUSHMORE,2005-07-31,2005-08-01,586,569
15471,1-569-MENAGERIE RUSHMORE,2005-08-23,2005-08-31,139,569
11304,1-569-MENAGERIE RUSHMORE,2005-08-02,2005-08-06,413,569
11569,1-569-MENAGERIE RUSHMORE,2005-08-17,2005-08-24,504,569
138,1-898-TOURIST PELICAN,2005-05-25,2005-05-29,586,898
1192,1-898-TOURIST PELICAN,2005-06-15,2005-06-19,186,898
3657,1-898-TOURIST PELICAN,2005-07-06,2005-07-11,113,898
7509,1-898-TOURIST PELICAN,2005-07-27,2005-08-04,228,898
12577,1-898-TOURIST PELICAN,2005-08-18,2005-08-25,16,898
599,2-898-TOURIST PELICAN,2005-05-28,2005-06-01,393,898
1912,2-898-TOURIST PELICAN,2005-06-17,2005-06-20,538,898
6262,2-898-TOURIST PELICAN,2005-07-11,2005-07-17,355,898
9009,2-898-TOURIST PELICAN,2005-07-30,2005-08-07,166,898
13365,2-898-TOURIST PELICAN,2005-08-19,2005-08-25,307,898
688,1-898-TOURIST PELICAN,2005-05-29,2005-06-02,162,898
1627,1-898-TOURIST PELICAN,2005-06-16,2005-06-24,468,898
6482,1-898-TOURIST PELICAN,2005-07-12,2005-07-14,57,898
8360,1-898-TOURIST PELICAN,2005-07-29,2005-08-02,62,898
12097,1-898-TOURIST PELICAN,2005-08-17,2005-08-18,325,898
2606,1-898-TOURIST PELICAN,2005-06-19,2005-06-21,364,898
3731,1-898-TOURIST PELICAN,2005-07-06,2005-07-15,558,898
8847,1-898-TOURIST PELICAN,2005-07-29,2005-07-31,480,898
12985,1-898-TOURIST PELICAN,2005-08-19,2005-08-24,83,898
5729,2-898-TOURIST PELICAN,2005-07-10,2005-07-15,188,898
9966,2-898-TOURIST PELICAN,2005-07-31,2005-08-03,373,898
14460,2-898-TOURIST PELICAN,2005-08-21,2005-08-30,120,898
140,1-142-CHICKEN HELLFIGHTERS,2005-05-25,2005-05-27,354,142
1509,1-142-CHICKEN HELLFIGHTERS,2005-06-15,2005-06-23,167,142
6324,1-142-CHICKEN HELLFIGHTERS,2005-07-11,2005-07-17,386,142
7587,1-142-CHICKEN HELLFIGHTERS,2005-07-27,2005-08-01,113,142
16034,1-142-CHICKEN HELLFIGHTERS,2005-08-23,2005-08-29,502,142
274,1-142-CHICKEN HELLFIGHTERS,2005-05-26,2005-06-03,311,142
2409,1-142-CHICKEN HELLFIGHTERS,2005-06-18,2005-06-20,84,142
6806,1-142-CHICKEN HELLFIGHTERS,2005-07-12,2005-07-17,179,142
7924,1-142-CHICKEN HELLFIGHTERS,2005-07-28,2005-07-30,97,142
11819,1-142-CHICKEN HELLFIGHTERS,2005-08-17,2005-08-19,208,142
964,2-142-CHICKEN HELLFIGHTERS,2005-05-30,2005-06-04,287,142
3365,2-142-CHICKEN HELLFIGHTERS,2005-06-21,2005-06-23,133,142
4382,2-142-CHICKEN HELLFIGHTERS,2005-07-07,2005-07-14,26,142
6958,2-142-CHICKEN HELLFIGHTERS,2005-07-27,2005-07-28,333,142
14931,2-142-CHICKEN HELLFIGHTERS,2005-08-22,2005-08-28,63,142
1227,1-142-CHICKEN HELLFIGHTERS,2005-06-15,2005-06-21,428,142
5254,1-142-CHICKEN HELLFIGHTERS,2005-07-09,2005-07-13,263,142
11087,1-142-CHICKEN HELLFIGHTERS,2005-08-02,2005-08-10,2,142
12936,1-142-CHICKEN HELLFIGHTERS,2005-08-19,2005-08-28,387,142
6357,2-142-CHICKEN HELLFIGHTERS,2005-07-11,2005-07-12,252,142
9749,2-142-CHICKEN HELLFIGHTERS,2005-07-31,2005-08-06,52,142
14199,2-142-CHICKEN HELLFIGHTERS,2005-08-21,2005-08-23,442,142
141,2-176-CONGENIALITY QUEST,2005-05-25,2005-06-02,89,176
1955,2-176-CONGENIALITY QUEST,2005-06-17,2005-06-19,311,176
4634,2-176-CONGENIALITY QUEST,2005-07-08,2005-07-12,275,176
8957,2-176-CONGENIALITY QUEST,2005-07-30,2005-08-06,158,176
14381,2-176-CONGENIALITY QUEST,2005-08-21,2005-08-25,391,176
1037,2-176-CONGENIALITY QUEST,2005-05-31,2005-06-09,569,176
1379,2-176-CONGENIALITY QUEST,2005-06-15,2005-06-18,212,176
5908,2-176-CONGENIALITY QUEST,2005-07-10,2005-07-13,156,176
10211,2-176-CONGENIALITY QUEST,2005-08-01,2005-08-10,530,176
14378,2-176-CONGENIALITY QUEST,2005-08-21,2005-08-30,515,176
1410,1-176-CONGENIALITY QUEST,2005-06-15,2005-06-21,356,176
6005,1-176-CONGENIALITY QUEST,2005-07-11,2005-07-14,78,176
11061,1-176-CONGENIALITY QUEST,2005-08-02,2005-08-07,245,176
13044,1-176-CONGENIALITY QUEST,2005-08-19,2005-08-20,142,176
4247,1-176-CONGENIALITY QUEST,2005-07-07,2005-07-10,539,176
10393,1-176-CONGENIALITY QUEST,2005-08-01,2005-08-05,258,176
15418,1-176-CONGENIALITY QUEST,2005-08-22,2005-08-28,205,176
6794,2-176-CONGENIALITY QUEST,2005-07-12,2005-07-20,233,176
9569,2-176-CONGENIALITY QUEST,2005-07-31,2005-08-02,405,176
13720,2-176-CONGENIALITY QUEST,2005-08-20,2005-08-27,427,176
8287,2-176-CONGENIALITY QUEST,2005-07-29,2005-08-07,178,176
12561,2-176-CONGENIALITY QUEST,2005-08-18,2005-08-20,392,176
142,2-963-WATCH TRACY,2005-05-25,2005-05-29,472,963
3293,2-963-WATCH TRACY,2005-06-21,2005-06-25,481,963
6764,2-963-WATCH TRACY,2005-07-12,2005-07-21,396,963
8347,2-963-WATCH TRACY,2005-07-29,2005-07-31,157,963
13553,2-963-WATCH TRACY,2005-08-20,2005-08-28,314,963
3287,2-963-WATCH TRACY,2005-06-21,2005-06-24,62,963
6392,2-963-WATCH TRACY,2005-07-11,2005-07-16,468,963
7200,2-963-WATCH TRACY,2005-07-27,2005-08-02,78,963
13889,2-963-WATCH TRACY,2005-08-20,2005-08-22,501,963
3690,1-963-WATCH TRACY,2005-07-06,2005-07-07,435,963
8051,1-963-WATCH TRACY,2005-07-28,2005-07-29,192,963
15233,1-963-WATCH TRACY,2005-08-22,2005-08-24,197,963
8081,1-963-WATCH TRACY,2005-07-28,2005-08-04,362,963
12039,1-963-WATCH TRACY,2005-08-17,2005-08-23,563,963
9908,2-963-WATCH TRACY,2005-07-31,2005-08-09,27,963
15243,2-963-WATCH TRACY,2005-08-22,2005-08-31,308,963
143,1-186-CRAFT OUTFIELD,2005-05-25,2005-05-27,297,186
1486,1-186-CRAFT OUTFIELD,2005-06-15,2005-06-16,62,186
5480,1-186-CRAFT OUTFIELD,2005-07-09,2005-07-12,452,186
10494,1-186-CRAFT OUTFIELD,2005-08-01,2005-08-02,188,186
14392,1-186-CRAFT OUTFIELD,2005-08-21,2005-08-28,586,186
657,1-186-CRAFT OUTFIELD,2005-05-28,2005-06-01,65,186
1491,1-186-CRAFT OUTFIELD,2005-06-15,2005-06-20,354,186
5242,1-186-CRAFT OUTFIELD,2005-07-09,2005-07-18,12,186
8161,1-186-CRAFT OUTFIELD,2005-07-28,2005-08-03,555,186
12874,1-186-CRAFT OUTFIELD,2005-08-19,2005-08-22,254,186
4385,2-186-CRAFT OUTFIELD,2005-07-07,2005-07-11,564,186
8133,2-186-CRAFT OUTFIELD,2005-07-28,2005-08-01,461,186
12900,2-186-CRAFT OUTFIELD,2005-08-19,2005-08-24,408,186
5288,2-186-CRAFT OUTFIELD,2005-07-09,2005-07-16,120,186
8997,2-186-CRAFT OUTFIELD,2005-07-30,2005-08-03,31,186
13634,2-186-CRAFT OUTFIELD,2005-08-20,2005-08-22,411,186
144,1-368-GONE TROUBLE,2005-05-25,2005-06-01,357,368
1819,1-368-GONE TROUBLE,2005-06-16,2005-06-26,386,368
5893,1-368-GONE TROUBLE,2005-07-10,2005-07-14,439,368
11221,1-368-GONE TROUBLE,2005-08-02,2005-08-03,146,368
12468,1-368-GONE TROUBLE,2005-08-18,2005-08-24,80,368
729,1-368-GONE TROUBLE,2005-05-29,2005-06-04,323,368
1529,1-368-GONE TROUBLE,2005-06-16,2005-06-22,362,368
4577,1-368-GONE TROUBLE,2005-07-08,2005-07-16,442,368
10932,1-368-GONE TROUBLE,2005-08-02,2005-08-06,595,368
15283,1-368-GONE TROUBLE,2005-08-22,2005-08-31,219,368
145,1-852-STRANGELOVE DESIRE,2005-05-25,2005-05-31,82,852
2221,1-852-STRANGELOVE DESIRE,2005-06-18,2005-06-22,156,852
4947,1-852-STRANGELOVE DESIRE,2005-07-08,2005-07-17,388,852
7160,1-852-STRANGELOVE DESIRE,2005-07-27,2005-07-31,71,852
14644,1-852-STRANGELOVE DESIRE,2005-08-21,2005-08-29,453,852
872,1-852-STRANGELOVE DESIRE,2005-05-30,2005-06-06,548,852
2630,1-852-STRANGELOVE DESIRE,2005-06-19,2005-06-25,236,852
5944,1-852-STRANGELOVE DESIRE,2005-07-10,2005-07-18,432,852
9464,1-852-STRANGELOVE DESIRE,2005-07-30,2005-08-07,534,852
11897,1-852-STRANGELOVE DESIRE,2005-08-17,2005-08-23,238,852
1910,1-852-STRANGELOVE DESIRE,2005-06-17,2005-06-23,199,852
4037,1-852-STRANGELOVE DESIRE,2005-07-07,2005-07-16,594,852
9113,1-852-STRANGELOVE DESIRE,2005-07-30,2005-07-31,374,852
14439,1-852-STRANGELOVE DESIRE,2005-08-21,2005-08-30,564,852
4025,2-852-STRANGELOVE DESIRE,2005-07-07,2005-07-08,114,852
9470,2-852-STRANGELOVE DESIRE,2005-07-30,2005-08-07,566,852
14272,2-852-STRANGELOVE DESIRE,2005-08-21,2005-08-28,243,852
6298,2-852-STRANGELOVE DESIRE,2005-07-11,2005-07-13,256,852
8166,2-852-STRANGELOVE DESIRE,2005-07-28,2005-08-03,42,852
11584,2-852-STRANGELOVE DESIRE,2005-08-17,2005-08-22,479,852
7149,1-852-STRANGELOVE DESIRE,2005-07-27,2005-08-03,242,852
13235,1-852-STRANGELOVE DESIRE,2005-08-19,2005-08-27,367,852
8379,2-852-STRANGELOVE DESIRE,2005-07-29,2005-08-06,193,852
14000,2-852-STRANGELOVE DESIRE,2005-08-20,2005-08-28,276,852
146,1-313-FIDELITY DEVIL,2005-05-26,2005-06-04,433,313
3595,1-313-FIDELITY DEVIL,2005-07-06,2005-07-15,92,313
8671,1-313-FIDELITY DEVIL,2005-07-29,2005-08-05,577,313
14989,1-313-FIDELITY DEVIL,2005-08-22,2005-08-26,58,313
875,1-313-FIDELITY DEVIL,2005-05-30,2005-06-06,326,313
2216,1-313-FIDELITY DEVIL,2005-06-18,2005-06-19,320,313
6865,1-313-FIDELITY DEVIL,2005-07-12,2005-07-20,175,313
7822,1-313-FIDELITY DEVIL,2005-07-28,2005-07-31,156,313
13339,1-313-FIDELITY DEVIL,2005-08-19,2005-08-28,15,313
1255,2-313-FIDELITY DEVIL,2005-06-15,2005-06-16,526,313
5557,2-313-FIDELITY DEVIL,2005-07-10,2005-07-11,346,313
7092,2-313-FIDELITY DEVIL,2005-07-27,2005-08-03,345,313
13532,2-313-FIDELITY DEVIL,2005-08-20,2005-08-23,168,313
4729,1-313-FIDELITY DEVIL,2005-07-08,2005-07-10,205,313
9882,1-313-FIDELITY DEVIL,2005-07-31,2005-08-09,311,313
15602,1-313-FIDELITY DEVIL,2005-08-23,2005-08-24,81,313
5547,2-313-FIDELITY DEVIL,2005-07-10,2005-07-16,519,313
9311,2-313-FIDELITY DEVIL,2005-07-30,2005-08-07,178,313
12881,2-313-FIDELITY DEVIL,2005-08-19,2005-08-25,121,313
10907,1-313-FIDELITY DEVIL,2005-08-02,2005-08-02,561,313
14262,1-313-FIDELITY DEVIL,2005-08-21,2005-08-30,324,313
147,1-138-CHARIOTS CONSPIRACY,2005-05-26,2005-05-29,274,138
3043,1-138-CHARIOTS CONSPIRACY,2005-06-20,2005-06-29,599,138
6386,1-138-CHARIOTS CONSPIRACY,2005-07-11,2005-07-15,593,138
7309,1-138-CHARIOTS CONSPIRACY,2005-07-27,2005-07-29,317,138
14284,1-138-CHARIOTS CONSPIRACY,2005-08-21,2005-08-28,486,138
693,2-138-CHARIOTS CONSPIRACY,2005-05-29,2005-06-03,190,138
1568,2-138-CHARIOTS CONSPIRACY,2005-06-16,2005-06-19,178,138
5080,2-138-CHARIOTS CONSPIRACY,2005-07-09,2005-07-11,254,138
10372,2-138-CHARIOTS CONSPIRACY,2005-08-01,2005-08-06,419,138
14950,2-138-CHARIOTS CONSPIRACY,2005-08-22,2005-08-27,362,138
1989,1-138-CHARIOTS CONSPIRACY,2005-06-17,2005-06-19,35,138
3779,1-138-CHARIOTS CONSPIRACY,2005-07-06,2005-07-10,583,138
9055,1-138-CHARIOTS CONSPIRACY,2005-07-30,2005-08-01,512,138
13229,1-138-CHARIOTS CONSPIRACY,2005-08-19,2005-08-22,283,138
1992,2-138-CHARIOTS CONSPIRACY,2005-06-17,2005-06-19,233,138
5728,2-138-CHARIOTS CONSPIRACY,2005-07-10,2005-07-15,335,138
7003,2-138-CHARIOTS CONSPIRACY,2005-07-27,2005-07-30,161,138
12674,2-138-CHARIOTS CONSPIRACY,2005-08-18,2005-08-26,185,138
5157,2-138-CHARIOTS CONSPIRACY,2005-07-09,2005-07-12,463,138
7606,2-138-CHARIOTS CONSPIRACY,2005-07-28,2005-07-29,201,138
14830,2-138-CHARIOTS CONSPIRACY,2005-08-22,2005-08-27,590,138
148,2-924-UNFORGIVEN ZOOLANDER,2005-05-26,2005-06-01,142,924
2068,2-924-UNFORGIVEN ZOOLANDER,2005-06-17,2005-06-20,387,924
6173,2-924-UNFORGIVEN ZOOLANDER,2005-07-11,2005-07-15,419,924
10573,2-924-UNFORGIVEN ZOOLANDER,2005-08-01,2005-08-04,585,924
11533,2-924-UNFORGIVEN ZOOLANDER,2005-08-17,2005-08-22,264,924
571,1-924-UNFORGIVEN ZOOLANDER,2005-05-28,2005-06-05,516,924
3411,1-924-UNFORGIVEN ZOOLANDER,2005-06-21,2005-06-28,12,924
3954,1-924-UNFORGIVEN ZOOLANDER,2005-07-06,2005-07-08,558,924
11138,1-924-UNFORGIVEN ZOOLANDER,2005-08-02,2005-08-11,458,924
13380,1-924-UNFORGIVEN ZOOLANDER,2005-08-19,2005-08-22,451,924
1700,2-924-UNFORGIVEN ZOOLANDER,2005-06-16,2005-06-21,456,924
4809,2-924-UNFORGIVEN ZOOLANDER,2005-07-08,2005-07-17,474,924
11342,2-924-UNFORGIVEN ZOOLANDER,2005-08-02,2005-08-07,179,924
11870,2-924-UNFORGIVEN ZOOLANDER,2005-08-17,2005-08-24,432,924
7613,2-924-UNFORGIVEN ZOOLANDER,2005-07-28,2005-08-06,202,924
11920,2-924-UNFORGIVEN ZOOLANDER,2005-08-17,2005-08-20,402,924
8260,1-924-UNFORGIVEN ZOOLANDER,2005-07-29,2005-08-06,366,924
14762,1-924-UNFORGIVEN ZOOLANDER,2005-08-21,2005-08-23,1,924
149,1-242-DOOM DANCING,2005-05-26,2005-06-02,319,242
2254,1-242-DOOM DANCING,2005-06-18,2005-06-27,281,242
5571,1-242-DOOM DANCING,2005-07-10,2005-07-11,76,242
8374,1-242-DOOM DANCING,2005-07-29,2005-08-05,589,242
13803,1-242-DOOM DANCING,2005-08-20,2005-08-24,486,242
230,1-242-DOOM DANCING,2005-05-26,2005-05-30,58,242
2200,1-242-DOOM DANCING,2005-06-18,2005-06-26,229,242
4510,1-242-DOOM DANCING,2005-07-08,2005-07-17,27,242
9641,1-242-DOOM DANCING,2005-07-31,2005-08-04,30,242
11837,1-242-DOOM DANCING,2005-08-17,2005-08-26,81,242
545,2-242-DOOM DANCING,2005-05-28,2005-06-04,54,242
2896,2-242-DOOM DANCING,2005-06-20,2005-06-26,40,242
6369,2-242-DOOM DANCING,2005-07-11,2005-07-13,252,242
8744,2-242-DOOM DANCING,2005-07-29,2005-08-05,280,242
12193,2-242-DOOM DANCING,2005-08-18,2005-08-25,290,242
2906,2-242-DOOM DANCING,2005-06-20,2005-06-23,58,242
3627,2-242-DOOM DANCING,2005-07-06,2005-07-11,322,242
9328,2-242-DOOM DANCING,2005-07-30,2005-08-05,89,242
14779,2-242-DOOM DANCING,2005-08-22,2005-08-31,279,242
9177,2-242-DOOM DANCING,2005-07-30,2005-08-08,400,242
15279,2-242-DOOM DANCING,2005-08-22,2005-08-30,363,242
150,1-202-DADDY PITTSBURGH,2005-05-26,2005-06-01,429,202
2439,1-202-DADDY PITTSBURGH,2005-06-18,2005-06-21,39,202
6327,1-202-DADDY PITTSBURGH,2005-07-11,2005-07-15,146,202
9320,1-202-DADDY PITTSBURGH,2005-07-30,2005-08-06,221,202
13919,1-202-DADDY PITTSBURGH,2005-08-20,2005-08-23,129,202
384,1-202-DADDY PITTSBURGH,2005-05-27,2005-06-02,371,202
1911,1-202-DADDY PITTSBURGH,2005-06-17,2005-06-24,3,202
6147,1-202-DADDY PITTSBURGH,2005-07-11,2005-07-17,35,202
8387,1-202-DADDY PITTSBURGH,2005-07-29,2005-07-31,428,202
14817,1-202-DADDY PITTSBURGH,2005-08-22,2005-08-27,215,202
4826,1-202-DADDY PITTSBURGH,2005-07-08,2005-07-16,180,202
8084,1-202-DADDY PITTSBURGH,2005-07-28,2005-08-03,571,202
12882,1-202-DADDY PITTSBURGH,2005-08-19,2005-08-21,153,202
151,1-646-OUTBREAK DIVINE,2005-05-26,2005-05-30,14,646
2351,1-646-OUTBREAK DIVINE,2005-06-18,2005-06-23,216,646
6802,1-646-OUTBREAK DIVINE,2005-07-12,2005-07-17,298,646
8856,1-646-OUTBREAK DIVINE,2005-07-29,2005-08-07,365,646
15701,1-646-OUTBREAK DIVINE,2005-08-23,2005-08-24,516,646
161,1-646-OUTBREAK DIVINE,2005-05-26,2005-05-27,182,646
3001,1-646-OUTBREAK DIVINE,2005-06-20,2005-06-28,393,646
3816,1-646-OUTBREAK DIVINE,2005-07-06,2005-07-14,489,646
8238,1-646-OUTBREAK DIVINE,2005-07-29,2005-08-02,320,646
15632,1-646-OUTBREAK DIVINE,2005-08-23,2005-08-24,60,646
232,2-646-OUTBREAK DIVINE,2005-05-26,2005-05-27,256,646
3348,2-646-OUTBREAK DIVINE,2005-06-21,2005-06-27,16,646
4067,2-646-OUTBREAK DIVINE,2005-07-07,2005-07-16,469,646
10153,2-646-OUTBREAK DIVINE,2005-07-31,2005-08-06,297,646
15679,2-646-OUTBREAK DIVINE,2005-08-23,2005-08-28,103,646
609,2-646-OUTBREAK DIVINE,2005-05-28,2005-06-05,150,646
2638,2-646-OUTBREAK DIVINE,2005-06-19,2005-06-26,295,646
3503,2-646-OUTBREAK DIVINE,2005-07-06,2005-07-08,449,646
8205,2-646-OUTBREAK DIVINE,2005-07-28,2005-07-30,434,646
12535,2-646-OUTBREAK DIVINE,2005-08-18,2005-08-25,516,646
6634,1-646-OUTBREAK DIVINE,2005-07-12,2005-07-13,50,646
10658,1-646-OUTBREAK DIVINE,2005-08-01,2005-08-09,469,646
14233,1-646-OUTBREAK DIVINE,2005-08-21,2005-08-28,599,646
152,1-575-MIDSUMMER GROUNDHOG,2005-05-26,2005-06-03,57,575
2502,1-575-MIDSUMMER GROUNDHOG,2005-06-18,2005-06-20,325,575
5522,1-575-MIDSUMMER GROUNDHOG,2005-07-10,2005-07-18,573,575
10384,1-575-MIDSUMMER GROUNDHOG,2005-08-01,2005-08-02,366,575
14671,1-575-MIDSUMMER GROUNDHOG,2005-08-21,2005-08-22,53,575
529,2-575-MIDSUMMER GROUNDHOG,2005-05-28,2005-05-30,469,575
3064,2-575-MIDSUMMER GROUNDHOG,2005-06-20,2005-06-25,276,575
3718,2-575-MIDSUMMER GROUNDHOG,2005-07-06,2005-07-12,56,575
7669,2-575-MIDSUMMER GROUNDHOG,2005-07-28,2005-07-29,483,575
12590,2-575-MIDSUMMER GROUNDHOG,2005-08-18,2005-08-23,308,575
2973,2-575-MIDSUMMER GROUNDHOG,2005-06-20,2005-06-24,96,575
4568,2-575-MIDSUMMER GROUNDHOG,2005-07-08,2005-07-09,122,575
9691,2-575-MIDSUMMER GROUNDHOG,2005-07-31,2005-08-09,50,575
11823,2-575-MIDSUMMER GROUNDHOG,2005-08-17,2005-08-22,352,575
3973,2-575-MIDSUMMER GROUNDHOG,2005-07-06,2005-07-16,592,575
10979,2-575-MIDSUMMER GROUNDHOG,2005-08-02,2005-08-06,160,575
12871,2-575-MIDSUMMER GROUNDHOG,2005-08-19,2005-08-22,217,575
4131,1-575-MIDSUMMER GROUNDHOG,2005-07-07,2005-07-08,58,575
11101,1-575-MIDSUMMER GROUNDHOG,2005-08-02,2005-08-06,80,575
13461,1-575-MIDSUMMER GROUNDHOG,2005-08-20,2005-08-28,421,575
7223,2-575-MIDSUMMER GROUNDHOG,2005-07-27,2005-08-04,325,575
14430,2-575-MIDSUMMER GROUNDHOG,2005-08-21,2005-08-26,5,575
153,2-849-STORM HAPPINESS,2005-05-26,2005-05-27,348,849
2336,2-849-STORM HAPPINESS,2005-06-18,2005-06-25,124,849
5215,2-849-STORM HAPPINESS,2005-07-09,2005-07-18,528,849
8766,2-849-STORM HAPPINESS,2005-07-29,2005-08-02,338,849
11853,2-849-STORM HAPPINESS,2005-08-17,2005-08-23,6,849
574,1-849-STORM HAPPINESS,2005-05-28,2005-06-04,76,849
1686,1-849-STORM HAPPINESS,2005-06-16,2005-06-20,529,849
3672,1-849-STORM HAPPINESS,2005-07-06,2005-07-11,283,849
10267,1-849-STORM HAPPINESS,2005-08-01,2005-08-07,72,849
14397,1-849-STORM HAPPINESS,2005-08-21,2005-08-24,47,849
1874,1-849-STORM HAPPINESS,2005-06-17,2005-06-24,30,849
5960,1-849-STORM HAPPINESS,2005-07-10,2005-07-11,239,849
7615,1-849-STORM HAPPINESS,2005-07-28,2005-07-31,373,849
13931,1-849-STORM HAPPINESS,2005-08-20,2005-08-27,32,849
3349,2-849-STORM HAPPINESS,2005-06-21,2005-06-22,336,849
4054,2-849-STORM HAPPINESS,2005-07-07,2005-07-10,260,849
10478,2-849-STORM HAPPINESS,2005-08-01,2005-08-06,417,849
12799,2-849-STORM HAPPINESS,2005-08-19,2005-08-22,197,849
5269,2-849-STORM HAPPINESS,2005-07-09,2005-07-17,230,849
10218,2-849-STORM HAPPINESS,2005-08-01,2005-08-05,101,849
12047,2-849-STORM HAPPINESS,2005-08-17,2005-08-26,251,849
5389,1-849-STORM HAPPINESS,2005-07-09,2005-07-17,484,849
7307,1-849-STORM HAPPINESS,2005-07-27,2005-07-29,595,849
15334,1-849-STORM HAPPINESS,2005-08-22,2005-08-29,407,849
5861,1-849-STORM HAPPINESS,2005-07-10,2005-07-14,277,849
10114,1-849-STORM HAPPINESS,2005-07-31,2005-08-02,218,849
13495,1-849-STORM HAPPINESS,2005-08-20,2005-08-23,92,849
11152,2-849-STORM HAPPINESS,2005-08-02,2005-08-11,494,849
13741,2-849-STORM HAPPINESS,2005-08-20,2005-08-21,195,849
154,1-299-FACTORY DRAGON,2005-05-26,2005-05-29,185,299
1817,1-299-FACTORY DRAGON,2005-06-16,2005-06-19,574,299
6123,1-299-FACTORY DRAGON,2005-07-11,2005-07-15,200,299
9981,1-299-FACTORY DRAGON,2005-07-31,2005-08-01,321,299
13134,1-299-FACTORY DRAGON,2005-08-19,2005-08-20,184,299
1116,1-299-FACTORY DRAGON,2005-05-31,2005-06-01,256,299
2466,1-299-FACTORY DRAGON,2005-06-18,2005-06-20,427,299
6331,1-299-FACTORY DRAGON,2005-07-11,2005-07-18,295,299
7670,1-299-FACTORY DRAGON,2005-07-28,2005-07-29,252,299
13354,1-299-FACTORY DRAGON,2005-08-19,2005-08-27,213,299
3143,1-299-FACTORY DRAGON,2005-06-20,2005-06-26,215,299
4342,1-299-FACTORY DRAGON,2005-07-07,2005-07-09,120,299
9865,1-299-FACTORY DRAGON,2005-07-31,2005-08-02,580,299
12328,1-299-FACTORY DRAGON,2005-08-18,2005-08-23,77,299
6433,1-299-FACTORY DRAGON,2005-07-12,2005-07-21,101,299
9606,1-299-FACTORY DRAGON,2005-07-31,2005-08-01,253,299
12070,1-299-FACTORY DRAGON,2005-08-17,2005-08-22,158,299
155,2-65-BEHAVIOR RUNAWAY,2005-05-26,2005-06-01,551,65
1718,2-65-BEHAVIOR RUNAWAY,2005-06-16,2005-06-25,516,65
3787,2-65-BEHAVIOR RUNAWAY,2005-07-06,2005-07-09,474,65
7987,2-65-BEHAVIOR RUNAWAY,2005-07-28,2005-08-05,443,65
14891,2-65-BEHAVIOR RUNAWAY,2005-08-22,2005-08-27,482,65
3209,2-65-BEHAVIOR RUNAWAY,2005-06-21,2005-06-22,307,65
4563,2-65-BEHAVIOR RUNAWAY,2005-07-08,2005-07-16,522,65
10612,2-65-BEHAVIOR RUNAWAY,2005-08-01,2005-08-06,554,65
13682,2-65-BEHAVIOR RUNAWAY,2005-08-20,2005-08-21,30,65
7470,2-65-BEHAVIOR RUNAWAY,2005-07-27,2005-08-05,564,65
14967,2-65-BEHAVIOR RUNAWAY,2005-08-22,2005-08-23,67,65
9439,2-65-BEHAVIOR RUNAWAY,2005-07-30,2005-08-06,479,65
13155,2-65-BEHAVIOR RUNAWAY,2005-08-19,2005-08-25,442,65
156,1-702-PULP BEVERLY,2005-05-26,2005-05-27,462,702
1431,1-702-PULP BEVERLY,2005-06-15,2005-06-21,438,702
5100,1-702-PULP BEVERLY,2005-07-09,2005-07-10,101,702
10502,1-702-PULP BEVERLY,2005-08-01,2005-08-05,357,702
13383,1-702-PULP BEVERLY,2005-08-19,2005-08-28,434,702
256,1-702-PULP BEVERLY,2005-05-26,2005-05-31,436,702
2400,1-702-PULP BEVERLY,2005-06-18,2005-06-25,410,702
6666,1-702-PULP BEVERLY,2005-07-12,2005-07-14,314,702
8657,1-702-PULP BEVERLY,2005-07-29,2005-07-31,236,702
14328,1-702-PULP BEVERLY,2005-08-21,2005-08-25,489,702
376,2-702-PULP BEVERLY,2005-05-27,2005-06-02,542,702
2595,2-702-PULP BEVERLY,2005-06-19,2005-06-25,122,702
5427,2-702-PULP BEVERLY,2005-07-09,2005-07-14,499,702
8307,2-702-PULP BEVERLY,2005-07-29,2005-08-06,39,702
14746,2-702-PULP BEVERLY,2005-08-21,2005-08-27,284,702
522,1-702-PULP BEVERLY,2005-05-28,2005-05-31,382,702
3154,1-702-PULP BEVERLY,2005-06-20,2005-06-23,550,702
5292,1-702-PULP BEVERLY,2005-07-09,2005-07-11,62,702
10544,1-702-PULP BEVERLY,2005-08-01,2005-08-07,589,702
13885,1-702-PULP BEVERLY,2005-08-20,2005-08-26,537,702
3186,2-702-PULP BEVERLY,2005-06-20,2005-06-29,406,702
3916,2-702-PULP BEVERLY,2005-07-06,2005-07-12,46,702
10078,2-702-PULP BEVERLY,2005-07-31,2005-08-04,151,702
11545,2-702-PULP BEVERLY,2005-08-17,2005-08-25,257,702
7989,2-702-PULP BEVERLY,2005-07-28,2005-08-05,149,702
12966,2-702-PULP BEVERLY,2005-08-19,2005-08-26,69,702
8641,2-702-PULP BEVERLY,2005-07-29,2005-08-02,30,702
12246,2-702-PULP BEVERLY,2005-08-18,2005-08-25,258,702
8692,1-702-PULP BEVERLY,2005-07-29,2005-08-01,88,702
15297,1-702-PULP BEVERLY,2006-02-14,,327,702
157,1-197-CRUSADE HONEY,2005-05-26,2005-05-26,344,197
1424,1-197-CRUSADE HONEY,2005-06-15,2005-06-24,224,197
4581,1-197-CRUSADE HONEY,2005-07-08,2005-07-16,591,197
9943,1-197-CRUSADE HONEY,2005-07-31,2005-08-09,494,197
15762,1-197-CRUSADE HONEY,2005-08-23,2005-08-26,351,197
3560,1-197-CRUSADE HONEY,2005-07-06,2005-07-10,592,197
10968,1-197-CRUSADE HONEY,2005-08-02,2005-08-11,234,197
12523,1-197-CRUSADE HONEY,2005-08-18,2005-08-27,230,197
158,1-523-LIGHTS DEER,2005-05-26,2005-06-03,354,523
2140,1-523-LIGHTS DEER,2005-06-17,2005-06-19,56,523
5701,1-523-LIGHTS DEER,2005-07-10,2005-07-16,91,523
7354,1-523-LIGHTS DEER,2005-07-27,2005-08-03,598,523
12469,1-523-LIGHTS DEER,2005-08-18,2005-08-24,237,523
6396,1-523-LIGHTS DEER,2005-07-11,2005-07-19,507,523
8876,1-523-LIGHTS DEER,2005-07-30,2005-08-02,579,523
12519,1-523-LIGHTS DEER,2005-08-18,2005-08-24,203,523
159,1-757-SAGEBRUSH CLUELESS,2005-05-26,2005-05-29,505,757
3408,1-757-SAGEBRUSH CLUELESS,2005-06-21,2005-06-27,282,757
3658,1-757-SAGEBRUSH CLUELESS,2005-07-06,2005-07-15,253,757
9385,1-757-SAGEBRUSH CLUELESS,2005-07-30,2005-08-08,570,757
11869,1-757-SAGEBRUSH CLUELESS,2005-08-17,2005-08-24,19,757
1928,2-757-SAGEBRUSH CLUELESS,2005-06-17,2005-06-26,353,757
4083,2-757-SAGEBRUSH CLUELESS,2005-07-07,2005-07-08,490,757
7419,2-757-SAGEBRUSH CLUELESS,2005-07-27,2005-08-05,352,757
14693,2-757-SAGEBRUSH CLUELESS,2005-08-21,2005-08-29,269,757
6809,2-757-SAGEBRUSH CLUELESS,2005-07-12,2005-07-17,168,757
9931,2-757-SAGEBRUSH CLUELESS,2005-07-31,2005-08-04,183,757
15394,2-757-SAGEBRUSH CLUELESS,2005-08-22,2005-08-25,507,757
7286,1-757-SAGEBRUSH CLUELESS,2005-07-27,2005-08-04,498,757
15424,1-757-SAGEBRUSH CLUELESS,2005-08-23,2005-08-27,138,757
9545,1-757-SAGEBRUSH CLUELESS,2005-07-31,2005-08-09,594,757
15753,1-757-SAGEBRUSH CLUELESS,2005-08-23,2005-09-01,144,757
160,2-410-HEAVEN FREEDOM,2005-05-26,2005-06-01,290,410
1415,2-410-HEAVEN FREEDOM,2005-06-15,2005-06-16,331,410
5313,2-410-HEAVEN FREEDOM,2005-07-09,2005-07-17,52,410
10563,2-410-HEAVEN FREEDOM,2005-08-01,2005-08-09,214,410
15809,2-410-HEAVEN FREEDOM,2005-08-23,2005-08-27,431,410
923,2-410-HEAVEN FREEDOM,2005-05-30,2005-06-05,37,410
2424,2-410-HEAVEN FREEDOM,2005-06-18,2005-06-23,233,410
5052,2-410-HEAVEN FREEDOM,2005-07-09,2005-07-12,305,410
7313,2-410-HEAVEN FREEDOM,2005-07-27,2005-08-02,396,410
12702,2-410-HEAVEN FREEDOM,2005-08-18,2005-08-27,474,410
2219,1-410-HEAVEN FREEDOM,2005-06-18,2005-06-22,393,410
5208,1-410-HEAVEN FREEDOM,2005-07-09,2005-07-10,560,410
10259,1-410-HEAVEN FREEDOM,2005-08-01,2005-08-03,566,410
13264,1-410-HEAVEN FREEDOM,2005-08-19,2005-08-27,109,410
7107,1-410-HEAVEN FREEDOM,2005-07-27,2005-08-02,104,410
14971,1-410-HEAVEN FREEDOM,2005-08-22,2005-08-28,378,410
11270,1-410-HEAVEN FREEDOM,2005-08-02,2005-08-03,418,410
15712,1-410-HEAVEN FREEDOM,2005-08-23,2005-08-29,351,410
162,1-272-EDGE KISSING,2005-05-26,2005-05-27,296,272
1769,1-272-EDGE KISSING,2005-06-16,2005-06-22,397,272
6336,1-272-EDGE KISSING,2005-07-11,2005-07-20,471,272
8868,1-272-EDGE KISSING,2005-07-30,2005-08-01,512,272
15998,1-272-EDGE KISSING,2005-08-23,2005-08-27,545,272
559,1-272-EDGE KISSING,2005-05-28,2005-06-05,572,272
2298,1-272-EDGE KISSING,2005-06-18,2005-06-24,497,272
6008,1-272-EDGE KISSING,2005-07-11,2005-07-18,216,272
8680,1-272-EDGE KISSING,2005-07-29,2005-07-31,330,272
12979,1-272-EDGE KISSING,2005-08-19,2005-08-21,267,272
4677,1-272-EDGE KISSING,2005-07-08,2005-07-14,258,272
9770,1-272-EDGE KISSING,2005-07-31,2005-08-09,317,272
13076,1-272-EDGE KISSING,2005-08-19,2005-08-22,201,272
10826,1-272-EDGE KISSING,2005-08-01,2005-08-08,476,272
12115,1-272-EDGE KISSING,2005-08-17,2005-08-20,457,272
163,1-501-KISSING DOLLS,2005-05-26,2005-06-04,104,501
2529,1-501-KISSING DOLLS,2005-06-19,2005-06-24,478,501
3495,1-501-KISSING DOLLS,2005-07-05,2005-07-10,553,501
10650,1-501-KISSING DOLLS,2005-08-01,2005-08-09,242,501
15754,1-501-KISSING DOLLS,2005-08-23,2005-08-27,356,501
984,1-501-KISSING DOLLS,2005-05-30,2005-06-01,262,501
2784,1-501-KISSING DOLLS,2005-06-19,2005-06-28,289,501
5070,1-501-KISSING DOLLS,2005-07-09,2005-07-09,407,501
10028,1-501-KISSING DOLLS,2005-07-31,2005-08-01,323,501
1844,2-501-KISSING DOLLS,2005-06-16,2005-06-22,454,501
5574,2-501-KISSING DOLLS,2005-07-10,2005-07-19,163,501
11106,2-501-KISSING DOLLS,2005-08-02,2005-08-03,287,501
15877,2-501-KISSING DOLLS,2005-08-23,2005-08-26,559,501
2328,1-501-KISSING DOLLS,2005-06-18,2005-06-21,441,501
6578,1-501-KISSING DOLLS,2005-07-12,2005-07-15,229,501
10942,1-501-KISSING DOLLS,2005-08-02,2005-08-11,78,501
12126,1-501-KISSING DOLLS,2005-08-17,2005-08-23,302,501
2506,2-501-KISSING DOLLS,2005-06-18,2005-06-25,82,501
6270,2-501-KISSING DOLLS,2005-07-11,2005-07-18,292,501
8784,2-501-KISSING DOLLS,2005-07-29,2005-07-30,580,501
164,1-239-DOGMA FAMILY,2005-05-26,2005-05-28,151,239
1790,1-239-DOGMA FAMILY,2005-06-16,2005-06-17,158,239
6286,1-239-DOGMA FAMILY,2005-07-11,2005-07-13,140,239
9279,1-239-DOGMA FAMILY,2005-07-30,2005-08-07,567,239
14076,1-239-DOGMA FAMILY,2005-08-20,2005-08-24,574,239
764,1-239-DOGMA FAMILY,2005-05-29,2005-05-31,149,239
2096,1-239-DOGMA FAMILY,2005-06-17,2005-06-21,431,239
6126,1-239-DOGMA FAMILY,2005-07-11,2005-07-16,230,239
8637,1-239-DOGMA FAMILY,2005-07-29,2005-08-04,310,239
14038,1-239-DOGMA FAMILY,2005-08-20,2005-08-27,589,239
1297,2-239-DOGMA FAMILY,2005-06-15,2005-06-19,4,239
5787,2-239-DOGMA FAMILY,2005-07-10,2005-07-19,44,239
8142,2-239-DOGMA FAMILY,2005-07-28,2005-07-31,322,239
13416,2-239-DOGMA FAMILY,2005-08-19,2005-08-21,204,239
1809,1-239-DOGMA FAMILY,2005-06-16,2005-06-25,517,239
4974,1-239-DOGMA FAMILY,2005-07-09,2005-07-13,152,239
8515,1-239-DOGMA FAMILY,2005-07-29,2005-08-05,477,239
15569,1-239-DOGMA FAMILY,2005-08-23,2005-08-30,313,239
2887,2-239-DOGMA FAMILY,2005-06-20,2005-06-25,453,239
5840,2-239-DOGMA FAMILY,2005-07-10,2005-07-15,72,239
9301,2-239-DOGMA FAMILY,2005-07-30,2005-07-31,174,239
13368,2-239-DOGMA FAMILY,2005-08-19,2005-08-21,342,239
2912,2-239-DOGMA FAMILY,2005-06-20,2005-06-21,196,239
5057,2-239-DOGMA FAMILY,2005-07-09,2005-07-14,178,239
7690,2-239-DOGMA FAMILY,2005-07-28,2005-07-29,150,239
12010,2-239-DOGMA FAMILY,2005-08-17,2005-08-26,554,239
7705,1-239-DOGMA FAMILY,2005-07-28,2005-08-05,22,239
13170,1-239-DOGMA FAMILY,2005-08-19,2005-08-27,176,239
10431,2-239-DOGMA FAMILY,2005-08-01,2005-08-07,138,239
11813,2-239-DOGMA FAMILY,2005-08-17,2005-08-21,36,239
165,1-600-MOTIONS DETAILS,2005-05-26,2005-06-02,33,600
2935,1-600-MOTIONS DETAILS,2005-06-20,2005-06-28,384,600
3473,1-600-MOTIONS DETAILS,2005-07-05,2005-07-12,60,600
10673,1-600-MOTIONS DETAILS,2005-08-01,2005-08-03,528,600
11536,1-600-MOTIONS DETAILS,2005-08-17,2005-08-21,428,600
2637,2-600-MOTIONS DETAILS,2005-06-19,2005-06-27,327,600
6687,2-600-MOTIONS DETAILS,2005-07-12,2005-07-19,128,600
8313,2-600-MOTIONS DETAILS,2005-07-29,2005-08-02,91,600
15653,2-600-MOTIONS DETAILS,2005-08-23,2005-09-01,439,600
2669,1-600-MOTIONS DETAILS,2005-06-19,2005-06-20,523,600
5093,1-600-MOTIONS DETAILS,2005-07-09,2005-07-10,597,600
10985,1-600-MOTIONS DETAILS,2005-08-02,2005-08-03,186,600
14518,1-600-MOTIONS DETAILS,2005-08-21,2005-08-24,82,600
5101,2-600-MOTIONS DETAILS,2005-07-09,2005-07-11,154,600
10845,2-600-MOTIONS DETAILS,2005-08-01,2005-08-08,42,600
15745,2-600-MOTIONS DETAILS,2006-02-14,,43,600
166,2-850-STORY SIDE,2005-05-26,2005-05-31,322,850
1615,2-850-STORY SIDE,2005-06-16,2005-06-25,362,850
3781,2-850-STORY SIDE,2005-07-06,2005-07-15,23,850
10429,2-850-STORY SIDE,2005-08-01,2005-08-10,511,850
15913,2-850-STORY SIDE,2005-08-23,2005-08-31,93,850
447,1-850-STORY SIDE,2005-05-27,2005-06-05,133,850
2811,1-850-STORY SIDE,2005-06-19,2005-06-22,457,850
5852,1-850-STORY SIDE,2005-07-10,2005-07-15,484,850
10508,1-850-STORY SIDE,2005-08-01,2005-08-02,431,850
13311,1-850-STORY SIDE,2005-08-19,2005-08-20,520,850
1316,1-850-STORY SIDE,2005-06-15,2005-06-21,138,850
5905,1-850-STORY SIDE,2005-07-10,2005-07-19,10,850
7811,1-850-STORY SIDE,2005-07-28,2005-07-30,347,850
14400,1-850-STORY SIDE,2005-08-21,2005-08-26,569,850
2428,2-850-STORY SIDE,2005-06-18,2005-06-19,241,850
5503,2-850-STORY SIDE,2005-07-10,2005-07-12,262,850
7114,2-850-STORY SIDE,2005-07-27,2005-07-29,121,850
13002,2-850-STORY SIDE,2005-08-19,2005-08-26,477,850
3254,2-850-STORY SIDE,2005-06-21,2005-06-22,472,850
5061,2-850-STORY SIDE,2005-07-09,2005-07-12,230,850
8738,2-850-STORY SIDE,2005-07-29,2005-08-02,210,850
14052,2-850-STORY SIDE,2005-08-20,2005-08-22,514,850
3997,2-850-STORY SIDE,2005-07-06,2005-07-14,52,850
10822,2-850-STORY SIDE,2005-08-01,2005-08-02,343,850
12046,2-850-STORY SIDE,2005-08-17,2005-08-19,435,850
4700,1-850-STORY SIDE,2005-07-08,2005-07-12,317,850
7369,1-850-STORY SIDE,2005-07-27,2005-07-30,139,850
12448,1-850-STORY SIDE,2005-08-18,2005-08-21,72,850
167,2-190-CREEPERS KANE,2005-05-26,2005-05-27,401,190
2680,2-190-CREEPERS KANE,2005-06-19,2005-06-27,114,190
5472,2-190-CREEPERS KANE,2005-07-09,2005-07-10,165,190
8381,2-190-CREEPERS KANE,2005-07-29,2005-07-31,313,190
12008,2-190-CREEPERS KANE,2005-08-17,2005-08-18,562,190
2450,2-190-CREEPERS KANE,2005-06-18,2005-06-27,230,190
6516,2-190-CREEPERS KANE,2005-07-12,2005-07-14,291,190
10160,2-190-CREEPERS KANE,2005-07-31,2005-08-05,295,190
15463,2-190-CREEPERS KANE,2005-08-23,2005-08-29,127,190
4001,2-190-CREEPERS KANE,2005-07-07,2005-07-13,120,190
7105,2-190-CREEPERS KANE,2005-07-27,2005-07-28,15,190
13758,2-190-CREEPERS KANE,2005-08-20,2005-08-29,255,190
11368,2-190-CREEPERS KANE,2005-08-02,2005-08-07,153,190
14902,2-190-CREEPERS KANE,2005-08-22,2005-08-23,423,190
168,2-595-MOON BUNCH,2005-05-26,2005-06-02,469,595
1843,2-595-MOON BUNCH,2005-06-16,2005-06-22,132,595
6106,2-595-MOON BUNCH,2005-07-11,2005-07-20,185,595
9518,2-595-MOON BUNCH,2005-07-31,2005-08-04,215,595
13905,2-595-MOON BUNCH,2005-08-20,2005-08-28,437,595
751,2-595-MOON BUNCH,2005-05-29,2005-06-02,53,595
1353,2-595-MOON BUNCH,2005-06-15,2005-06-21,480,595
5041,2-595-MOON BUNCH,2005-07-09,2005-07-13,305,595
10439,2-595-MOON BUNCH,2005-08-01,2005-08-08,332,595
11821,2-595-MOON BUNCH,2005-08-17,2005-08-18,20,595
1540,1-595-MOON BUNCH,2005-06-16,2005-06-20,586,595
4123,1-595-MOON BUNCH,2005-07-07,2005-07-10,469,595
7402,1-595-MOON BUNCH,2005-07-27,2005-08-05,287,595
12113,1-595-MOON BUNCH,2005-08-17,2005-08-25,393,595
2379,1-595-MOON BUNCH,2005-06-18,2005-06-24,597,595
4935,1-595-MOON BUNCH,2005-07-08,2005-07-12,230,595
9703,1-595-MOON BUNCH,2005-07-31,2005-08-03,57,595
13378,1-595-MOON BUNCH,2005-08-19,2005-08-20,368,595
3387,1-595-MOON BUNCH,2005-06-21,2005-06-24,305,595
5572,1-595-MOON BUNCH,2005-07-10,2005-07-14,458,595
7563,1-595-MOON BUNCH,2005-07-27,2005-08-01,453,595
14110,1-595-MOON BUNCH,2005-08-21,2005-08-24,35,595
4622,1-595-MOON BUNCH,2005-07-08,2005-07-10,289,595
8352,1-595-MOON BUNCH,2005-07-29,2005-08-06,168,595
14232,1-595-MOON BUNCH,2005-08-21,2005-08-29,176,595
7215,2-595-MOON BUNCH,2005-07-27,2005-08-05,473,595
13356,2-595-MOON BUNCH,2005-08-19,2005-08-24,324,595
10631,2-595-MOON BUNCH,2005-08-01,2005-08-03,304,595
15066,2-595-MOON BUNCH,2005-08-22,2005-08-23,530,595
170,2-806-SLEEPY JAPANESE,2005-05-26,2005-06-02,107,806
3333,2-806-SLEEPY JAPANESE,2005-06-21,2005-06-25,111,806
3634,2-806-SLEEPY JAPANESE,2005-07-06,2005-07-10,245,806
9567,2-806-SLEEPY JAPANESE,2005-07-31,2005-08-07,37,806
15191,2-806-SLEEPY JAPANESE,2006-02-14,,75,806
720,2-806-SLEEPY JAPANESE,2005-05-29,2005-06-06,480,806
2634,2-806-SLEEPY JAPANESE,2005-06-19,2005-06-20,318,806
4728,2-806-SLEEPY JAPANESE,2005-07-08,2005-07-13,462,806
11475,2-806-SLEEPY JAPANESE,2005-08-02,2005-08-09,194,806
12197,2-806-SLEEPY JAPANESE,2005-08-18,2005-08-26,564,806
1590,1-806-SLEEPY JAPANESE,2005-06-16,2005-06-23,98,806
5404,1-806-SLEEPY JAPANESE,2005-07-09,2005-07-13,236,806
7199,1-806-SLEEPY JAPANESE,2005-07-27,2005-08-03,292,806
13944,1-806-SLEEPY JAPANESE,2005-08-20,2005-08-23,408,806
1687,1-806-SLEEPY JAPANESE,2005-06-16,2005-06-18,140,806
3674,1-806-SLEEPY JAPANESE,2005-07-06,2005-07-13,559,806
9285,1-806-SLEEPY JAPANESE,2005-07-30,2005-08-06,273,806
11989,1-806-SLEEPY JAPANESE,2005-08-17,2005-08-20,439,806
5180,1-806-SLEEPY JAPANESE,2005-07-09,2005-07-12,494,806
10945,1-806-SLEEPY JAPANESE,2005-08-02,2005-08-09,532,806
15067,1-806-SLEEPY JAPANESE,2005-08-22,2005-08-24,461,806
172,2-630-NOTTING SPEAKEASY,2005-05-26,2005-05-29,176,630
1898,2-630-NOTTING SPEAKEASY,2005-06-17,2005-06-25,143,630
3742,2-630-NOTTING SPEAKEASY,2005-07-06,2005-07-15,96,630
8046,2-630-NOTTING SPEAKEASY,2005-07-28,2005-07-31,120,630
14423,2-630-NOTTING SPEAKEASY,2005-08-21,2005-08-26,521,630
5111,2-630-NOTTING SPEAKEASY,2005-07-09,2005-07-10,12,630
10767,2-630-NOTTING SPEAKEASY,2005-08-01,2005-08-04,488,630
14930,2-630-NOTTING SPEAKEASY,2005-08-22,2005-08-30,584,630
7400,2-630-NOTTING SPEAKEASY,2005-07-27,2005-07-31,133,630
13830,2-630-NOTTING SPEAKEASY,2005-08-20,2005-08-25,61,630
173,1-786-SHEPHERD MIDSUMMER,2005-05-26,2005-05-28,533,786
1872,1-786-SHEPHERD MIDSUMMER,2005-06-17,2005-06-20,206,786
5524,1-786-SHEPHERD MIDSUMMER,2005-07-10,2005-07-14,386,786
7851,1-786-SHEPHERD MIDSUMMER,2005-07-28,2005-08-04,253,786
11574,1-786-SHEPHERD MIDSUMMER,2005-08-17,2005-08-18,277,786
934,1-786-SHEPHERD MIDSUMMER,2005-05-30,2005-06-08,60,786
2657,1-786-SHEPHERD MIDSUMMER,2005-06-19,2005-06-28,19,786
5676,1-786-SHEPHERD MIDSUMMER,2005-07-10,2005-07-13,153,786
8562,1-786-SHEPHERD MIDSUMMER,2005-07-29,2005-07-30,255,786
12752,1-786-SHEPHERD MIDSUMMER,2005-08-18,2005-08-27,514,786
2720,2-786-SHEPHERD MIDSUMMER,2005-06-19,2005-06-27,504,786
5724,2-786-SHEPHERD MIDSUMMER,2005-07-10,2005-07-16,289,786
7732,2-786-SHEPHERD MIDSUMMER,2005-07-28,2005-07-29,158,786
15163,2-786-SHEPHERD MIDSUMMER,2005-08-22,2005-08-26,100,786
2822,2-786-SHEPHERD MIDSUMMER,2005-06-19,2005-06-23,48,786
6275,2-786-SHEPHERD MIDSUMMER,2005-07-11,2005-07-17,333,786
9476,2-786-SHEPHERD MIDSUMMER,2005-07-30,2005-08-04,197,786
12974,2-786-SHEPHERD MIDSUMMER,2005-08-19,2005-08-25,218,786
3904,2-786-SHEPHERD MIDSUMMER,2005-07-06,2005-07-11,485,786
9885,2-786-SHEPHERD MIDSUMMER,2005-07-31,2005-08-07,461,786
11590,2-786-SHEPHERD MIDSUMMER,2005-08-17,2005-08-20,491,786
10246,2-786-SHEPHERD MIDSUMMER,2005-08-01,2005-08-09,261,786
15968,2-786-SHEPHERD MIDSUMMER,2005-08-23,2005-08-24,257,786
10665,1-786-SHEPHERD MIDSUMMER,2005-08-01,2005-08-03,133,786
12791,1-786-SHEPHERD MIDSUMMER,2005-08-19,2005-08-22,573,786
174,2-862-SUMMER SCARFACE,2005-05-26,2005-05-28,552,862
3063,2-862-SUMMER SCARFACE,2005-06-20,2005-06-28,515,862
6158,2-862-SUMMER SCARFACE,2005-07-11,2005-07-13,92,862
7422,2-862-SUMMER SCARFACE,2005-07-27,2005-08-03,286,862
12953,2-862-SUMMER SCARFACE,2005-08-19,2005-08-28,429,862
2098,1-862-SUMMER SCARFACE,2005-06-17,2005-06-19,274,862
5059,1-862-SUMMER SCARFACE,2005-07-09,2005-07-15,396,862
8239,1-862-SUMMER SCARFACE,2005-07-29,2005-07-29,549,862
14390,1-862-SUMMER SCARFACE,2005-08-21,2005-08-28,366,862
4783,1-862-SUMMER SCARFACE,2005-07-08,2005-07-16,214,862
11398,1-862-SUMMER SCARFACE,2005-08-02,2005-08-10,6,862
15734,1-862-SUMMER SCARFACE,2005-08-23,2005-08-27,302,862
9181,1-862-SUMMER SCARFACE,2005-07-30,2005-08-02,224,862
11995,1-862-SUMMER SCARFACE,2006-02-14,,69,862
10333,2-862-SUMMER SCARFACE,2005-08-01,2005-08-04,499,862
14122,2-862-SUMMER SCARFACE,2005-08-21,2005-08-27,86,862
175,1-947-VISION TORQUE,2005-05-26,2005-06-03,47,947
3075,1-947-VISION TORQUE,2005-06-20,2005-06-28,161,947
4881,1-947-VISION TORQUE,2005-07-08,2005-07-09,349,947
8474,1-947-VISION TORQUE,2005-07-29,2005-08-01,323,947
15208,1-947-VISION TORQUE,2005-08-22,2005-08-30,267,947
8442,1-947-VISION TORQUE,2005-07-29,2005-08-03,185,947
11607,1-947-VISION TORQUE,2005-08-17,2005-08-20,242,947
176,2-187-CRANES RESERVOIR,2005-05-26,2005-06-01,250,187
2820,2-187-CRANES RESERVOIR,2005-06-19,2005-06-26,316,187
4499,2-187-CRANES RESERVOIR,2005-07-08,2005-07-10,199,187
10529,2-187-CRANES RESERVOIR,2005-08-01,2005-08-08,444,187
11789,2-187-CRANES RESERVOIR,2005-08-17,2005-08-26,150,187
3440,2-187-CRANES RESERVOIR,2005-06-21,2005-06-27,491,187
3614,2-187-CRANES RESERVOIR,2005-07-06,2005-07-11,502,187
8629,2-187-CRANES RESERVOIR,2005-07-29,2005-08-03,567,187
15103,2-187-CRANES RESERVOIR,2005-08-22,2005-08-25,101,187
10858,2-187-CRANES RESERVOIR,2005-08-02,2005-08-05,312,187
12376,2-187-CRANES RESERVOIR,2005-08-18,2005-08-20,116,187
177,1-775-SEATTLE EXPECATIONS,2005-05-26,2005-06-01,548,775
1584,1-775-SEATTLE EXPECATIONS,2005-06-16,2005-06-21,434,775
4852,1-775-SEATTLE EXPECATIONS,2005-07-08,2005-07-15,418,775
6977,1-775-SEATTLE EXPECATIONS,2005-07-27,2005-08-02,429,775
12648,1-775-SEATTLE EXPECATIONS,2005-08-18,2005-08-25,519,775
288,2-775-SEATTLE EXPECATIONS,2005-05-26,2005-06-03,82,775
1458,2-775-SEATTLE EXPECATIONS,2005-06-15,2005-06-21,178,775
6869,2-775-SEATTLE EXPECATIONS,2005-07-12,2005-07-13,278,775
7700,2-775-SEATTLE EXPECATIONS,2005-07-28,2005-08-05,124,775
13202,2-775-SEATTLE EXPECATIONS,2005-08-19,2005-08-27,381,775
585,1-775-SEATTLE EXPECATIONS,2005-05-28,2005-06-03,490,775
1692,1-775-SEATTLE EXPECATIONS,2005-06-16,2005-06-17,514,775
5602,1-775-SEATTLE EXPECATIONS,2005-07-10,2005-07-14,253,775
9552,1-775-SEATTLE EXPECATIONS,2005-07-31,2005-08-01,261,775
14329,1-775-SEATTLE EXPECATIONS,2005-08-21,2005-08-28,6,775
900,1-775-SEATTLE EXPECATIONS,2005-05-30,2005-06-07,586,775
2304,1-775-SEATTLE EXPECATIONS,2005-06-18,2005-06-23,327,775
4884,1-775-SEATTLE EXPECATIONS,2005-07-08,2005-07-15,425,775
9583,1-775-SEATTLE EXPECATIONS,2005-07-31,2005-08-06,568,775
14266,1-775-SEATTLE EXPECATIONS,2005-08-21,2005-08-23,269,775
2361,2-775-SEATTLE EXPECATIONS,2005-06-18,2005-06-23,546,775
5245,2-775-SEATTLE EXPECATIONS,2005-07-09,2005-07-12,115,775
9579,2-775-SEATTLE EXPECATIONS,2005-07-31,2005-08-06,35,775
13719,2-775-SEATTLE EXPECATIONS,2006-02-14,,208,775
178,2-326-FLYING HOOK,2005-05-26,2005-06-04,196,326
2861,2-326-FLYING HOOK,2005-06-19,2005-06-26,116,326
6795,2-326-FLYING HOOK,2005-07-12,2005-07-21,245,326
10390,2-326-FLYING HOOK,2005-08-01,2005-08-09,502,326
14243,2-326-FLYING HOOK,2006-02-14,,264,326
3104,2-326-FLYING HOOK,2005-06-20,2005-06-28,196,326
4692,2-326-FLYING HOOK,2005-07-08,2005-07-09,288,326
11307,2-326-FLYING HOOK,2005-08-02,2005-08-06,15,326
14791,2-326-FLYING HOOK,2005-08-22,2005-08-30,317,326
3465,2-326-FLYING HOOK,2005-06-21,2005-06-30,510,326
3480,2-326-FLYING HOOK,2005-07-05,2005-07-12,382,326
8600,2-326-FLYING HOOK,2005-07-29,2005-07-31,226,326
15547,2-326-FLYING HOOK,2005-08-23,2005-08-26,69,326
5163,1-326-FLYING HOOK,2005-07-09,2005-07-17,103,326
7770,1-326-FLYING HOOK,2005-07-28,2005-08-06,507,326
15244,1-326-FLYING HOOK,2005-08-22,2005-08-28,271,326
10820,2-326-FLYING HOOK,2005-08-01,2005-08-02,97,326
11786,2-326-FLYING HOOK,2005-08-17,2005-08-24,435,326
10865,1-326-FLYING HOOK,2005-08-02,2005-08-09,201,326
14043,1-326-FLYING HOOK,2005-08-20,2005-08-21,586,326
179,2-563-MASSACRE USUAL,2005-05-26,2005-06-03,19,563
2346,2-563-MASSACRE USUAL,2005-06-18,2005-06-27,308,563
4428,2-563-MASSACRE USUAL,2005-07-07,2005-07-11,181,563
7096,2-563-MASSACRE USUAL,2005-07-27,2005-08-03,3,563
11771,2-563-MASSACRE USUAL,2005-08-17,2005-08-25,324,563
257,1-563-MASSACRE USUAL,2005-05-26,2005-05-29,373,563
2693,1-563-MASSACRE USUAL,2005-06-19,2005-06-27,107,563
3890,1-563-MASSACRE USUAL,2005-07-06,2005-07-10,553,563
8001,1-563-MASSACRE USUAL,2005-07-28,2005-08-05,10,563
15523,1-563-MASSACRE USUAL,2005-08-23,2005-08-26,432,563
857,1-563-MASSACRE USUAL,2005-05-30,2005-06-02,204,563
3130,1-563-MASSACRE USUAL,2005-06-20,2005-06-29,341,563
5181,1-563-MASSACRE USUAL,2005-07-09,2005-07-17,45,563
7036,1-563-MASSACRE USUAL,2005-07-27,2005-07-28,70,563
11555,1-563-MASSACRE USUAL,2005-08-17,2005-08-18,372,563
1044,2-563-MASSACRE USUAL,2005-05-31,2005-06-03,70,563
2982,2-563-MASSACRE USUAL,2005-06-20,2005-06-28,130,563
6394,2-563-MASSACRE USUAL,2005-07-11,2005-07-20,52,563
11009,2-563-MASSACRE USUAL,2005-08-02,2005-08-08,596,563
11933,2-563-MASSACRE USUAL,2005-08-17,2005-08-22,438,563
1190,1-563-MASSACRE USUAL,2005-06-15,2005-06-23,370,563
6204,1-563-MASSACRE USUAL,2005-07-11,2005-07-13,362,563
7324,1-563-MASSACRE USUAL,2005-07-27,2005-08-04,462,563
15230,1-563-MASSACRE USUAL,2005-08-22,2005-08-25,466,563
5278,2-563-MASSACRE USUAL,2005-07-09,2005-07-15,532,563
10642,2-563-MASSACRE USUAL,2005-08-01,2005-08-02,294,563
14688,2-563-MASSACRE USUAL,2005-08-21,2005-08-27,219,563
6765,1-563-MASSACRE USUAL,2005-07-12,2005-07-19,433,563
10656,1-563-MASSACRE USUAL,2005-08-01,2005-08-09,80,563
15893,1-563-MASSACRE USUAL,2005-08-23,2005-08-30,438,563
180,2-603-MOVIE SHAKESPEARE,2005-05-26,2005-06-01,75,603
2147,2-603-MOVIE SHAKESPEARE,2005-06-17,2005-06-22,279,603
4813,2-603-MOVIE SHAKESPEARE,2005-07-08,2005-07-09,439,603
8586,2-603-MOVIE SHAKESPEARE,2005-07-29,2005-08-07,374,603
14425,2-603-MOVIE SHAKESPEARE,2006-02-14,,560,603
294,1-603-MOVIE SHAKESPEARE,2005-05-26,2005-05-28,369,603
3259,1-603-MOVIE SHAKESPEARE,2005-06-21,2005-06-24,478,603
6565,1-603-MOVIE SHAKESPEARE,2005-07-12,2005-07-13,35,603
9208,1-603-MOVIE SHAKESPEARE,2005-07-30,2005-08-06,339,603
13967,1-603-MOVIE SHAKESPEARE,2005-08-20,2005-08-26,459,603
381,1-603-MOVIE SHAKESPEARE,2005-05-27,2005-05-31,371,603
2390,1-603-MOVIE SHAKESPEARE,2005-06-18,2005-06-23,239,603
3600,1-603-MOVIE SHAKESPEARE,2005-07-06,2005-07-11,511,603
10795,1-603-MOVIE SHAKESPEARE,2005-08-01,2005-08-03,76,603
13738,1-603-MOVIE SHAKESPEARE,2005-08-20,2005-08-25,273,603
1836,2-603-MOVIE SHAKESPEARE,2005-06-16,2005-06-24,176,603
5580,2-603-MOVIE SHAKESPEARE,2005-07-10,2005-07-18,521,603
7651,2-603-MOVIE SHAKESPEARE,2005-07-28,2005-08-03,401,603
13191,2-603-MOVIE SHAKESPEARE,2005-08-19,2005-08-23,371,603
1839,1-603-MOVIE SHAKESPEARE,2005-06-16,2005-06-23,223,603
4931,1-603-MOVIE SHAKESPEARE,2005-07-08,2005-07-17,284,603
7999,1-603-MOVIE SHAKESPEARE,2005-07-28,2005-08-06,170,603
11509,1-603-MOVIE SHAKESPEARE,2005-08-16,2005-08-19,273,603
3002,1-603-MOVIE SHAKESPEARE,2005-06-20,2005-06-24,266,603
6140,1-603-MOVIE SHAKESPEARE,2005-07-11,2005-07-14,363,603
10325,1-603-MOVIE SHAKESPEARE,2005-08-01,2005-08-08,258,603
14342,1-603-MOVIE SHAKESPEARE,2005-08-21,2005-08-23,559,603
181,2-527-LOLA AGENT,2005-05-26,2005-05-29,587,527
1723,2-527-LOLA AGENT,2005-06-16,2005-06-23,259,527
3550,2-527-LOLA AGENT,2005-07-06,2005-07-13,15,527
9845,2-527-LOLA AGENT,2005-07-31,2005-08-06,79,527
13863,2-527-LOLA AGENT,2005-08-20,2005-08-29,563,527
2044,2-527-LOLA AGENT,2005-06-17,2005-06-22,484,527
6626,2-527-LOLA AGENT,2005-07-12,2005-07-17,269,527
10976,2-527-LOLA AGENT,2005-08-02,2005-08-06,326,527
15092,2-527-LOLA AGENT,2005-08-22,2005-08-28,464,527
2075,1-527-LOLA AGENT,2005-06-17,2005-06-19,459,527
5186,1-527-LOLA AGENT,2005-07-09,2005-07-13,276,527
7667,1-527-LOLA AGENT,2005-07-28,2005-08-05,443,527
13613,1-527-LOLA AGENT,2005-08-20,2005-08-29,201,527
2271,2-527-LOLA AGENT,2005-06-18,2005-06-21,145,527
4571,2-527-LOLA AGENT,2005-07-08,2005-07-17,86,527
8721,2-527-LOLA AGENT,2005-07-29,2005-08-02,312,527
13872,2-527-LOLA AGENT,2005-08-20,2005-08-24,421,527
2914,2-527-LOLA AGENT,2005-06-20,2005-06-25,342,527
4825,2-527-LOLA AGENT,2005-07-08,2005-07-11,563,527
8965,2-527-LOLA AGENT,2005-07-30,2005-08-05,599,527
11526,2-527-LOLA AGENT,2005-08-17,2005-08-18,572,527
4452,1-527-LOLA AGENT,2005-07-07,2005-07-14,460,527
9547,1-527-LOLA AGENT,2005-07-31,2005-08-03,440,527
11534,1-527-LOLA AGENT,2005-08-17,2005-08-24,144,527
182,1-961-WASH HEAVENLY,2005-05-26,2005-06-01,237,961
1773,1-961-WASH HEAVENLY,2005-06-16,2005-06-24,462,961
3932,1-961-WASH HEAVENLY,2005-07-06,2005-07-07,490,961
10520,1-961-WASH HEAVENLY,2005-08-01,2005-08-06,543,961
12914,1-961-WASH HEAVENLY,2005-08-19,2005-08-23,501,961
217,1-961-WASH HEAVENLY,2005-05-26,2005-05-31,121,961
1159,1-961-WASH HEAVENLY,2005-06-14,2005-06-17,516,961
6449,1-961-WASH HEAVENLY,2005-07-12,2005-07-21,117,961
11083,1-961-WASH HEAVENLY,2005-08-02,2005-08-08,295,961
13184,1-961-WASH HEAVENLY,2005-08-19,2005-08-20,393,961
555,1-961-WASH HEAVENLY,2005-05-28,2005-05-30,55,961
3183,1-961-WASH HEAVENLY,2005-06-20,2005-06-23,129,961
5949,1-961-WASH HEAVENLY,2005-07-10,2005-07-14,496,961
8952,1-961-WASH HEAVENLY,2005-07-30,2005-08-02,36,961
13566,1-961-WASH HEAVENLY,2005-08-20,2005-08-28,558,961
2190,2-961-WASH HEAVENLY,2005-06-18,2005-06-26,342,961
6181,2-961-WASH HEAVENLY,2005-07-11,2005-07-15,200,961
9501,2-961-WASH HEAVENLY,2005-07-30,2005-08-05,75,961
12888,2-961-WASH HEAVENLY,2005-08-19,2005-08-24,146,961
3237,2-961-WASH HEAVENLY,2005-06-21,2005-06-27,466,961
4962,2-961-WASH HEAVENLY,2005-07-08,2005-07-15,532,961
10558,2-961-WASH HEAVENLY,2005-08-01,2005-08-05,117,961
14745,2-961-WASH HEAVENLY,2005-08-21,2005-08-23,277,961
183,1-631-NOVOCAINE FLIGHT,2005-05-26,2005-06-01,254,631
2709,1-631-NOVOCAINE FLIGHT,2005-06-19,2005-06-23,7,631
4465,1-631-NOVOCAINE FLIGHT,2005-07-08,2005-07-13,329,631
7143,1-631-NOVOCAINE FLIGHT,2005-07-27,2005-07-31,91,631
12308,1-631-NOVOCAINE FLIGHT,2005-08-18,2005-08-22,569,631
2824,1-631-NOVOCAINE FLIGHT,2005-06-19,2005-06-29,506,631
3922,1-631-NOVOCAINE FLIGHT,2005-07-06,2005-07-14,470,631
9875,1-631-NOVOCAINE FLIGHT,2005-07-31,2005-08-03,421,631
13679,1-631-NOVOCAINE FLIGHT,2005-08-20,2005-08-29,229,631
2834,1-631-NOVOCAINE FLIGHT,2005-06-19,2005-06-24,122,631
6074,1-631-NOVOCAINE FLIGHT,2005-07-11,2005-07-13,259,631
8949,1-631-NOVOCAINE FLIGHT,2005-07-30,2005-08-08,231,631
12143,1-631-NOVOCAINE FLIGHT,2005-08-18,2005-08-24,117,631
5293,2-631-NOVOCAINE FLIGHT,2005-07-09,2005-07-11,542,631
10245,2-631-NOVOCAINE FLIGHT,2005-08-01,2005-08-02,163,631
15395,2-631-NOVOCAINE FLIGHT,2005-08-22,2005-08-30,526,631
5552,2-631-NOVOCAINE FLIGHT,2005-07-10,2005-07-13,27,631
10284,2-631-NOVOCAINE FLIGHT,2005-08-01,2005-08-09,20,631
12379,2-631-NOVOCAINE FLIGHT,2005-08-18,2005-08-19,99,631
184,2-429-HONEY TIES,2005-05-26,2005-05-28,556,429
2064,2-429-HONEY TIES,2005-06-17,2005-06-23,67,429
3497,2-429-HONEY TIES,2005-07-06,2005-07-09,299,429
8996,2-429-HONEY TIES,2005-07-30,2005-07-31,579,429
12839,2-429-HONEY TIES,2005-08-19,2005-08-28,360,429
960,1-429-HONEY TIES,2005-05-30,2005-06-04,445,429
3024,1-429-HONEY TIES,2005-06-20,2005-06-27,328,429
5281,1-429-HONEY TIES,2005-07-09,2005-07-13,71,429
7242,1-429-HONEY TIES,2005-07-27,2005-08-04,565,429
13526,1-429-HONEY TIES,2005-08-20,2005-08-27,277,429
3676,1-429-HONEY TIES,2005-07-06,2005-07-14,137,429
10519,1-429-HONEY TIES,2005-08-01,2005-08-09,456,429
15504,1-429-HONEY TIES,2005-08-23,2005-09-01,315,429
7879,2-429-HONEY TIES,2005-07-28,2005-07-31,125,429
14507,2-429-HONEY TIES,2005-08-21,2005-08-28,175,429
9741,2-429-HONEY TIES,2005-07-31,2005-08-07,495,429
13991,2-429-HONEY TIES,2005-08-20,2005-08-24,296,429
10403,2-429-HONEY TIES,2005-08-01,2005-08-03,494,429
13211,2-429-HONEY TIES,2005-08-19,2005-08-22,289,429
186,1-391-HALF OUTFIELD,2005-05-26,2005-06-03,468,391
2437,1-391-HALF OUTFIELD,2005-06-18,2005-06-21,454,391
6461,1-391-HALF OUTFIELD,2005-07-12,2005-07-19,135,391
11401,1-391-HALF OUTFIELD,2005-08-02,2005-08-09,544,391
14526,1-391-HALF OUTFIELD,2006-02-14,,534,391
210,2-391-HALF OUTFIELD,2005-05-26,2005-05-27,391,391
1697,2-391-HALF OUTFIELD,2005-06-16,2005-06-23,340,391
4434,2-391-HALF OUTFIELD,2005-07-07,2005-07-09,32,391
7193,2-391-HALF OUTFIELD,2005-07-27,2005-07-30,237,391
13533,2-391-HALF OUTFIELD,2005-08-20,2005-08-27,436,391
437,1-391-HALF OUTFIELD,2005-05-27,2005-06-05,525,391
2571,1-391-HALF OUTFIELD,2005-06-19,2005-06-21,66,391
6584,1-391-HALF OUTFIELD,2005-07-12,2005-07-16,472,391
8826,1-391-HALF OUTFIELD,2005-07-29,2005-07-30,369,391
14769,1-391-HALF OUTFIELD,2006-02-14,,361,391
3437,1-391-HALF OUTFIELD,2005-06-21,2005-07-01,211,391
3728,1-391-HALF OUTFIELD,2005-07-06,2005-07-11,298,391
7658,1-391-HALF OUTFIELD,2005-07-28,2005-07-30,272,391
11756,1-391-HALF OUTFIELD,2005-08-17,2005-08-21,198,391
4999,1-391-HALF OUTFIELD,2005-07-09,2005-07-17,196,391
8299,1-391-HALF OUTFIELD,2005-07-29,2005-07-30,173,391
15150,1-391-HALF OUTFIELD,2005-08-22,2005-08-27,161,391
7566,2-391-HALF OUTFIELD,2005-07-27,2005-08-01,144,391
12683,2-391-HALF OUTFIELD,2005-08-18,2005-08-26,166,391
7689,2-391-HALF OUTFIELD,2005-07-28,2005-07-31,253,391
14753,2-391-HALF OUTFIELD,2005-08-21,2005-08-22,155,391
187,2-872-SWEET BROTHERHOOD,2005-05-26,2005-06-04,515,872
1581,2-872-SWEET BROTHERHOOD,2005-06-16,2005-06-18,109,872
3800,2-872-SWEET BROTHERHOOD,2005-07-06,2005-07-15,100,872
8681,2-872-SWEET BROTHERHOOD,2005-07-29,2005-08-01,309,872
15536,2-872-SWEET BROTHERHOOD,2005-08-23,2005-08-31,98,872
211,2-872-SWEET BROTHERHOOD,2005-05-26,2005-05-28,170,872
1414,2-872-SWEET BROTHERHOOD,2005-06-15,2005-06-22,304,872
5152,2-872-SWEET BROTHERHOOD,2005-07-09,2005-07-10,331,872
7186,2-872-SWEET BROTHERHOOD,2005-07-27,2005-07-28,584,872
12637,2-872-SWEET BROTHERHOOD,2005-08-18,2005-08-19,145,872
1005,2-872-SWEET BROTHERHOOD,2005-05-31,2005-06-04,551,872
3281,2-872-SWEET BROTHERHOOD,2005-06-21,2005-06-24,363,872
6853,2-872-SWEET BROTHERHOOD,2005-07-12,2005-07-20,299,872
8919,2-872-SWEET BROTHERHOOD,2005-07-30,2005-08-08,337,872
15961,2-872-SWEET BROTHERHOOD,2005-08-23,2005-08-30,200,872
188,2-734-ROAD ROXANNE,2005-05-26,2005-05-26,243,734
3124,2-734-ROAD ROXANNE,2005-06-20,2005-06-28,113,734
4183,2-734-ROAD ROXANNE,2005-07-07,2005-07-15,479,734
8729,2-734-ROAD ROXANNE,2005-07-29,2005-07-31,83,734
13981,2-734-ROAD ROXANNE,2005-08-20,2005-08-23,249,734
2560,2-734-ROAD ROXANNE,2005-06-19,2005-06-28,309,734
5518,2-734-ROAD ROXANNE,2005-07-10,2005-07-18,451,734
11445,2-734-ROAD ROXANNE,2005-08-02,2005-08-08,108,734
14539,2-734-ROAD ROXANNE,2005-08-21,2005-08-28,41,734
5582,2-734-ROAD ROXANNE,2005-07-10,2005-07-13,305,734
10539,2-734-ROAD ROXANNE,2005-08-01,2005-08-07,232,734
13996,2-734-ROAD ROXANNE,2005-08-20,2005-08-22,306,734
5727,1-734-ROAD ROXANNE,2005-07-10,2005-07-11,550,734
10265,1-734-ROAD ROXANNE,2005-08-01,2005-08-08,510,734
15804,1-734-ROAD ROXANNE,2005-08-23,2005-08-26,585,734
6929,2-734-ROAD ROXANNE,2005-07-26,2005-08-03,508,734
12480,2-734-ROAD ROXANNE,2005-08-18,2005-08-26,446,734
10877,1-734-ROAD ROXANNE,2005-08-02,2005-08-07,487,734
11679,1-734-ROAD ROXANNE,2005-08-17,2005-08-21,72,734
189,1-219-DEEP CRUSADE,2005-05-26,2005-05-27,247,219
1447,1-219-DEEP CRUSADE,2005-06-15,2005-06-21,471,219
4293,1-219-DEEP CRUSADE,2005-07-07,2005-07-10,221,219
9235,1-219-DEEP CRUSADE,2005-07-30,2005-08-06,181,219
14225,1-219-DEEP CRUSADE,2005-08-21,2005-08-25,4,219
1265,1-219-DEEP CRUSADE,2005-06-15,2005-06-19,163,219
4913,1-219-DEEP CRUSADE,2005-07-08,2005-07-18,368,219
8334,1-219-DEEP CRUSADE,2005-07-29,2005-08-07,154,219
12220,1-219-DEEP CRUSADE,2005-08-18,2005-08-22,530,219
5532,1-219-DEEP CRUSADE,2005-07-10,2005-07-16,522,219
10819,1-219-DEEP CRUSADE,2005-08-01,2005-08-06,308,219
13844,1-219-DEEP CRUSADE,2005-08-20,2005-08-29,179,219
8516,1-219-DEEP CRUSADE,2005-07-29,2005-08-02,337,219
15813,1-219-DEEP CRUSADE,2006-02-14,,9,219
192,1-413-HEDWIG ALTER,2005-05-26,2005-06-02,437,413
1177,1-413-HEDWIG ALTER,2005-06-15,2005-06-16,210,413
4140,1-413-HEDWIG ALTER,2005-07-07,2005-07-14,190,413
11041,1-413-HEDWIG ALTER,2005-08-02,2005-08-03,435,413
15657,1-413-HEDWIG ALTER,2005-08-23,2005-09-01,36,413
280,1-413-HEDWIG ALTER,2005-05-26,2005-05-27,167,413
3442,1-413-HEDWIG ALTER,2005-06-21,2005-06-25,255,413
6888,1-413-HEDWIG ALTER,2005-07-12,2005-07-17,490,413
8795,1-413-HEDWIG ALTER,2005-07-29,2005-07-31,302,413
15432,1-413-HEDWIG ALTER,2005-08-23,2005-08-27,117,413
10969,1-413-HEDWIG ALTER,2005-08-02,2005-08-09,244,413
11617,1-413-HEDWIG ALTER,2005-08-17,2005-08-18,324,413
193,2-851-STRAIGHT HOURS,2005-05-26,2005-05-30,270,851
2698,2-851-STRAIGHT HOURS,2005-06-19,2005-06-20,420,851
6839,2-851-STRAIGHT HOURS,2005-07-12,2005-07-15,357,851
10600,2-851-STRAIGHT HOURS,2005-08-01,2005-08-06,294,851
15181,2-851-STRAIGHT HOURS,2005-08-22,2005-08-27,266,851
2905,1-851-STRAIGHT HOURS,2005-06-20,2005-06-24,189,851
4959,1-851-STRAIGHT HOURS,2005-07-08,2005-07-10,236,851
8317,1-851-STRAIGHT HOURS,2005-07-29,2005-08-03,415,851
12212,1-851-STRAIGHT HOURS,2005-08-18,2005-08-25,449,851
5860,1-851-STRAIGHT HOURS,2005-07-10,2005-07-16,180,851
10400,1-851-STRAIGHT HOURS,2005-08-01,2005-08-10,132,851
11816,1-851-STRAIGHT HOURS,2005-08-17,2005-08-19,224,851
6011,2-851-STRAIGHT HOURS,2005-07-11,2005-07-18,527,851
7072,2-851-STRAIGHT HOURS,2005-07-27,2005-07-28,260,851
14470,2-851-STRAIGHT HOURS,2005-08-21,2005-08-23,379,851
6556,2-851-STRAIGHT HOURS,2005-07-12,2005-07-13,570,851
10410,2-851-STRAIGHT HOURS,2005-08-01,2005-08-10,247,851
15206,2-851-STRAIGHT HOURS,2005-08-22,2005-08-31,524,851
8432,1-851-STRAIGHT HOURS,2005-07-29,2005-07-30,572,851
13153,1-851-STRAIGHT HOURS,2005-08-19,2005-08-23,431,851
194,1-295-EXPENDABLE STALLION,2005-05-26,2005-05-30,29,295
1833,1-295-EXPENDABLE STALLION,2005-06-16,2005-06-20,121,295
3617,1-295-EXPENDABLE STALLION,2005-07-06,2005-07-13,125,295
8414,1-295-EXPENDABLE STALLION,2005-07-29,2005-08-06,433,295
15142,1-295-EXPENDABLE STALLION,2005-08-22,2005-08-29,351,295
472,1-295-EXPENDABLE STALLION,2005-05-27,2005-05-29,528,295
2488,1-295-EXPENDABLE STALLION,2005-06-18,2005-06-24,403,295
3831,1-295-EXPENDABLE STALLION,2005-07-06,2005-07-08,206,295
8468,1-295-EXPENDABLE STALLION,2005-07-29,2005-08-02,282,295
13896,1-295-EXPENDABLE STALLION,2005-08-20,2005-08-21,278,295
2004,2-295-EXPENDABLE STALLION,2005-06-17,2005-06-24,171,295
4819,2-295-EXPENDABLE STALLION,2005-07-08,2005-07-16,64,295
7505,2-295-EXPENDABLE STALLION,2005-07-27,2005-08-03,209,295
12186,2-295-EXPENDABLE STALLION,2005-08-18,2005-08-23,312,295
2224,1-295-EXPENDABLE STALLION,2005-06-18,2005-06-18,153,295
6567,1-295-EXPENDABLE STALLION,2005-07-12,2005-07-19,198,295
8090,1-295-EXPENDABLE STALLION,2005-07-28,2005-08-02,387,295
13292,1-295-EXPENDABLE STALLION,2005-08-19,2005-08-22,171,295
4065,2-295-EXPENDABLE STALLION,2005-07-07,2005-07-12,26,295
8135,2-295-EXPENDABLE STALLION,2005-07-28,2005-08-03,164,295
15742,2-295-EXPENDABLE STALLION,2005-08-23,2005-08-31,200,295
6057,2-295-EXPENDABLE STALLION,2005-07-11,2005-07-17,187,295
8550,2-295-EXPENDABLE STALLION,2005-07-29,2005-07-30,70,295
12810,2-295-EXPENDABLE STALLION,2005-08-19,2005-08-22,250,295
8027,1-295-EXPENDABLE STALLION,2005-07-28,2005-08-05,436,295
14049,1-295-EXPENDABLE STALLION,2005-08-20,2005-08-28,112,295
8262,2-295-EXPENDABLE STALLION,2005-07-29,2005-08-02,563,295
15759,2-295-EXPENDABLE STALLION,2005-08-23,2005-09-01,361,295
195,2-112-CALENDAR GUNFIGHT,2005-05-26,2005-05-31,564,112
2088,2-112-CALENDAR GUNFIGHT,2005-06-17,2005-06-23,310,112
10472,2-112-CALENDAR GUNFIGHT,2005-08-01,2005-08-04,405,112
14838,2-112-CALENDAR GUNFIGHT,2005-08-22,2005-08-25,404,112
238,1-112-CALENDAR GUNFIGHT,2005-05-26,2005-05-27,211,112
3301,1-112-CALENDAR GUNFIGHT,2005-06-21,2005-06-28,444,112
4684,1-112-CALENDAR GUNFIGHT,2005-07-08,2005-07-17,585,112
8694,1-112-CALENDAR GUNFIGHT,2005-07-29,2005-08-06,345,112
15446,1-112-CALENDAR GUNFIGHT,2005-08-23,2005-08-26,379,112
5758,1-112-CALENDAR GUNFIGHT,2005-07-10,2005-07-16,363,112
8096,1-112-CALENDAR GUNFIGHT,2005-07-28,2005-08-06,506,112
15338,1-112-CALENDAR GUNFIGHT,2005-08-22,2005-08-24,13,112
6760,1-112-CALENDAR GUNFIGHT,2005-07-12,2005-07-20,502,112
7579,1-112-CALENDAR GUNFIGHT,2005-07-27,2005-07-31,352,112
12686,1-112-CALENDAR GUNFIGHT,2005-08-18,2005-08-26,385,112
9591,1-112-CALENDAR GUNFIGHT,2005-07-31,2005-08-01,97,112
12358,1-112-CALENDAR GUNFIGHT,2005-08-18,2005-08-20,16,112
10029,2-112-CALENDAR GUNFIGHT,2005-07-31,2005-08-06,578,112
14042,2-112-CALENDAR GUNFIGHT,2005-08-20,2005-08-23,322,112
10800,2-112-CALENDAR GUNFIGHT,2005-08-01,2005-08-05,583,112
13060,2-112-CALENDAR GUNFIGHT,2005-08-19,2005-08-28,22,112
196,1-43-ATLANTIS CAUSE,2005-05-26,2005-05-27,184,43
2695,1-43-ATLANTIS CAUSE,2005-06-19,2005-06-24,208,43
3638,1-43-ATLANTIS CAUSE,2005-07-06,2005-07-13,452,43
9972,1-43-ATLANTIS CAUSE,2005-07-31,2005-08-02,506,43
11537,1-43-ATLANTIS CAUSE,2005-08-17,2005-08-19,474,43
710,2-43-ATLANTIS CAUSE,2005-05-29,2005-06-03,518,43
1485,2-43-ATLANTIS CAUSE,2005-06-15,2005-06-24,281,43
3866,2-43-ATLANTIS CAUSE,2005-07-06,2005-07-15,409,43
9871,2-43-ATLANTIS CAUSE,2005-07-31,2005-08-01,109,43
11965,2-43-ATLANTIS CAUSE,2005-08-17,2005-08-19,490,43
3128,1-43-ATLANTIS CAUSE,2005-06-20,2005-06-24,543,43
6188,1-43-ATLANTIS CAUSE,2005-07-11,2005-07-15,114,43
11239,1-43-ATLANTIS CAUSE,2005-08-02,2005-08-03,111,43
11561,1-43-ATLANTIS CAUSE,2005-08-17,2005-08-23,149,43
4154,1-43-ATLANTIS CAUSE,2005-07-07,2005-07-14,594,43
10758,1-43-ATLANTIS CAUSE,2005-08-01,2005-08-10,373,43
12969,1-43-ATLANTIS CAUSE,2005-08-19,2005-08-25,224,43
5110,2-43-ATLANTIS CAUSE,2005-07-09,2005-07-12,200,43
11347,2-43-ATLANTIS CAUSE,2005-08-02,2005-08-05,217,43
11811,2-43-ATLANTIS CAUSE,2005-08-17,2005-08-18,130,43
6960,2-43-ATLANTIS CAUSE,2005-07-27,2005-08-03,421,43
11578,2-43-ATLANTIS CAUSE,2005-08-17,2005-08-26,590,43
9528,2-43-ATLANTIS CAUSE,2005-07-31,2005-08-07,241,43
12935,2-43-ATLANTIS CAUSE,2005-08-19,2005-08-21,279,43
198,2-388-GUNFIGHT MOON,2005-05-26,2005-06-04,54,388
3129,2-388-GUNFIGHT MOON,2005-06-20,2005-06-28,495,388
6311,2-388-GUNFIGHT MOON,2005-07-11,2005-07-16,373,388
9410,2-388-GUNFIGHT MOON,2005-07-30,2005-07-31,22,388
14338,2-388-GUNFIGHT MOON,2005-08-21,2005-08-24,205,388
466,1-388-GUNFIGHT MOON,2005-05-27,2005-05-29,442,388
2809,1-388-GUNFIGHT MOON,2005-06-19,2005-06-27,44,388
4803,1-388-GUNFIGHT MOON,2005-07-08,2005-07-14,174,388
7239,1-388-GUNFIGHT MOON,2005-07-27,2005-07-29,278,388
15423,1-388-GUNFIGHT MOON,2006-02-14,,596,388
496,1-388-GUNFIGHT MOON,2005-05-28,2005-06-04,56,388
2921,1-388-GUNFIGHT MOON,2005-06-20,2005-06-28,59,388
3872,1-388-GUNFIGHT MOON,2005-07-06,2005-07-07,513,388
9167,1-388-GUNFIGHT MOON,2005-07-30,2005-08-08,162,388
13976,1-388-GUNFIGHT MOON,2005-08-20,2005-08-25,278,388
2142,2-388-GUNFIGHT MOON,2005-06-17,2005-06-26,253,388
4891,2-388-GUNFIGHT MOON,2005-07-08,2005-07-16,59,388
8254,2-388-GUNFIGHT MOON,2005-07-29,2005-08-03,392,388
11875,2-388-GUNFIGHT MOON,2005-08-17,2005-08-26,294,388
5065,2-388-GUNFIGHT MOON,2005-07-09,2005-07-12,599,388
7045,2-388-GUNFIGHT MOON,2005-07-27,2005-08-01,64,388
12347,2-388-GUNFIGHT MOON,2005-08-18,2005-08-19,454,388
7680,1-388-GUNFIGHT MOON,2005-07-28,2005-08-03,559,388
11847,1-388-GUNFIGHT MOON,2006-02-14,,337,388
199,1-462-INSIDER ARIZONA,2005-05-26,2005-05-28,71,462
3079,1-462-INSIDER ARIZONA,2005-06-20,2005-06-21,350,462
4391,1-462-INSIDER ARIZONA,2005-07-07,2005-07-09,42,462
8976,1-462-INSIDER ARIZONA,2005-07-30,2005-08-04,507,462
13825,1-462-INSIDER ARIZONA,2005-08-20,2005-08-29,167,462
406,2-462-INSIDER ARIZONA,2005-05-27,2005-05-30,381,462
3458,2-462-INSIDER ARIZONA,2005-06-21,2005-06-29,338,462
5482,2-462-INSIDER ARIZONA,2005-07-09,2005-07-15,460,462
10179,2-462-INSIDER ARIZONA,2005-07-31,2005-08-01,131,462
14018,2-462-INSIDER ARIZONA,2006-02-14,,533,462
2101,2-462-INSIDER ARIZONA,2005-06-17,2005-06-20,581,462
6326,2-462-INSIDER ARIZONA,2005-07-11,2005-07-12,563,462
9807,2-462-INSIDER ARIZONA,2005-07-31,2005-08-02,267,462
14633,2-462-INSIDER ARIZONA,2005-08-21,2005-08-25,551,462
2761,1-462-INSIDER ARIZONA,2005-06-19,2005-06-20,431,462
5675,1-462-INSIDER ARIZONA,2005-07-10,2005-07-17,376,462
8391,1-462-INSIDER ARIZONA,2005-07-29,2005-08-03,36,462
12009,1-462-INSIDER ARIZONA,2006-02-14,,296,462
7919,2-462-INSIDER ARIZONA,2005-07-28,2005-08-06,36,462
12446,2-462-INSIDER ARIZONA,2005-08-18,2005-08-23,448,462
200,2-856-STREETCAR INTENTIONS,2005-05-26,2005-05-31,321,856
3142,2-856-STREETCAR INTENTIONS,2005-06-20,2005-06-28,9,856
4305,2-856-STREETCAR INTENTIONS,2005-07-07,2005-07-08,240,856
11199,2-856-STREETCAR INTENTIONS,2005-08-02,2005-08-10,578,856
15031,2-856-STREETCAR INTENTIONS,2005-08-22,2005-08-27,430,856
1569,2-856-STREETCAR INTENTIONS,2005-06-16,2005-06-18,363,856
4257,2-856-STREETCAR INTENTIONS,2005-07-07,2005-07-08,553,856
9357,2-856-STREETCAR INTENTIONS,2005-07-30,2005-08-08,181,856
11938,2-856-STREETCAR INTENTIONS,2005-08-17,2005-08-24,426,856
2607,1-856-STREETCAR INTENTIONS,2005-06-19,2005-06-25,340,856
4205,1-856-STREETCAR INTENTIONS,2005-07-07,2005-07-11,486,856
7882,1-856-STREETCAR INTENTIONS,2005-07-28,2005-07-29,516,856
15490,1-856-STREETCAR INTENTIONS,2005-08-23,2005-08-30,493,856
3545,2-856-STREETCAR INTENTIONS,2005-07-06,2005-07-11,442,856
10516,2-856-STREETCAR INTENTIONS,2005-08-01,2005-08-08,449,856
11960,2-856-STREETCAR INTENTIONS,2005-08-17,2005-08-18,84,856
3549,1-856-STREETCAR INTENTIONS,2005-07-06,2005-07-06,19,856
13648,1-856-STREETCAR INTENTIONS,2005-08-20,2005-08-22,596,856
5921,1-856-STREETCAR INTENTIONS,2005-07-10,2005-07-18,7,856
10220,1-856-STREETCAR INTENTIONS,2005-08-01,2005-08-04,294,856
12808,1-856-STREETCAR INTENTIONS,2005-08-19,2005-08-21,55,856
8067,1-856-STREETCAR INTENTIONS,2005-07-28,2005-07-29,209,856
15482,1-856-STREETCAR INTENTIONS,2005-08-23,2005-08-24,181,856
8654,2-856-STREETCAR INTENTIONS,2005-07-29,2005-08-07,84,856
12981,2-856-STREETCAR INTENTIONS,2005-08-19,2005-08-21,481,856
202,1-147-CHOCOLAT HARRY,2005-05-26,2005-06-02,20,147
1822,1-147-CHOCOLAT HARRY,2005-06-16,2005-06-17,86,147
4647,1-147-CHOCOLAT HARRY,2005-07-08,2005-07-16,312,147
9021,1-147-CHOCOLAT HARRY,2005-07-30,2005-08-03,498,147
13207,1-147-CHOCOLAT HARRY,2005-08-19,2005-08-27,58,147
2775,1-147-CHOCOLAT HARRY,2005-06-19,2005-06-26,590,147
6208,1-147-CHOCOLAT HARRY,2005-07-11,2005-07-19,31,147
8691,1-147-CHOCOLAT HARRY,2005-07-29,2005-08-02,446,147
12202,1-147-CHOCOLAT HARRY,2005-08-18,2005-08-24,563,147
3942,2-147-CHOCOLAT HARRY,2005-07-06,2005-07-15,553,147
7532,2-147-CHOCOLAT HARRY,2005-07-27,2005-07-30,34,147
13009,2-147-CHOCOLAT HARRY,2005-08-19,2005-08-21,376,147
4774,1-147-CHOCOLAT HARRY,2005-07-08,2005-07-16,489,147
8049,1-147-CHOCOLAT HARRY,2005-07-28,2005-07-31,42,147
13595,1-147-CHOCOLAT HARRY,2005-08-20,2005-08-29,545,147
5285,2-147-CHOCOLAT HARRY,2005-07-09,2005-07-16,468,147
11301,2-147-CHOCOLAT HARRY,2005-08-02,2005-08-04,502,147
13691,2-147-CHOCOLAT HARRY,2005-08-20,2005-08-28,548,147
11133,2-147-CHOCOLAT HARRY,2005-08-02,2005-08-04,120,147
13612,2-147-CHOCOLAT HARRY,2005-08-20,2005-08-28,505,147
203,2-740-ROLLERCOASTER BRINGING,2005-05-26,2005-06-03,109,740
3409,2-740-ROLLERCOASTER BRINGING,2005-06-21,2005-06-22,429,740
6146,2-740-ROLLERCOASTER BRINGING,2005-07-11,2005-07-20,11,740
7576,2-740-ROLLERCOASTER BRINGING,2005-07-27,2005-08-03,446,740
16016,2-740-ROLLERCOASTER BRINGING,2005-08-23,2005-08-28,595,740
4724,2-740-ROLLERCOASTER BRINGING,2005-07-08,2005-07-14,18,740
11493,2-740-ROLLERCOASTER BRINGING,2005-08-02,2005-08-10,124,740
12939,2-740-ROLLERCOASTER BRINGING,2005-08-19,2005-08-23,181,740
8461,2-740-ROLLERCOASTER BRINGING,2005-07-29,2005-08-06,399,740
13704,2-740-ROLLERCOASTER BRINGING,2005-08-20,2005-08-23,4,740
204,1-401-HAROLD FRENCH,2005-05-26,2005-05-30,528,401
1495,1-401-HAROLD FRENCH,2005-06-15,2005-06-19,175,401
5836,1-401-HAROLD FRENCH,2005-07-10,2005-07-11,310,401
10364,1-401-HAROLD FRENCH,2005-08-01,2005-08-09,317,401
14737,1-401-HAROLD FRENCH,2005-08-21,2005-08-25,124,401
6647,1-401-HAROLD FRENCH,2005-07-12,2005-07-14,8,401
8408,1-401-HAROLD FRENCH,2005-07-29,2005-07-30,90,401
14359,1-401-HAROLD FRENCH,2005-08-21,2005-08-22,401,401
205,2-68-BETRAYED REAR,2005-05-26,2005-05-29,114,68
3369,2-68-BETRAYED REAR,2005-06-21,2005-06-30,431,68
4560,2-68-BETRAYED REAR,2005-07-08,2005-07-10,36,68
11356,2-68-BETRAYED REAR,2005-08-02,2005-08-11,200,68
13861,2-68-BETRAYED REAR,2005-08-20,2005-08-22,154,68
1085,1-68-BETRAYED REAR,2005-05-31,2005-06-07,5,68
1791,1-68-BETRAYED REAR,2005-06-16,2005-06-23,76,68
5651,1-68-BETRAYED REAR,2005-07-10,2005-07-15,239,68
8322,1-68-BETRAYED REAR,2005-07-29,2005-08-02,541,68
14191,1-68-BETRAYED REAR,2005-08-21,2005-08-28,423,68
6156,2-68-BETRAYED REAR,2005-07-11,2005-07-15,297,68
10020,2-68-BETRAYED REAR,2005-07-31,2005-08-02,526,68
12618,2-68-BETRAYED REAR,2005-08-18,2005-08-19,117,68
10997,1-68-BETRAYED REAR,2005-08-02,2005-08-10,334,68
14211,1-68-BETRAYED REAR,2005-08-21,2005-08-24,372,68
206,2-374-GRAFFITI LOVE,2005-05-26,2005-05-27,345,374
3310,2-374-GRAFFITI LOVE,2005-06-21,2005-06-22,395,374
6220,2-374-GRAFFITI LOVE,2005-07-11,2005-07-12,421,374
9473,2-374-GRAFFITI LOVE,2005-07-30,2005-08-04,185,374
14740,2-374-GRAFFITI LOVE,2005-08-21,2005-08-26,333,374
268,1-374-GRAFFITI LOVE,2005-05-26,2005-05-27,75,374
1542,1-374-GRAFFITI LOVE,2005-06-16,2005-06-22,182,374
4332,1-374-GRAFFITI LOVE,2005-07-07,2005-07-16,137,374
7344,1-374-GRAFFITI LOVE,2005-07-27,2005-07-31,366,374
15821,1-374-GRAFFITI LOVE,2005-08-23,2005-08-24,233,374
275,2-374-GRAFFITI LOVE,2005-05-26,2005-06-04,133,374
2764,2-374-GRAFFITI LOVE,2005-06-19,2005-06-28,479,374
6526,2-374-GRAFFITI LOVE,2005-07-12,2005-07-18,225,374
9530,2-374-GRAFFITI LOVE,2005-07-31,2005-08-04,148,374
11640,2-374-GRAFFITI LOVE,2005-08-17,2005-08-21,501,374
799,1-374-GRAFFITI LOVE,2005-05-29,2005-06-05,429,374
1335,1-374-GRAFFITI LOVE,2005-06-15,2005-06-16,64,374
5542,1-374-GRAFFITI LOVE,2005-07-10,2005-07-15,105,374
9989,1-374-GRAFFITI LOVE,2005-07-31,2005-08-01,79,374
15611,1-374-GRAFFITI LOVE,2005-08-23,2005-08-25,184,374
3461,1-374-GRAFFITI LOVE,2005-06-21,2005-06-26,23,374
6063,1-374-GRAFFITI LOVE,2005-07-11,2005-07-13,519,374
9130,1-374-GRAFFITI LOVE,2005-07-30,2005-08-04,354,374
12640,1-374-GRAFFITI LOVE,2005-08-18,2005-08-24,544,374
3805,2-374-GRAFFITI LOVE,2005-07-06,2005-07-07,418,374
6972,2-374-GRAFFITI LOVE,2005-07-27,2005-07-28,434,374
12670,2-374-GRAFFITI LOVE,2005-08-18,2005-08-23,580,374
3952,2-374-GRAFFITI LOVE,2005-07-06,2005-07-13,417,374
8335,2-374-GRAFFITI LOVE,2005-07-29,2005-07-31,143,374
12731,2-374-GRAFFITI LOVE,2005-08-18,2005-08-23,128,374
208,1-803-SLACKER LIAISONS,2005-05-26,2005-05-27,274,803
1973,1-803-SLACKER LIAISONS,2005-06-17,2005-06-21,256,803
4302,1-803-SLACKER LIAISONS,2005-07-07,2005-07-16,332,803
8666,1-803-SLACKER LIAISONS,2005-07-29,2005-08-06,591,803
14876,1-803-SLACKER LIAISONS,2005-08-22,2005-08-23,210,803
4961,1-803-SLACKER LIAISONS,2005-07-08,2005-07-14,96,803
9399,1-803-SLACKER LIAISONS,2005-07-30,2005-08-03,569,803
14203,1-803-SLACKER LIAISONS,2005-08-21,2005-08-24,95,803
6368,1-803-SLACKER LIAISONS,2005-07-11,2005-07-13,588,803
7163,1-803-SLACKER LIAISONS,2005-07-27,2005-08-04,38,803
13459,1-803-SLACKER LIAISONS,2005-08-20,2005-08-29,114,803
7880,2-803-SLACKER LIAISONS,2005-07-28,2005-08-03,182,803
12623,2-803-SLACKER LIAISONS,2005-08-18,2005-08-20,177,803
7965,2-803-SLACKER LIAISONS,2005-07-28,2005-07-29,134,803
12227,2-803-SLACKER LIAISONS,2005-08-18,2005-08-21,591,803
8511,1-803-SLACKER LIAISONS,2005-07-29,2005-08-06,598,803
15771,1-803-SLACKER LIAISONS,2005-08-23,2005-08-26,262,803
212,1-167-COMA HEAD,2005-05-26,2005-05-30,59,167
1324,1-167-COMA HEAD,2005-06-15,2005-06-17,394,167
4444,1-167-COMA HEAD,2005-07-07,2005-07-14,529,167
10204,1-167-COMA HEAD,2005-08-01,2005-08-05,572,167
15489,1-167-COMA HEAD,2005-08-23,2005-08-25,285,167
737,2-167-COMA HEAD,2005-05-29,2005-06-04,589,167
1586,2-167-COMA HEAD,2005-06-16,2005-06-21,140,167
6909,2-167-COMA HEAD,2005-07-12,2005-07-17,174,167
10911,2-167-COMA HEAD,2005-08-02,2005-08-08,195,167
14155,2-167-COMA HEAD,2005-08-21,2005-08-27,148,167
1014,1-167-COMA HEAD,2005-05-31,2005-06-01,280,167
1593,1-167-COMA HEAD,2005-06-16,2005-06-24,111,167
6552,1-167-COMA HEAD,2005-07-12,2005-07-13,493,167
7544,1-167-COMA HEAD,2005-07-27,2005-08-05,249,167
12037,1-167-COMA HEAD,2005-08-17,2005-08-22,356,167
2531,2-167-COMA HEAD,2005-06-19,2005-06-22,368,167
5099,2-167-COMA HEAD,2005-07-09,2005-07-12,393,167
8278,2-167-COMA HEAD,2005-07-29,2005-08-05,265,167
14766,2-167-COMA HEAD,2005-08-21,2005-08-26,523,167
4548,1-167-COMA HEAD,2005-07-08,2005-07-14,164,167
8496,1-167-COMA HEAD,2005-07-29,2005-08-02,114,167
12302,1-167-COMA HEAD,2005-08-18,2005-08-22,514,167
7639,1-167-COMA HEAD,2005-07-28,2005-07-29,459,167
15299,1-167-COMA HEAD,2005-08-22,2005-08-23,381,167
8388,2-167-COMA HEAD,2005-07-29,2005-08-05,178,167
13156,2-167-COMA HEAD,2005-08-19,2005-08-25,512,167
213,2-329-FORREST SONS,2005-05-26,2005-05-31,394,329
1367,2-329-FORREST SONS,2005-06-15,2005-06-21,94,329
6086,2-329-FORREST SONS,2005-07-11,2005-07-16,420,329
10309,2-329-FORREST SONS,2005-08-01,2005-08-09,156,329
12713,2-329-FORREST SONS,2005-08-18,2005-08-24,56,329
3189,1-329-FORREST SONS,2005-06-20,2005-06-24,538,329
3940,1-329-FORREST SONS,2005-07-06,2005-07-07,116,329
8117,1-329-FORREST SONS,2005-07-28,2005-08-05,300,329
14153,1-329-FORREST SONS,2005-08-21,2005-08-27,120,329
4503,1-329-FORREST SONS,2005-07-08,2005-07-13,8,329
8035,1-329-FORREST SONS,2005-07-28,2005-08-05,14,329
11711,1-329-FORREST SONS,2005-08-17,2005-08-18,470,329
10602,2-329-FORREST SONS,2005-08-01,2005-08-07,111,329
15852,2-329-FORREST SONS,2005-08-23,2005-08-25,140,329
11201,1-329-FORREST SONS,2005-08-02,2005-08-11,195,329
13413,1-329-FORREST SONS,2005-08-19,2005-08-24,390,329
11334,2-329-FORREST SONS,2005-08-02,2005-08-11,560,329
14437,2-329-FORREST SONS,2005-08-21,2005-08-25,136,329
214,1-319-FISH OPUS,2005-05-26,2005-05-31,98,319
2836,1-319-FISH OPUS,2005-06-19,2005-06-27,306,319
5576,1-319-FISH OPUS,2005-07-10,2005-07-13,217,319
9572,1-319-FISH OPUS,2005-07-31,2005-08-01,283,319
15366,1-319-FISH OPUS,2005-08-22,2005-08-30,374,319
442,2-319-FISH OPUS,2005-05-27,2005-05-30,403,319
2788,2-319-FISH OPUS,2005-06-19,2005-06-21,171,319
5635,2-319-FISH OPUS,2005-07-10,2005-07-17,222,319
10280,2-319-FISH OPUS,2005-08-01,2005-08-07,542,319
12630,2-319-FISH OPUS,2005-08-18,2005-08-24,452,319
2251,2-319-FISH OPUS,2005-06-18,2005-06-23,143,319
5998,2-319-FISH OPUS,2005-07-11,2005-07-15,250,319
10273,2-319-FISH OPUS,2005-08-01,2005-08-07,212,319
12174,2-319-FISH OPUS,2005-08-18,2005-08-20,101,319
4063,1-319-FISH OPUS,2005-07-07,2005-07-14,331,319
7308,1-319-FISH OPUS,2005-07-27,2005-08-03,229,319
15442,1-319-FISH OPUS,2005-08-23,2005-08-27,42,319
4853,1-319-FISH OPUS,2005-07-08,2005-07-12,23,319
8505,1-319-FISH OPUS,2005-07-29,2005-08-06,346,319
12782,1-319-FISH OPUS,2005-08-18,2005-08-25,495,319
5012,2-319-FISH OPUS,2005-07-09,2005-07-12,251,319
8369,2-319-FISH OPUS,2005-07-29,2005-08-01,507,319
15918,2-319-FISH OPUS,2005-08-23,2005-08-28,262,319
7665,2-319-FISH OPUS,2005-07-28,2005-07-31,590,319
15123,2-319-FISH OPUS,2005-08-22,2005-08-27,445,319
215,1-149-CHRISTMAS MOONSHINE,2005-05-26,2005-05-28,197,149
1369,1-149-CHRISTMAS MOONSHINE,2005-06-15,2005-06-16,221,149
5360,1-149-CHRISTMAS MOONSHINE,2005-07-09,2005-07-10,562,149
10574,1-149-CHRISTMAS MOONSHINE,2005-08-01,2005-08-10,287,149
14966,1-149-CHRISTMAS MOONSHINE,2005-08-22,2005-08-31,259,149
1523,2-149-CHRISTMAS MOONSHINE,2005-06-16,2005-06-17,349,149
3706,2-149-CHRISTMAS MOONSHINE,2005-07-06,2005-07-09,132,149
9676,2-149-CHRISTMAS MOONSHINE,2005-07-31,2005-08-05,239,149
12520,2-149-CHRISTMAS MOONSHINE,2005-08-18,2005-08-23,52,149
1895,1-149-CHRISTMAS MOONSHINE,2005-06-17,2005-06-26,30,149
5528,1-149-CHRISTMAS MOONSHINE,2005-07-10,2005-07-17,551,149
10605,1-149-CHRISTMAS MOONSHINE,2005-08-01,2005-08-06,341,149
14823,1-149-CHRISTMAS MOONSHINE,2005-08-22,2005-08-22,503,149
3119,2-149-CHRISTMAS MOONSHINE,2005-06-20,2005-06-27,296,149
5667,2-149-CHRISTMAS MOONSHINE,2005-07-10,2005-07-15,336,149
10967,2-149-CHRISTMAS MOONSHINE,2005-08-02,2005-08-09,149,149
15101,2-149-CHRISTMAS MOONSHINE,2005-08-22,2005-08-28,335,149
7674,2-149-CHRISTMAS MOONSHINE,2005-07-28,2005-08-05,177,149
12226,2-149-CHRISTMAS MOONSHINE,2005-08-18,2005-08-25,234,149
8285,1-149-CHRISTMAS MOONSHINE,2005-07-29,2005-08-03,56,149
13564,1-149-CHRISTMAS MOONSHINE,2005-08-20,2005-08-28,36,149
216,1-306-FEATHERS METAL,2005-05-26,2005-06-03,91,306
1409,1-306-FEATHERS METAL,2005-06-15,2005-06-21,297,306
4686,1-306-FEATHERS METAL,2005-07-08,2005-07-10,234,306
7303,1-306-FEATHERS METAL,2005-07-27,2005-07-31,163,306
13922,1-306-FEATHERS METAL,2005-08-20,2005-08-29,237,306
2055,1-306-FEATHERS METAL,2005-06-17,2005-06-25,593,306
4713,1-306-FEATHERS METAL,2005-07-08,2005-07-16,207,306
10655,1-306-FEATHERS METAL,2005-08-01,2005-08-08,385,306
14593,1-306-FEATHERS METAL,2005-08-21,2005-08-24,564,306
7998,1-306-FEATHERS METAL,2005-07-28,2005-07-31,598,306
14572,1-306-FEATHERS METAL,2005-08-21,2005-08-26,538,306
218,2-496-KICK SAVANNAH,2005-05-26,2005-06-04,309,496
2498,2-496-KICK SAVANNAH,2005-06-18,2005-06-22,74,496
4704,2-496-KICK SAVANNAH,2005-07-08,2005-07-10,28,496
8924,2-496-KICK SAVANNAH,2005-07-30,2005-08-05,38,496
14606,2-496-KICK SAVANNAH,2006-02-14,,592,496
976,2-496-KICK SAVANNAH,2005-05-30,2005-06-06,581,496
1226,2-496-KICK SAVANNAH,2005-06-15,2005-06-23,409,496
5786,2-496-KICK SAVANNAH,2005-07-10,2005-07-14,350,496
8190,2-496-KICK SAVANNAH,2005-07-28,2005-08-04,267,496
13557,2-496-KICK SAVANNAH,2005-08-20,2005-08-21,23,496
1114,1-496-KICK SAVANNAH,2005-05-31,2005-06-01,117,496
1732,1-496-KICK SAVANNAH,2005-06-16,2005-06-18,129,496
3784,1-496-KICK SAVANNAH,2005-07-06,2005-07-14,165,496
8362,1-496-KICK SAVANNAH,2005-07-29,2005-08-04,223,496
15847,1-496-KICK SAVANNAH,2005-08-23,2005-08-24,163,496
3951,1-496-KICK SAVANNAH,2005-07-06,2005-07-12,250,496
7476,1-496-KICK SAVANNAH,2005-07-27,2005-07-31,64,496
12837,1-496-KICK SAVANNAH,2005-08-19,2005-08-22,495,496
10329,2-496-KICK SAVANNAH,2005-08-01,2005-08-03,302,496
12859,2-496-KICK SAVANNAH,2005-08-19,2005-08-28,139,496
219,2-676-PHILADELPHIA WIFE,2005-05-26,2005-05-28,489,676
1996,2-676-PHILADELPHIA WIFE,2005-06-17,2005-06-26,149,676
6344,2-676-PHILADELPHIA WIFE,2005-07-11,2005-07-18,78,676
7373,2-676-PHILADELPHIA WIFE,2005-07-27,2005-08-04,488,676
13472,2-676-PHILADELPHIA WIFE,2005-08-20,2005-08-28,137,676
666,2-676-PHILADELPHIA WIFE,2005-05-28,2005-06-05,437,676
1744,2-676-PHILADELPHIA WIFE,2005-06-16,2005-06-18,230,676
6360,2-676-PHILADELPHIA WIFE,2005-07-11,2005-07-16,338,676
10657,2-676-PHILADELPHIA WIFE,2005-08-01,2005-08-06,590,676
13713,2-676-PHILADELPHIA WIFE,2006-02-14,,267,676
2334,2-676-PHILADELPHIA WIFE,2005-06-18,2005-06-22,223,676
6480,2-676-PHILADELPHIA WIFE,2005-07-12,2005-07-17,309,676
9727,2-676-PHILADELPHIA WIFE,2005-07-31,2005-08-03,536,676
12771,2-676-PHILADELPHIA WIFE,2005-08-18,2005-08-22,484,676
2624,1-676-PHILADELPHIA WIFE,2005-06-19,2005-06-27,32,676
5746,1-676-PHILADELPHIA WIFE,2005-07-10,2005-07-16,82,676
7753,1-676-PHILADELPHIA WIFE,2005-07-28,2005-08-06,531,676
11529,1-676-PHILADELPHIA WIFE,2005-08-17,2005-08-19,4,676
5086,1-676-PHILADELPHIA WIFE,2005-07-09,2005-07-16,539,676
10301,1-676-PHILADELPHIA WIFE,2005-08-01,2005-08-04,583,676
15292,1-676-PHILADELPHIA WIFE,2005-08-22,2005-08-28,337,676
11002,2-676-PHILADELPHIA WIFE,2005-08-02,2005-08-05,583,676
12264,2-676-PHILADELPHIA WIFE,2005-08-18,2005-08-26,87,676
220,1-279-ELIZABETH SHANE,2005-05-26,2005-06-01,542,279
1837,1-279-ELIZABETH SHANE,2005-06-16,2005-06-21,309,279
4156,1-279-ELIZABETH SHANE,2005-07-07,2005-07-12,585,279
7151,1-279-ELIZABETH SHANE,2005-07-27,2005-08-01,289,279
14514,1-279-ELIZABETH SHANE,2005-08-21,2005-08-30,295,279
858,1-279-ELIZABETH SHANE,2005-05-30,2005-06-01,358,279
3118,1-279-ELIZABETH SHANE,2005-06-20,2005-06-23,125,279
6214,1-279-ELIZABETH SHANE,2005-07-11,2005-07-18,49,279
8138,1-279-ELIZABETH SHANE,2005-07-28,2005-08-01,371,279
12982,1-279-ELIZABETH SHANE,2005-08-19,2005-08-21,44,279
221,1-783-SHANE DARKNESS,2005-05-26,2005-05-29,143,783
3084,1-783-SHANE DARKNESS,2005-06-20,2005-06-23,514,783
4437,1-783-SHANE DARKNESS,2005-07-07,2005-07-13,414,783
11204,1-783-SHANE DARKNESS,2005-08-02,2005-08-06,247,783
11911,1-783-SHANE DARKNESS,2005-08-17,2005-08-26,472,783
2903,1-783-SHANE DARKNESS,2005-06-20,2005-06-25,53,783
6341,1-783-SHANE DARKNESS,2005-07-11,2005-07-15,448,783
10813,1-783-SHANE DARKNESS,2005-08-01,2005-08-03,456,783
13055,1-783-SHANE DARKNESS,2005-08-19,2005-08-24,485,783
3865,1-783-SHANE DARKNESS,2005-07-06,2005-07-12,357,783
7141,1-783-SHANE DARKNESS,2005-07-27,2005-08-01,423,783
14983,1-783-SHANE DARKNESS,2005-08-22,2005-08-30,363,783
9353,1-783-SHANE DARKNESS,2005-07-30,2005-08-06,283,783
14403,1-783-SHANE DARKNESS,2005-08-21,2005-08-29,297,783
222,2-602-MOURNING PURPLE,2005-05-26,2005-05-31,83,602
2827,2-602-MOURNING PURPLE,2005-06-19,2005-06-20,23,602
4176,2-602-MOURNING PURPLE,2005-07-07,2005-07-16,420,602
10154,2-602-MOURNING PURPLE,2005-07-31,2005-08-07,149,602
12795,2-602-MOURNING PURPLE,2005-08-19,2005-08-22,360,602
895,1-602-MOURNING PURPLE,2005-05-30,2005-06-05,192,602
3396,1-602-MOURNING PURPLE,2005-06-21,2005-06-23,371,602
6836,1-602-MOURNING PURPLE,2005-07-12,2005-07-15,113,602
10567,1-602-MOURNING PURPLE,2005-08-01,2005-08-05,212,602
14161,1-602-MOURNING PURPLE,2005-08-21,2005-08-28,21,602
1232,1-602-MOURNING PURPLE,2005-06-15,2005-06-17,391,602
4203,1-602-MOURNING PURPLE,2005-07-07,2005-07-11,189,602
11090,1-602-MOURNING PURPLE,2005-08-02,2005-08-10,89,602
15309,1-602-MOURNING PURPLE,2005-08-22,2005-08-24,141,602
2069,2-602-MOURNING PURPLE,2005-06-17,2005-06-26,551,602
5364,2-602-MOURNING PURPLE,2005-07-09,2005-07-10,366,602
7484,2-602-MOURNING PURPLE,2005-07-27,2005-07-31,211,602
13200,2-602-MOURNING PURPLE,2005-08-19,2005-08-27,577,602
3917,2-602-MOURNING PURPLE,2005-07-06,2005-07-11,471,602
9718,2-602-MOURNING PURPLE,2005-07-31,2005-08-08,23,602
14473,2-602-MOURNING PURPLE,2005-08-21,2005-08-23,298,602
223,1-686-PLUTO OLEANDER,2005-05-26,2005-05-30,460,686
2507,1-686-PLUTO OLEANDER,2005-06-18,2005-06-21,325,686
6572,1-686-PLUTO OLEANDER,2005-07-12,2005-07-16,35,686
8401,1-686-PLUTO OLEANDER,2005-07-29,2005-08-01,232,686
14320,1-686-PLUTO OLEANDER,2005-08-21,2005-08-22,199,686
551,1-686-PLUTO OLEANDER,2005-05-28,2005-06-02,315,686
1180,1-686-PLUTO OLEANDER,2005-06-15,2005-06-21,432,686
3842,1-686-PLUTO OLEANDER,2005-07-06,2005-07-08,583,686
9912,1-686-PLUTO OLEANDER,2005-07-31,2005-08-03,367,686
14486,1-686-PLUTO OLEANDER,2005-08-21,2005-08-23,138,686
2931,1-686-PLUTO OLEANDER,2005-06-20,2005-06-29,258,686
4262,1-686-PLUTO OLEANDER,2005-07-07,2005-07-14,29,686
8660,1-686-PLUTO OLEANDER,2005-07-29,2005-08-05,566,686
13547,1-686-PLUTO OLEANDER,2005-08-20,2005-08-25,456,686
10319,1-686-PLUTO OLEANDER,2005-08-01,2005-08-05,394,686
13427,1-686-PLUTO OLEANDER,2005-08-19,2005-08-21,239,686
224,1-933-VAMPIRE WHALE,2005-05-26,2005-06-04,318,933
2330,1-933-VAMPIRE WHALE,2005-06-18,2005-06-25,390,933
4920,1-933-VAMPIRE WHALE,2005-07-08,2005-07-15,239,933
10066,1-933-VAMPIRE WHALE,2005-07-31,2005-08-01,123,933
14793,1-933-VAMPIRE WHALE,2005-08-22,2005-08-29,154,933
2246,1-933-VAMPIRE WHALE,2005-06-18,2005-06-22,414,933
5994,1-933-VAMPIRE WHALE,2005-07-11,2005-07-12,295,933
7905,1-933-VAMPIRE WHALE,2005-07-28,2005-08-02,455,933
14836,1-933-VAMPIRE WHALE,2005-08-22,2005-08-22,418,933
4737,1-933-VAMPIRE WHALE,2005-07-08,2005-07-12,116,933
9883,1-933-VAMPIRE WHALE,2005-07-31,2005-08-06,356,933
13516,1-933-VAMPIRE WHALE,2005-08-20,2005-08-27,95,933
225,1-141-CHICAGO NORTH,2005-05-26,2005-06-01,467,141
2846,1-141-CHICAGO NORTH,2005-06-19,2005-06-22,193,141
6016,1-141-CHICAGO NORTH,2005-07-11,2005-07-17,296,141
7591,1-141-CHICAGO NORTH,2005-07-27,2005-08-02,525,141
12089,1-141-CHICAGO NORTH,2005-08-17,2005-08-24,538,141
1462,2-141-CHICAGO NORTH,2005-06-15,2005-06-18,187,141
3818,2-141-CHICAGO NORTH,2005-07-06,2005-07-11,97,141
7416,2-141-CHICAGO NORTH,2005-07-27,2005-07-29,350,141
14449,2-141-CHICAGO NORTH,2005-08-21,2005-08-27,529,141
5340,1-141-CHICAGO NORTH,2005-07-09,2005-07-17,267,141
8061,1-141-CHICAGO NORTH,2005-07-28,2005-08-05,467,141
14727,1-141-CHICAGO NORTH,2005-08-21,2005-08-25,275,141
8109,2-141-CHICAGO NORTH,2005-07-28,2005-07-31,407,141
12267,2-141-CHICAGO NORTH,2005-08-18,2005-08-26,388,141
10675,1-141-CHICAGO NORTH,2005-08-01,2005-08-10,522,141
14355,1-141-CHICAGO NORTH,2005-08-21,2005-08-27,271,141
226,1-911-TRIP NEWTON,2005-05-26,2005-05-31,221,911
2520,1-911-TRIP NEWTON,2005-06-19,2005-06-28,446,911
5331,1-911-TRIP NEWTON,2005-07-09,2005-07-10,447,911
7930,1-911-TRIP NEWTON,2005-07-28,2005-07-30,320,911
13273,1-911-TRIP NEWTON,2005-08-19,2005-08-21,433,911
1106,2-911-TRIP NEWTON,2005-05-31,2005-06-01,109,911
2959,2-911-TRIP NEWTON,2005-06-20,2005-06-27,372,911
4249,2-911-TRIP NEWTON,2005-07-07,2005-07-10,111,911
11120,2-911-TRIP NEWTON,2005-08-02,2005-08-05,322,911
15733,2-911-TRIP NEWTON,2005-08-23,2005-08-28,512,911
2842,1-911-TRIP NEWTON,2005-06-19,2005-06-22,217,911
6304,1-911-TRIP NEWTON,2005-07-11,2005-07-14,579,911
9253,1-911-TRIP NEWTON,2005-07-30,2005-07-31,151,911
13321,1-911-TRIP NEWTON,2005-08-19,2005-08-21,280,911
3947,2-911-TRIP NEWTON,2005-07-06,2005-07-08,324,911
9356,2-911-TRIP NEWTON,2005-07-30,2005-08-03,60,911
12760,2-911-TRIP NEWTON,2005-08-18,2005-08-24,363,911
4227,2-911-TRIP NEWTON,2005-07-07,2005-07-15,78,911
7007,2-911-TRIP NEWTON,2005-07-27,2005-07-31,257,911
12418,2-911-TRIP NEWTON,2005-08-18,2005-08-19,241,911
5234,1-911-TRIP NEWTON,2005-07-09,2005-07-17,398,911
7070,1-911-TRIP NEWTON,2005-07-27,2005-07-30,280,911
15479,1-911-TRIP NEWTON,2005-08-23,2005-08-29,149,911
6829,1-911-TRIP NEWTON,2005-07-12,2005-07-16,361,911
8420,1-911-TRIP NEWTON,2005-07-29,2005-08-06,376,911
15364,1-911-TRIP NEWTON,2005-08-22,2005-08-28,204,911
9553,2-911-TRIP NEWTON,2005-07-31,2005-08-08,579,911
14039,2-911-TRIP NEWTON,2005-08-20,2005-08-24,383,911
228,2-113-CALIFORNIA BIRDS,2005-05-26,2005-06-04,571,113
2748,2-113-CALIFORNIA BIRDS,2005-06-19,2005-06-21,473,113
4285,2-113-CALIFORNIA BIRDS,2005-07-07,2005-07-15,308,113
9884,2-113-CALIFORNIA BIRDS,2005-07-31,2005-08-01,590,113
15755,2-113-CALIFORNIA BIRDS,2005-08-23,2005-08-25,423,113
6792,2-113-CALIFORNIA BIRDS,2005-07-12,2005-07-20,571,113
9354,2-113-CALIFORNIA BIRDS,2005-07-30,2005-08-02,595,113
13463,2-113-CALIFORNIA BIRDS,2005-08-20,2005-08-28,21,113
7978,2-113-CALIFORNIA BIRDS,2005-07-28,2005-08-01,431,113
13549,2-113-CALIFORNIA BIRDS,2005-08-20,2005-08-28,274,113
8242,2-113-CALIFORNIA BIRDS,2005-07-29,2005-08-05,99,113
14016,2-113-CALIFORNIA BIRDS,2005-08-20,2005-08-23,220,113
229,1-251-DRAGONFLY STRANGERS,2005-05-26,2005-05-31,312,251
1349,1-251-DRAGONFLY STRANGERS,2005-06-15,2005-06-17,267,251
6184,1-251-DRAGONFLY STRANGERS,2005-07-11,2005-07-19,146,251
10191,1-251-DRAGONFLY STRANGERS,2005-08-01,2005-08-06,196,251
14797,1-251-DRAGONFLY STRANGERS,2005-08-22,2005-08-23,546,251
1145,2-251-DRAGONFLY STRANGERS,2005-05-31,2005-06-08,284,251
1880,2-251-DRAGONFLY STRANGERS,2005-06-17,2005-06-19,289,251
3625,2-251-DRAGONFLY STRANGERS,2005-07-06,2005-07-12,175,251
7991,2-251-DRAGONFLY STRANGERS,2005-07-28,2005-07-29,59,251
13731,2-251-DRAGONFLY STRANGERS,2005-08-20,2005-08-21,450,251
1511,2-251-DRAGONFLY STRANGERS,2005-06-15,2005-06-22,330,251
3857,2-251-DRAGONFLY STRANGERS,2005-07-06,2005-07-07,236,251
7050,2-251-DRAGONFLY STRANGERS,2005-07-27,2005-08-02,55,251
12624,2-251-DRAGONFLY STRANGERS,2005-08-18,2005-08-27,434,251
9444,2-251-DRAGONFLY STRANGERS,2005-07-30,2005-08-08,259,251
13838,2-251-DRAGONFLY STRANGERS,2005-08-20,2005-08-29,437,251
9459,1-251-DRAGONFLY STRANGERS,2005-07-30,2005-08-02,489,251
12506,1-251-DRAGONFLY STRANGERS,2006-02-14,,114,251
233,2-156-CLERKS ANGELS,2005-05-26,2005-05-28,531,156
1554,2-156-CLERKS ANGELS,2005-06-16,2005-06-22,155,156
5390,2-156-CLERKS ANGELS,2005-07-09,2005-07-14,139,156
10584,2-156-CLERKS ANGELS,2005-08-01,2005-08-06,86,156
12554,2-156-CLERKS ANGELS,2005-08-18,2005-08-25,404,156
7014,2-156-CLERKS ANGELS,2005-07-27,2005-08-03,524,156
14222,2-156-CLERKS ANGELS,2005-08-21,2005-08-25,7,156
234,1-292-EXCITEMENT EVE,2005-05-26,2005-06-03,566,292
2406,1-292-EXCITEMENT EVE,2005-06-18,2005-06-23,497,292
4779,1-292-EXCITEMENT EVE,2005-07-08,2005-07-15,338,292
10781,1-292-EXCITEMENT EVE,2005-08-01,2005-08-06,259,292
14168,1-292-EXCITEMENT EVE,2005-08-21,2005-08-29,49,292
2058,2-292-EXCITEMENT EVE,2005-06-17,2005-06-25,57,292
4572,2-292-EXCITEMENT EVE,2005-07-08,2005-07-12,323,292
10098,2-292-EXCITEMENT EVE,2005-07-31,2005-08-02,155,292
13502,2-292-EXCITEMENT EVE,2005-08-20,2005-08-21,309,292
2357,2-292-EXCITEMENT EVE,2005-06-18,2005-06-26,561,292
4062,2-292-EXCITEMENT EVE,2005-07-07,2005-07-09,410,292
8392,2-292-EXCITEMENT EVE,2005-07-29,2005-08-02,65,292
15186,2-292-EXCITEMENT EVE,2005-08-22,2005-08-24,104,292
5406,2-292-EXCITEMENT EVE,2005-07-09,2005-07-11,563,292
8525,2-292-EXCITEMENT EVE,2005-07-29,2005-07-30,111,292
11675,2-292-EXCITEMENT EVE,2005-08-17,2005-08-21,514,292
6503,1-292-EXCITEMENT EVE,2005-07-12,2005-07-15,120,292
11286,1-292-EXCITEMENT EVE,2005-08-02,2005-08-10,207,292
11587,1-292-EXCITEMENT EVE,2005-08-17,2005-08-25,156,292
10937,1-292-EXCITEMENT EVE,2005-08-02,2005-08-11,416,292
14685,1-292-EXCITEMENT EVE,2005-08-21,2005-08-22,69,292
235,2-773-SEABISCUIT PUNK,2005-05-26,2005-06-04,119,773
1867,2-773-SEABISCUIT PUNK,2005-06-17,2005-06-25,415,773
5961,2-773-SEABISCUIT PUNK,2005-07-10,2005-07-15,21,773
7764,2-773-SEABISCUIT PUNK,2005-07-28,2005-07-30,142,773
15058,2-773-SEABISCUIT PUNK,2005-08-22,2005-08-26,288,773
258,1-773-SEABISCUIT PUNK,2005-05-26,2005-05-30,502,773
1238,1-773-SEABISCUIT PUNK,2005-06-15,2005-06-20,205,773
5019,1-773-SEABISCUIT PUNK,2005-07-09,2005-07-15,295,773
10389,1-773-SEABISCUIT PUNK,2005-08-01,2005-08-08,346,773
15093,1-773-SEABISCUIT PUNK,2005-08-22,2005-08-23,60,773
3273,2-773-SEABISCUIT PUNK,2005-06-21,2005-06-23,104,773
5409,2-773-SEABISCUIT PUNK,2005-07-09,2005-07-13,446,773
9369,2-773-SEABISCUIT PUNK,2005-07-30,2005-08-01,36,773
13261,2-773-SEABISCUIT PUNK,2006-02-14,,417,773
5437,1-773-SEABISCUIT PUNK,2005-07-09,2005-07-15,26,773
7894,1-773-SEABISCUIT PUNK,2005-07-28,2005-08-02,330,773
14600,1-773-SEABISCUIT PUNK,2005-08-21,2005-08-28,255,773
6104,1-773-SEABISCUIT PUNK,2005-07-11,2005-07-17,389,773
7854,1-773-SEABISCUIT PUNK,2005-07-28,2005-08-02,84,773
12285,1-773-SEABISCUIT PUNK,2005-08-18,2005-08-19,215,773
8771,1-773-SEABISCUIT PUNK,2005-07-29,2005-08-03,347,773
14873,1-773-SEABISCUIT PUNK,2005-08-22,2005-08-31,314,773
10368,2-773-SEABISCUIT PUNK,2005-08-01,2005-08-08,593,773
13439,2-773-SEABISCUIT PUNK,2005-08-19,2005-08-26,551,773
10960,2-773-SEABISCUIT PUNK,2005-08-02,2005-08-11,399,773
11520,2-773-SEABISCUIT PUNK,2005-08-17,2005-08-26,119,773
236,2-280-EMPIRE MALKOVICH,2005-05-26,2005-05-28,446,280
2928,2-280-EMPIRE MALKOVICH,2005-06-20,2005-06-21,104,280
5857,2-280-EMPIRE MALKOVICH,2005-07-10,2005-07-18,29,280
11350,2-280-EMPIRE MALKOVICH,2005-08-02,2005-08-09,598,280
11495,2-280-EMPIRE MALKOVICH,2005-08-16,2005-08-23,247,280
946,2-280-EMPIRE MALKOVICH,2005-05-30,2005-06-08,486,280
2730,2-280-EMPIRE MALKOVICH,2005-06-19,2005-06-28,30,280
4038,2-280-EMPIRE MALKOVICH,2005-07-07,2005-07-11,27,280
7121,2-280-EMPIRE MALKOVICH,2005-07-27,2005-07-29,252,280
13745,2-280-EMPIRE MALKOVICH,2005-08-20,2005-08-25,142,280
2118,1-280-EMPIRE MALKOVICH,2005-06-17,2005-06-23,103,280
3983,1-280-EMPIRE MALKOVICH,2005-07-06,2005-07-12,6,280
7235,1-280-EMPIRE MALKOVICH,2005-07-27,2005-08-05,354,280
12241,1-280-EMPIRE MALKOVICH,2005-08-18,2005-08-21,248,280
3698,1-280-EMPIRE MALKOVICH,2005-07-06,2005-07-08,461,280
7927,1-280-EMPIRE MALKOVICH,2005-07-28,2005-08-05,27,280
13978,1-280-EMPIRE MALKOVICH,2005-08-20,2005-08-27,260,280
9551,1-280-EMPIRE MALKOVICH,2005-07-31,2005-08-06,30,280
11681,1-280-EMPIRE MALKOVICH,2005-08-17,2005-08-26,543,280
11068,1-280-EMPIRE MALKOVICH,2005-08-02,2005-08-09,52,280
13479,1-280-EMPIRE MALKOVICH,2005-08-20,2005-08-26,87,280
239,1-26-ANNIE IDENTITY,2005-05-26,2005-06-01,49,26
3382,1-26-ANNIE IDENTITY,2005-06-21,2005-06-29,341,26
5859,1-26-ANNIE IDENTITY,2005-07-10,2005-07-11,220,26
8773,1-26-ANNIE IDENTITY,2005-07-29,2005-07-30,592,26
15188,1-26-ANNIE IDENTITY,2005-08-22,2005-08-29,478,26
699,1-26-ANNIE IDENTITY,2005-05-29,2005-06-04,246,26
3105,1-26-ANNIE IDENTITY,2005-06-20,2005-06-21,385,26
5756,1-26-ANNIE IDENTITY,2005-07-10,2005-07-11,183,26
11426,1-26-ANNIE IDENTITY,2005-08-02,2005-08-09,572,26
12341,1-26-ANNIE IDENTITY,2005-08-18,2005-08-21,154,26
1003,2-26-ANNIE IDENTITY,2005-05-31,2005-06-02,161,26
3431,2-26-ANNIE IDENTITY,2005-06-21,2005-06-26,516,26
5614,2-26-ANNIE IDENTITY,2005-07-10,2005-07-13,371,26
8838,2-26-ANNIE IDENTITY,2005-07-29,2005-08-03,550,26
11583,2-26-ANNIE IDENTITY,2005-08-17,2005-08-20,542,26
2521,2-26-ANNIE IDENTITY,2005-06-19,2005-06-22,92,26
5540,2-26-ANNIE IDENTITY,2005-07-10,2005-07-11,250,26
10772,2-26-ANNIE IDENTITY,2005-08-01,2005-08-10,485,26
12856,2-26-ANNIE IDENTITY,2005-08-19,2005-08-23,4,26
4851,2-26-ANNIE IDENTITY,2005-07-08,2005-07-12,557,26
7123,2-26-ANNIE IDENTITY,2005-07-27,2005-08-04,232,26
15521,2-26-ANNIE IDENTITY,2005-08-23,2005-08-28,331,26
240,1-749-RULES HUMAN,2005-05-26,2005-06-04,103,749
2813,1-749-RULES HUMAN,2005-06-19,2005-06-27,284,749
6875,1-749-RULES HUMAN,2005-07-12,2005-07-19,172,749
11264,1-749-RULES HUMAN,2005-08-02,2005-08-10,360,749
14900,1-749-RULES HUMAN,2005-08-22,2005-08-25,329,749
735,2-749-RULES HUMAN,2005-05-29,2005-06-07,454,749
2766,2-749-RULES HUMAN,2005-06-19,2005-06-23,345,749
6613,2-749-RULES HUMAN,2005-07-12,2005-07-14,460,749
7555,2-749-RULES HUMAN,2005-07-27,2005-08-02,533,749
11638,2-749-RULES HUMAN,2005-08-17,2005-08-25,152,749
1520,1-749-RULES HUMAN,2005-06-15,2005-06-24,341,749
5654,1-749-RULES HUMAN,2005-07-10,2005-07-14,490,749
9406,1-749-RULES HUMAN,2005-07-30,2005-08-07,453,749
14783,1-749-RULES HUMAN,2005-08-22,2005-08-28,332,749
7043,2-749-RULES HUMAN,2005-07-27,2005-08-05,493,749
14972,2-749-RULES HUMAN,2005-08-22,2005-08-29,310,749
241,2-970-WESTWARD SEABISCUIT,2005-05-26,2005-05-28,245,970
1691,2-970-WESTWARD SEABISCUIT,2005-06-16,2005-06-24,492,970
4511,2-970-WESTWARD SEABISCUIT,2005-07-08,2005-07-15,75,970
10678,2-970-WESTWARD SEABISCUIT,2005-08-01,2005-08-05,56,970
11726,2-970-WESTWARD SEABISCUIT,2005-08-17,2005-08-22,266,970
1645,1-970-WESTWARD SEABISCUIT,2005-06-16,2005-06-23,234,970
5963,1-970-WESTWARD SEABISCUIT,2005-07-10,2005-07-12,35,970
9164,1-970-WESTWARD SEABISCUIT,2005-07-30,2005-08-08,342,970
12555,1-970-WESTWARD SEABISCUIT,2005-08-18,2005-08-26,557,970
1695,1-970-WESTWARD SEABISCUIT,2005-06-16,2005-06-22,159,970
5637,1-970-WESTWARD SEABISCUIT,2005-07-10,2005-07-17,45,970
7831,1-970-WESTWARD SEABISCUIT,2005-07-28,2005-07-30,499,970
14792,1-970-WESTWARD SEABISCUIT,2005-08-22,2005-08-30,396,970
3086,2-970-WESTWARD SEABISCUIT,2005-06-20,2005-06-25,377,970
6113,2-970-WESTWARD SEABISCUIT,2005-07-11,2005-07-20,115,970
10679,2-970-WESTWARD SEABISCUIT,2005-08-01,2005-08-08,198,970
11670,2-970-WESTWARD SEABISCUIT,2005-08-17,2005-08-19,286,970
4996,2-970-WESTWARD SEABISCUIT,2005-07-09,2005-07-16,129,970
8653,2-970-WESTWARD SEABISCUIT,2005-07-29,2005-08-02,230,970
15652,2-970-WESTWARD SEABISCUIT,2005-08-23,2005-08-30,578,970
5778,1-970-WESTWARD SEABISCUIT,2005-07-10,2005-07-14,324,970
7901,1-970-WESTWARD SEABISCUIT,2005-07-28,2005-08-01,280,970
12522,1-970-WESTWARD SEABISCUIT,2005-08-18,2005-08-27,342,970
6406,2-970-WESTWARD SEABISCUIT,2005-07-11,2005-07-20,392,970
8962,2-970-WESTWARD SEABISCUIT,2005-07-30,2005-08-07,406,970
15373,2-970-WESTWARD SEABISCUIT,2005-08-22,2005-08-24,14,970
242,1-454-IMPACT ALADDIN,2005-05-26,2005-06-02,214,454
1441,1-454-IMPACT ALADDIN,2005-06-15,2005-06-22,444,454
5631,1-454-IMPACT ALADDIN,2005-07-10,2005-07-17,595,454
8651,1-454-IMPACT ALADDIN,2005-07-29,2005-08-07,61,454
12242,1-454-IMPACT ALADDIN,2005-08-18,2005-08-25,121,454
1548,1-454-IMPACT ALADDIN,2005-06-16,2005-06-23,374,454
4139,1-454-IMPACT ALADDIN,2005-07-07,2005-07-14,509,454
11399,1-454-IMPACT ALADDIN,2005-08-02,2005-08-11,565,454
12214,1-454-IMPACT ALADDIN,2005-08-18,2005-08-21,231,454
243,1-375-GRAIL FRANKENSTEIN,2005-05-26,2005-06-03,543,375
1755,1-375-GRAIL FRANKENSTEIN,2005-06-16,2005-06-17,117,375
4092,1-375-GRAIL FRANKENSTEIN,2005-07-07,2005-07-16,246,375
10146,1-375-GRAIL FRANKENSTEIN,2005-07-31,2005-08-02,559,375
15401,1-375-GRAIL FRANKENSTEIN,2005-08-22,2005-09-01,103,375
752,1-375-GRAIL FRANKENSTEIN,2005-05-29,2005-06-04,126,375
3325,1-375-GRAIL FRANKENSTEIN,2005-06-21,2005-06-27,185,375
5978,1-375-GRAIL FRANKENSTEIN,2005-07-11,2005-07-19,508,375
9737,1-375-GRAIL FRANKENSTEIN,2005-07-31,2005-08-03,475,375
11709,1-375-GRAIL FRANKENSTEIN,2006-02-14,,330,375
244,2-232-DIRTY ACE,2005-05-26,2005-05-31,257,232
1345,2-232-DIRTY ACE,2005-06-15,2005-06-24,270,232
5045,2-232-DIRTY ACE,2005-07-09,2005-07-18,230,232
11242,2-232-DIRTY ACE,2005-08-02,2005-08-10,434,232
11747,2-232-DIRTY ACE,2005-08-17,2005-08-19,555,232
1654,1-232-DIRTY ACE,2005-06-16,2005-06-20,348,232
5910,1-232-DIRTY ACE,2005-07-10,2005-07-19,464,232
8910,1-232-DIRTY ACE,2005-07-30,2005-07-31,569,232
13712,1-232-DIRTY ACE,2005-08-20,2005-08-21,581,232
9796,1-232-DIRTY ACE,2005-07-31,2005-08-09,539,232
14626,1-232-DIRTY ACE,2005-08-21,2005-08-25,554,232
10792,1-232-DIRTY ACE,2005-08-01,2005-08-02,264,232
12634,1-232-DIRTY ACE,2005-08-18,2005-08-19,549,232
11438,2-232-DIRTY ACE,2005-08-02,2005-08-10,372,232
11804,2-232-DIRTY ACE,2005-08-17,2005-08-25,556,232
245,1-668-PEAK FOREVER,2005-05-26,2005-05-27,158,668
2860,1-668-PEAK FOREVER,2005-06-19,2005-06-21,107,668
5799,1-668-PEAK FOREVER,2005-07-10,2005-07-14,520,668
8532,1-668-PEAK FOREVER,2005-07-29,2005-08-02,546,668
13151,1-668-PEAK FOREVER,2005-08-19,2005-08-20,16,668
783,2-668-PEAK FOREVER,2005-05-29,2005-06-06,53,668
2815,2-668-PEAK FOREVER,2005-06-19,2005-06-25,27,668
4040,2-668-PEAK FOREVER,2005-07-07,2005-07-16,103,668
7364,2-668-PEAK FOREVER,2005-07-27,2005-08-03,592,668
12547,2-668-PEAK FOREVER,2005-08-18,2005-08-22,591,668
1675,2-668-PEAK FOREVER,2005-06-16,2005-06-24,371,668
6917,2-668-PEAK FOREVER,2005-07-12,2005-07-20,23,668
10031,2-668-PEAK FOREVER,2005-07-31,2005-08-03,96,668
11610,2-668-PEAK FOREVER,2005-08-17,2005-08-20,275,668
5380,2-668-PEAK FOREVER,2005-07-09,2005-07-11,166,668
11100,2-668-PEAK FOREVER,2005-08-02,2005-08-10,65,668
15823,2-668-PEAK FOREVER,2005-08-23,2005-08-24,81,668
5490,1-668-PEAK FOREVER,2005-07-10,2005-07-14,367,668
10622,1-668-PEAK FOREVER,2005-08-01,2005-08-08,171,668
12251,1-668-PEAK FOREVER,2005-08-18,2005-08-19,276,668
247,1-892-TITANIC BOONDOCK,2005-05-26,2005-05-28,102,892
3317,1-892-TITANIC BOONDOCK,2005-06-21,2005-06-26,584,892
5014,1-892-TITANIC BOONDOCK,2005-07-09,2005-07-10,334,892
9140,1-892-TITANIC BOONDOCK,2005-07-30,2005-08-06,25,892
12215,1-892-TITANIC BOONDOCK,2005-08-18,2005-08-24,47,892
2819,2-892-TITANIC BOONDOCK,2005-06-19,2005-06-26,82,892
3813,2-892-TITANIC BOONDOCK,2005-07-06,2005-07-08,189,892
7541,2-892-TITANIC BOONDOCK,2005-07-27,2005-07-29,206,892
12290,2-892-TITANIC BOONDOCK,2005-08-18,2005-08-23,283,892
3039,2-892-TITANIC BOONDOCK,2005-06-20,2005-06-21,186,892
6758,2-892-TITANIC BOONDOCK,2005-07-12,2005-07-20,546,892
7765,2-892-TITANIC BOONDOCK,2005-07-28,2005-07-31,294,892
11782,2-892-TITANIC BOONDOCK,2006-02-14,,354,892
4556,2-892-TITANIC BOONDOCK,2005-07-08,2005-07-16,348,892
8977,2-892-TITANIC BOONDOCK,2005-07-30,2005-08-05,334,892
14481,2-892-TITANIC BOONDOCK,2005-08-21,2005-08-30,367,892
5168,1-892-TITANIC BOONDOCK,2005-07-09,2005-07-11,420,892
10832,1-892-TITANIC BOONDOCK,2005-08-01,2005-08-06,487,892
14702,1-892-TITANIC BOONDOCK,2005-08-21,2005-08-30,345,892
7262,2-892-TITANIC BOONDOCK,2005-07-27,2005-07-30,522,892
14472,2-892-TITANIC BOONDOCK,2005-08-21,2005-08-23,184,892
9859,1-892-TITANIC BOONDOCK,2005-07-31,2005-08-05,127,892
11942,1-892-TITANIC BOONDOCK,2006-02-14,,576,892
248,2-416-HIGHBALL POTTER,2005-05-26,2005-05-31,545,416
2340,2-416-HIGHBALL POTTER,2005-06-18,2005-06-23,157,416
6732,2-416-HIGHBALL POTTER,2005-07-12,2005-07-17,299,416
8087,2-416-HIGHBALL POTTER,2005-07-28,2005-08-03,295,416
15041,2-416-HIGHBALL POTTER,2005-08-22,2005-08-23,372,416
973,2-416-HIGHBALL POTTER,2005-05-30,2005-06-08,473,416
2020,2-416-HIGHBALL POTTER,2005-06-17,2005-06-19,384,416
3711,2-416-HIGHBALL POTTER,2005-07-06,2005-07-07,75,416
10548,2-416-HIGHBALL POTTER,2005-08-01,2005-08-07,85,416
15506,2-416-HIGHBALL POTTER,2005-08-23,2005-08-28,553,416
1541,1-416-HIGHBALL POTTER,2005-06-16,2005-06-22,189,416
4559,1-416-HIGHBALL POTTER,2005-07-08,2005-07-12,424,416
9336,1-416-HIGHBALL POTTER,2005-07-30,2005-08-05,557,416
14678,1-416-HIGHBALL POTTER,2005-08-21,2005-08-31,383,416
3572,2-416-HIGHBALL POTTER,2005-07-06,2005-07-08,284,416
8261,2-416-HIGHBALL POTTER,2005-07-29,2005-08-04,50,416
14732,2-416-HIGHBALL POTTER,2005-08-21,2005-08-23,482,416
7542,1-416-HIGHBALL POTTER,2005-07-27,2005-07-30,110,416
13974,1-416-HIGHBALL POTTER,2005-08-20,2005-08-28,479,416
9275,2-416-HIGHBALL POTTER,2005-07-30,2005-07-31,439,416
12831,2-416-HIGHBALL POTTER,2005-08-19,2005-08-28,183,416
249,1-530-LORD ARIZONA,2005-05-26,2005-05-28,472,530
3100,1-530-LORD ARIZONA,2005-06-20,2005-06-26,487,530
6878,1-530-LORD ARIZONA,2005-07-12,2005-07-19,363,530
10910,1-530-LORD ARIZONA,2005-08-02,2005-08-10,266,530
14160,1-530-LORD ARIZONA,2006-02-14,,493,530
3680,1-530-LORD ARIZONA,2005-07-06,2005-07-08,82,530
9682,1-530-LORD ARIZONA,2005-07-31,2005-08-04,425,530
14008,1-530-LORD ARIZONA,2005-08-20,2005-08-28,560,530
4121,1-530-LORD ARIZONA,2005-07-07,2005-07-13,176,530
10209,1-530-LORD ARIZONA,2005-08-01,2005-08-03,303,530
14384,1-530-LORD ARIZONA,2005-08-21,2005-08-26,371,530
250,1-81-BLINDNESS GUN,2005-05-26,2005-05-27,539,81
1307,1-81-BLINDNESS GUN,2005-06-15,2005-06-20,507,81
4353,1-81-BLINDNESS GUN,2005-07-07,2005-07-13,452,81
9910,1-81-BLINDNESS GUN,2005-07-31,2005-08-05,122,81
13069,1-81-BLINDNESS GUN,2005-08-19,2005-08-24,299,81
3466,1-81-BLINDNESS GUN,2005-06-21,2005-06-25,226,81
3512,1-81-BLINDNESS GUN,2005-07-06,2005-07-12,291,81
10692,1-81-BLINDNESS GUN,2005-08-01,2005-08-07,596,81
14461,1-81-BLINDNESS GUN,2005-08-21,2005-08-30,42,81
5142,1-81-BLINDNESS GUN,2005-07-09,2005-07-13,56,81
10570,1-81-BLINDNESS GUN,2005-08-01,2005-08-05,21,81
15549,1-81-BLINDNESS GUN,2005-08-23,2005-09-01,170,81
7170,1-81-BLINDNESS GUN,2005-07-27,2005-07-28,140,81
15685,1-81-BLINDNESS GUN,2005-08-23,2005-08-30,491,81
251,2-948-VOICE PEACH,2005-05-26,2005-05-29,204,948
1352,2-948-VOICE PEACH,2005-06-15,2005-06-18,276,948
5398,2-948-VOICE PEACH,2005-07-09,2005-07-17,199,948
11049,2-948-VOICE PEACH,2005-08-02,2005-08-11,38,948
13604,2-948-VOICE PEACH,2005-08-20,2005-08-21,353,948
1452,1-948-VOICE PEACH,2005-06-15,2005-06-16,243,948
6599,1-948-VOICE PEACH,2005-07-12,2005-07-21,519,948
7320,1-948-VOICE PEACH,2005-07-27,2005-07-31,241,948
14914,1-948-VOICE PEACH,2005-08-22,2005-08-26,156,948
1558,2-948-VOICE PEACH,2005-06-16,2005-06-19,20,948
6622,2-948-VOICE PEACH,2005-07-12,2005-07-13,325,948
10677,2-948-VOICE PEACH,2005-08-01,2005-08-04,483,948
12365,2-948-VOICE PEACH,2005-08-18,2005-08-24,303,948
6411,1-948-VOICE PEACH,2005-07-11,2005-07-19,124,948
15552,1-948-VOICE PEACH,2005-08-23,2005-09-01,527,948
8448,2-948-VOICE PEACH,2005-07-29,2005-08-02,393,948
13324,2-948-VOICE PEACH,2005-08-19,2005-08-20,564,948
10374,2-948-VOICE PEACH,2005-08-01,2005-08-07,307,948
14097,2-948-VOICE PEACH,2005-08-21,2005-08-29,88,948
252,1-267-EAGLES PANKY,2005-05-26,2005-06-02,187,267
2025,1-267-EAGLES PANKY,2005-06-17,2005-06-18,447,267
6837,1-267-EAGLES PANKY,2005-07-12,2005-07-21,533,267
6942,1-267-EAGLES PANKY,2005-07-26,2005-07-31,470,267
14583,1-267-EAGLES PANKY,2005-08-21,2005-08-24,455,267
652,1-267-EAGLES PANKY,2005-05-28,2005-05-29,43,267
2964,1-267-EAGLES PANKY,2005-06-20,2005-06-29,590,267
5414,1-267-EAGLES PANKY,2005-07-09,2005-07-13,174,267
11217,1-267-EAGLES PANKY,2005-08-02,2005-08-09,417,267
15171,1-267-EAGLES PANKY,2005-08-22,2005-08-28,119,267
2719,1-267-EAGLES PANKY,2005-06-19,2005-06-20,336,267
4615,1-267-EAGLES PANKY,2005-07-08,2005-07-16,404,267
10847,1-267-EAGLES PANKY,2005-08-01,2005-08-10,280,267
12346,1-267-EAGLES PANKY,2005-08-18,2005-08-21,265,267
3541,2-267-EAGLES PANKY,2005-07-06,2005-07-12,501,267
9508,2-267-EAGLES PANKY,2005-07-31,2005-08-04,316,267
11762,2-267-EAGLES PANKY,2005-08-17,2005-08-26,244,267
3933,1-267-EAGLES PANKY,2005-07-06,2005-07-08,229,267
10970,1-267-EAGLES PANKY,2005-08-02,2005-08-10,260,267
14878,1-267-EAGLES PANKY,2006-02-14,,441,267
11031,2-267-EAGLES PANKY,2005-08-02,2005-08-07,361,267
14579,2-267-EAGLES PANKY,2005-08-21,2005-08-28,260,267
254,2-398-HANOVER GALAXY,2005-05-26,2005-05-31,390,398
3194,2-398-HANOVER GALAXY,2005-06-20,2005-06-24,432,398
3491,2-398-HANOVER GALAXY,2005-07-05,2005-07-13,421,398
8865,2-398-HANOVER GALAXY,2005-07-29,2005-07-31,305,398
584,2-398-HANOVER GALAXY,2005-05-28,2005-06-01,69,398
2468,2-398-HANOVER GALAXY,2005-06-18,2005-06-23,382,398
6616,2-398-HANOVER GALAXY,2005-07-12,2005-07-20,179,398
7621,2-398-HANOVER GALAXY,2005-07-28,2005-08-06,88,398
11752,2-398-HANOVER GALAXY,2005-08-17,2005-08-18,481,398
1475,2-398-HANOVER GALAXY,2005-06-15,2005-06-18,344,398
6376,2-398-HANOVER GALAXY,2005-07-11,2005-07-13,263,398
6985,2-398-HANOVER GALAXY,2005-07-27,2005-07-31,448,398
13629,2-398-HANOVER GALAXY,2005-08-20,2005-08-25,392,398
2528,2-398-HANOVER GALAXY,2005-06-19,2005-06-26,331,398
4872,2-398-HANOVER GALAXY,2005-07-08,2005-07-10,103,398
7983,2-398-HANOVER GALAXY,2005-07-28,2005-07-29,115,398
13969,2-398-HANOVER GALAXY,2005-08-20,2005-08-27,237,398
255,1-719-RECORDS ZORRO,2005-05-26,2005-05-27,114,719
2756,1-719-RECORDS ZORRO,2005-06-19,2005-06-26,144,719
5130,1-719-RECORDS ZORRO,2005-07-09,2005-07-13,93,719
9708,1-719-RECORDS ZORRO,2005-07-31,2005-08-08,12,719
13402,1-719-RECORDS ZORRO,2005-08-19,2005-08-22,372,719
5188,1-719-RECORDS ZORRO,2005-07-09,2005-07-13,34,719
8836,1-719-RECORDS ZORRO,2005-07-29,2005-08-02,14,719
16005,1-719-RECORDS ZORRO,2005-08-23,2005-09-02,466,719
259,2-6-AGENT TRUMAN,2005-05-26,2005-06-04,482,6
2569,2-6-AGENT TRUMAN,2005-06-19,2005-06-26,213,6
3756,2-6-AGENT TRUMAN,2005-07-06,2005-07-11,320,6
7810,2-6-AGENT TRUMAN,2005-07-28,2005-08-02,537,6
12463,2-6-AGENT TRUMAN,2005-08-18,2005-08-23,214,6
317,1-6-AGENT TRUMAN,2005-05-26,2005-06-01,391,6
3391,1-6-AGENT TRUMAN,2005-06-21,2005-06-25,45,6
4594,1-6-AGENT TRUMAN,2005-07-08,2005-07-16,506,6
8353,1-6-AGENT TRUMAN,2005-07-29,2005-07-30,585,6
12764,1-6-AGENT TRUMAN,2005-08-18,2005-08-22,183,6
2965,1-6-AGENT TRUMAN,2005-06-20,2005-06-29,46,6
3567,1-6-AGENT TRUMAN,2005-07-06,2005-07-12,355,6
10526,1-6-AGENT TRUMAN,2005-08-01,2005-08-08,14,6
11944,1-6-AGENT TRUMAN,2005-08-17,2005-08-21,389,6
5806,2-6-AGENT TRUMAN,2005-07-10,2005-07-15,108,6
10485,2-6-AGENT TRUMAN,2005-08-01,2005-08-09,50,6
12513,2-6-AGENT TRUMAN,2005-08-18,2005-08-25,527,6
8263,1-6-AGENT TRUMAN,2005-07-29,2005-07-31,5,6
13796,1-6-AGENT TRUMAN,2005-08-20,2005-08-29,209,6
11261,2-6-AGENT TRUMAN,2005-08-02,2005-08-10,204,6
14554,2-6-AGENT TRUMAN,2005-08-21,2005-08-26,38,6
260,1-96-BREAKING HOME,2005-05-26,2005-05-31,21,96
1478,1-96-BREAKING HOME,2005-06-15,2005-06-18,336,96
5037,1-96-BREAKING HOME,2005-07-09,2005-07-15,524,96
7425,1-96-BREAKING HOME,2005-07-27,2005-08-02,263,96
12815,1-96-BREAKING HOME,2005-08-19,2005-08-25,588,96
388,1-96-BREAKING HOME,2005-05-27,2005-05-30,28,96
2082,1-96-BREAKING HOME,2005-06-17,2005-06-19,254,96
3772,1-96-BREAKING HOME,2005-07-06,2005-07-10,338,96
11116,1-96-BREAKING HOME,2005-08-02,2005-08-09,344,96
12348,1-96-BREAKING HOME,2005-08-18,2005-08-25,186,96
6560,1-96-BREAKING HOME,2005-07-12,2005-07-15,54,96
9984,1-96-BREAKING HOME,2005-07-31,2005-08-01,432,96
13077,1-96-BREAKING HOME,2005-08-19,2005-08-21,241,96
261,2-301-FAMILY SWEET,2005-05-26,2005-06-02,414,301
2130,2-301-FAMILY SWEET,2005-06-17,2005-06-26,413,301
4493,2-301-FAMILY SWEET,2005-07-08,2005-07-09,167,301
7377,2-301-FAMILY SWEET,2005-07-27,2005-08-02,588,301
14734,2-301-FAMILY SWEET,2006-02-14,,448,301
988,1-301-FAMILY SWEET,2005-05-30,2005-06-07,12,301
2272,1-301-FAMILY SWEET,2005-06-18,2005-06-23,599,301
4080,1-301-FAMILY SWEET,2005-07-07,2005-07-11,148,301
7438,1-301-FAMILY SWEET,2005-07-27,2005-08-05,52,301
15627,1-301-FAMILY SWEET,2005-08-23,2005-08-31,453,301
1047,1-301-FAMILY SWEET,2005-05-31,2005-06-04,72,301
1728,1-301-FAMILY SWEET,2005-06-16,2005-06-23,59,301
4883,1-301-FAMILY SWEET,2005-07-08,2005-07-10,563,301
10855,1-301-FAMILY SWEET,2005-08-02,2005-08-03,274,301
12572,1-301-FAMILY SWEET,2005-08-18,2005-08-21,253,301
2550,2-301-FAMILY SWEET,2005-06-19,2005-06-24,38,301
4662,2-301-FAMILY SWEET,2005-07-08,2005-07-10,553,301
10223,2-301-FAMILY SWEET,2005-08-01,2005-08-02,522,301
15680,2-301-FAMILY SWEET,2005-08-23,2005-08-31,169,301
5291,1-301-FAMILY SWEET,2005-07-09,2005-07-15,194,301
10171,1-301-FAMILY SWEET,2005-07-31,2005-08-03,401,301
14760,1-301-FAMILY SWEET,2006-02-14,,355,301
6206,2-301-FAMILY SWEET,2005-07-11,2005-07-15,459,301
9588,2-301-FAMILY SWEET,2005-07-31,2005-08-02,499,301
14860,2-301-FAMILY SWEET,2005-08-22,2005-08-28,418,301
8854,1-301-FAMILY SWEET,2005-07-29,2005-08-01,527,301
15892,1-301-FAMILY SWEET,2005-08-23,2005-08-28,174,301
9450,2-301-FAMILY SWEET,2005-07-30,2005-08-05,430,301
11717,2-301-FAMILY SWEET,2005-08-17,2005-08-20,566,301
262,1-927-UPRISING UPTOWN,2005-05-26,2005-05-28,236,927
1350,1-927-UPRISING UPTOWN,2005-06-15,2005-06-23,316,927
3563,1-927-UPRISING UPTOWN,2005-07-06,2005-07-14,210,927
7491,1-927-UPRISING UPTOWN,2005-07-27,2005-07-28,239,927
11645,1-927-UPRISING UPTOWN,2005-08-17,2005-08-25,35,927
292,1-927-UPRISING UPTOWN,2005-05-26,2005-06-05,515,927
1789,1-927-UPRISING UPTOWN,2005-06-16,2005-06-23,105,927
5597,1-927-UPRISING UPTOWN,2005-07-10,2005-07-17,576,927
11071,1-927-UPRISING UPTOWN,2005-08-02,2005-08-07,294,927
15582,1-927-UPRISING UPTOWN,2005-08-23,2005-08-25,297,927
5488,1-927-UPRISING UPTOWN,2005-07-10,2005-07-15,173,927
9659,1-927-UPRISING UPTOWN,2005-07-31,2005-08-07,360,927
13349,1-927-UPRISING UPTOWN,2005-08-19,2005-08-20,234,927
5996,1-927-UPRISING UPTOWN,2005-07-11,2005-07-17,223,927
10552,1-927-UPRISING UPTOWN,2005-08-01,2005-08-04,119,927
15887,1-927-UPRISING UPTOWN,2005-08-23,2005-08-26,201,927
263,2-256-DROP WATERFRONT,2005-05-26,2005-05-30,449,256
2321,2-256-DROP WATERFRONT,2005-06-18,2005-06-25,565,256
4551,2-256-DROP WATERFRONT,2005-07-08,2005-07-17,494,256
8558,2-256-DROP WATERFRONT,2005-07-29,2005-07-31,169,256
14597,2-256-DROP WATERFRONT,2005-08-21,2005-08-25,472,256
7087,2-256-DROP WATERFRONT,2005-07-27,2005-08-02,22,256
15063,2-256-DROP WATERFRONT,2005-08-22,2005-08-25,30,256
9558,2-256-DROP WATERFRONT,2005-07-31,2005-08-06,418,256
14409,2-256-DROP WATERFRONT,2005-08-21,2005-08-25,314,256
264,2-449-IDENTITY LOVER,2005-05-26,2005-05-27,251,449
2001,2-449-IDENTITY LOVER,2005-06-17,2005-06-21,260,449
4857,2-449-IDENTITY LOVER,2005-07-08,2005-07-11,211,449
11021,2-449-IDENTITY LOVER,2005-08-02,2005-08-05,385,449
12995,2-449-IDENTITY LOVER,2005-08-19,2005-08-25,566,449
3081,2-449-IDENTITY LOVER,2005-06-20,2005-06-24,342,449
4007,2-449-IDENTITY LOVER,2005-07-07,2005-07-15,285,449
7917,2-449-IDENTITY LOVER,2005-07-28,2005-07-29,416,449
3827,2-449-IDENTITY LOVER,2005-07-06,2005-07-08,41,449
9736,2-449-IDENTITY LOVER,2005-07-31,2005-08-09,13,449
14491,2-449-IDENTITY LOVER,2005-08-21,2005-08-29,226,449
8373,2-449-IDENTITY LOVER,2005-07-29,2005-08-04,457,449
14140,2-449-IDENTITY LOVER,2005-08-21,2005-08-29,65,449
265,1-492-JUNGLE CLOSER,2005-05-26,2005-06-01,303,492
1411,1-492-JUNGLE CLOSER,2005-06-15,2005-06-21,520,492
4591,1-492-JUNGLE CLOSER,2005-07-08,2005-07-17,182,492
7534,1-492-JUNGLE CLOSER,2005-07-27,2005-08-05,282,492
12180,1-492-JUNGLE CLOSER,2005-08-18,2005-08-20,20,492
1207,1-492-JUNGLE CLOSER,2005-06-15,2005-06-19,430,492
3479,1-492-JUNGLE CLOSER,2005-07-05,2005-07-11,298,492
10846,1-492-JUNGLE CLOSER,2005-08-01,2005-08-08,441,492
12916,1-492-JUNGLE CLOSER,2005-08-19,2005-08-21,157,492
266,2-727-RESURRECTION SILVERADO,2005-05-26,2005-05-27,263,727
2144,2-727-RESURRECTION SILVERADO,2005-06-17,2005-06-21,46,727
6043,2-727-RESURRECTION SILVERADO,2005-07-11,2005-07-12,430,727
7979,2-727-RESURRECTION SILVERADO,2005-07-28,2005-08-03,94,727
12386,2-727-RESURRECTION SILVERADO,2005-08-18,2005-08-24,199,727
343,1-727-RESURRECTION SILVERADO,2005-05-27,2005-05-28,455,727
3090,1-727-RESURRECTION SILVERADO,2005-06-20,2005-06-23,267,727
6062,1-727-RESURRECTION SILVERADO,2005-07-11,2005-07-15,408,727
8342,1-727-RESURRECTION SILVERADO,2005-07-29,2005-08-01,572,727
13918,1-727-RESURRECTION SILVERADO,2005-08-20,2005-08-21,248,727
1927,2-727-RESURRECTION SILVERADO,2005-06-17,2005-06-21,188,727
4690,2-727-RESURRECTION SILVERADO,2005-07-08,2005-07-15,64,727
10341,2-727-RESURRECTION SILVERADO,2005-08-01,2005-08-07,445,727
14091,2-727-RESURRECTION SILVERADO,2005-08-21,2005-08-27,53,727
2411,1-727-RESURRECTION SILVERADO,2005-06-18,2005-06-25,558,727
4468,1-727-RESURRECTION SILVERADO,2005-07-08,2005-07-12,170,727
7257,1-727-RESURRECTION SILVERADO,2005-07-27,2005-08-04,480,727
14968,1-727-RESURRECTION SILVERADO,2005-08-22,2005-08-29,129,727
4990,2-727-RESURRECTION SILVERADO,2005-07-09,2005-07-10,35,727
9811,2-727-RESURRECTION SILVERADO,2005-07-31,2005-08-06,77,727
11939,2-727-RESURRECTION SILVERADO,2005-08-17,2005-08-24,516,727
267,2-268-EARLY HOME,2005-05-26,2005-05-30,417,268
1338,2-268-EARLY HOME,2005-06-15,2005-06-19,25,268
4907,2-268-EARLY HOME,2005-07-08,2005-07-13,209,268
8370,2-268-EARLY HOME,2005-07-29,2005-08-06,121,268
14609,2-268-EARLY HOME,2005-08-21,2005-08-25,551,268
11172,2-268-EARLY HOME,2005-08-02,2005-08-11,76,268
12838,2-268-EARLY HOME,2005-08-19,2005-08-27,308,268
269,1-767-SCALAWAG DUCK,2005-05-26,2005-05-27,322,767
1709,1-767-SCALAWAG DUCK,2005-06-16,2005-06-24,426,767
6105,1-767-SCALAWAG DUCK,2005-07-11,2005-07-19,595,767
8929,1-767-SCALAWAG DUCK,2005-07-30,2005-08-06,472,767
14562,1-767-SCALAWAG DUCK,2005-08-21,2005-08-22,107,767
454,1-767-SCALAWAG DUCK,2005-05-27,2005-05-30,575,767
2537,1-767-SCALAWAG DUCK,2005-06-19,2005-06-26,388,767
4264,1-767-SCALAWAG DUCK,2005-07-07,2005-07-08,406,767
8560,1-767-SCALAWAG DUCK,2005-07-29,2005-08-01,430,767
14246,1-767-SCALAWAG DUCK,2005-08-21,2005-08-26,120,767
1720,1-767-SCALAWAG DUCK,2005-06-16,2005-06-21,543,767
4482,1-767-SCALAWAG DUCK,2005-07-08,2005-07-11,511,767
8378,1-767-SCALAWAG DUCK,2005-07-29,2005-08-02,347,767
12417,1-767-SCALAWAG DUCK,2005-08-18,2005-08-19,71,767
1883,2-767-SCALAWAG DUCK,2005-06-17,2005-06-18,550,767
6111,2-767-SCALAWAG DUCK,2005-07-11,2005-07-13,300,767
8639,2-767-SCALAWAG DUCK,2005-07-29,2005-08-02,290,767
12971,2-767-SCALAWAG DUCK,2005-08-19,2005-08-23,492,767
2518,2-767-SCALAWAG DUCK,2005-06-19,2005-06-25,86,767
5680,2-767-SCALAWAG DUCK,2005-07-10,2005-07-17,199,767
7499,2-767-SCALAWAG DUCK,2005-07-27,2005-07-30,157,767
13893,2-767-SCALAWAG DUCK,2005-08-20,2005-08-27,390,767
3329,2-767-SCALAWAG DUCK,2005-06-21,2005-06-22,335,767
6388,2-767-SCALAWAG DUCK,2005-07-11,2005-07-19,525,767
8824,2-767-SCALAWAG DUCK,2005-07-29,2005-07-31,164,767
14085,2-767-SCALAWAG DUCK,2005-08-20,2005-08-29,471,767
4520,2-767-SCALAWAG DUCK,2005-07-08,2005-07-08,104,767
7420,2-767-SCALAWAG DUCK,2005-07-27,2005-07-30,547,767
15640,2-767-SCALAWAG DUCK,2005-08-23,2005-08-24,262,767
4587,1-767-SCALAWAG DUCK,2005-07-08,2005-07-13,63,767
9297,1-767-SCALAWAG DUCK,2005-07-30,2005-08-03,191,767
15898,1-767-SCALAWAG DUCK,2005-08-23,2005-08-29,88,767
270,2-46-AUTUMN CROW,2005-05-26,2005-06-03,200,46
2323,2-46-AUTUMN CROW,2005-06-18,2005-06-23,54,46
6638,2-46-AUTUMN CROW,2005-07-12,2005-07-13,87,46
9756,2-46-AUTUMN CROW,2005-07-31,2005-08-02,400,46
14736,2-46-AUTUMN CROW,2005-08-21,2005-08-25,139,46
2306,2-46-AUTUMN CROW,2005-06-18,2005-06-27,477,46
3525,2-46-AUTUMN CROW,2005-07-06,2005-07-14,51,46
8043,2-46-AUTUMN CROW,2005-07-28,2005-08-01,577,46
13550,2-46-AUTUMN CROW,2005-08-20,2005-08-28,206,46
8068,2-46-AUTUMN CROW,2005-07-28,2005-07-29,216,46
12072,2-46-AUTUMN CROW,2005-08-17,2005-08-25,61,46
271,1-521-LIES TREATMENT,2005-05-26,2005-06-03,92,521
3114,1-521-LIES TREATMENT,2005-06-20,2005-06-21,8,521
5002,1-521-LIES TREATMENT,2005-07-09,2005-07-15,430,521
8253,1-521-LIES TREATMENT,2005-07-29,2005-08-07,76,521
13325,1-521-LIES TREATMENT,2005-08-19,2005-08-22,334,521
806,1-521-LIES TREATMENT,2005-05-29,2005-05-31,435,521
1693,1-521-LIES TREATMENT,2005-06-16,2005-06-19,421,521
4874,1-521-LIES TREATMENT,2005-07-08,2005-07-13,223,521
11318,1-521-LIES TREATMENT,2005-08-02,2005-08-07,532,521
13305,1-521-LIES TREATMENT,2005-08-19,2005-08-28,337,521
850,2-521-LIES TREATMENT,2005-05-30,2005-05-31,517,521
3294,2-521-LIES TREATMENT,2005-06-21,2005-06-30,439,521
5103,2-521-LIES TREATMENT,2005-07-09,2005-07-10,397,521
9471,2-521-LIES TREATMENT,2005-07-30,2005-08-04,424,521
11689,2-521-LIES TREATMENT,2005-08-17,2005-08-26,419,521
5832,1-521-LIES TREATMENT,2005-07-10,2005-07-17,63,521
10693,1-521-LIES TREATMENT,2005-08-01,2005-08-03,444,521
14072,1-521-LIES TREATMENT,2005-08-20,2005-08-23,515,521
6263,2-521-LIES TREATMENT,2005-07-11,2005-07-17,336,521
7264,2-521-LIES TREATMENT,2005-07-27,2005-08-03,299,521
13828,2-521-LIES TREATMENT,2005-08-20,2005-08-25,450,521
6674,1-521-LIES TREATMENT,2005-07-12,2005-07-13,399,521
8725,1-521-LIES TREATMENT,2005-07-29,2005-08-04,421,521
13778,1-521-LIES TREATMENT,2005-08-20,2005-08-28,539,521
6677,2-521-LIES TREATMENT,2005-07-12,2005-07-21,516,521
8265,2-521-LIES TREATMENT,2005-07-29,2005-08-06,409,521
12041,2-521-LIES TREATMENT,2005-08-17,2005-08-19,295,521
272,2-216-DAY UNFAITHFUL,2005-05-26,2005-06-03,71,216
2546,2-216-DAY UNFAITHFUL,2005-06-19,2005-06-23,272,216
4940,2-216-DAY UNFAITHFUL,2005-07-08,2005-07-15,215,216
11232,2-216-DAY UNFAITHFUL,2005-08-02,2005-08-10,8,216
13781,2-216-DAY UNFAITHFUL,2005-08-20,2005-08-26,368,216
6432,1-216-DAY UNFAITHFUL,2005-07-12,2005-07-20,293,216
7870,1-216-DAY UNFAITHFUL,2005-07-28,2005-07-31,240,216
13644,1-216-DAY UNFAITHFUL,2005-08-20,2005-08-27,464,216
8728,2-216-DAY UNFAITHFUL,2005-07-29,2005-08-06,341,216
15167,2-216-DAY UNFAITHFUL,2006-02-14,,190,216
9161,1-216-DAY UNFAITHFUL,2005-07-30,2005-08-02,433,216
13099,1-216-DAY UNFAITHFUL,2005-08-19,2005-08-27,436,216
10641,2-216-DAY UNFAITHFUL,2005-08-01,2005-08-04,285,216
12918,2-216-DAY UNFAITHFUL,2005-08-19,2005-08-25,13,216
273,1-349-GANGS PRIDE,2005-05-26,2005-05-29,193,349
1978,1-349-GANGS PRIDE,2005-06-17,2005-06-20,278,349
6704,1-349-GANGS PRIDE,2005-07-12,2005-07-20,595,349
10827,1-349-GANGS PRIDE,2005-08-01,2005-08-08,46,349
15801,1-349-GANGS PRIDE,2005-08-23,2005-08-28,165,349
297,2-349-GANGS PRIDE,2005-05-26,2005-05-27,48,349
1715,2-349-GANGS PRIDE,2005-06-16,2005-06-20,203,349
4621,2-349-GANGS PRIDE,2005-07-08,2005-07-12,297,349
6949,2-349-GANGS PRIDE,2005-07-26,2005-07-30,103,349
12353,2-349-GANGS PRIDE,2005-08-18,2005-08-21,141,349
1056,1-349-GANGS PRIDE,2005-05-31,2005-06-05,519,349
3351,1-349-GANGS PRIDE,2005-06-21,2005-06-23,386,349
4370,1-349-GANGS PRIDE,2005-07-07,2005-07-16,559,349
9839,1-349-GANGS PRIDE,2005-07-31,2005-08-09,561,349
14492,1-349-GANGS PRIDE,2005-08-21,2005-08-23,266,349
1484,1-349-GANGS PRIDE,2005-06-15,2005-06-20,320,349
6650,1-349-GANGS PRIDE,2005-07-12,2005-07-14,526,349
10546,1-349-GANGS PRIDE,2005-08-01,2005-08-06,362,349
14619,1-349-GANGS PRIDE,2005-08-21,2005-08-23,338,349
6589,2-349-GANGS PRIDE,2005-07-12,2005-07-14,424,349
7381,2-349-GANGS PRIDE,2005-07-27,2005-08-02,483,349
12797,2-349-GANGS PRIDE,2005-08-19,2005-08-21,5,349
6822,1-349-GANGS PRIDE,2005-07-12,2005-07-19,300,349
9601,1-349-GANGS PRIDE,2005-07-31,2005-08-04,553,349
15878,1-349-GANGS PRIDE,2005-08-23,2005-08-27,493,349
8446,2-349-GANGS PRIDE,2005-07-29,2005-08-06,235,349
15335,2-349-GANGS PRIDE,2005-08-22,2005-08-28,363,349
277,2-308-FERRIS MOTHER,2005-05-26,2005-05-28,45,308
2240,2-308-FERRIS MOTHER,2005-06-18,2005-06-22,122,308
6398,2-308-FERRIS MOTHER,2005-07-11,2005-07-17,296,308
11431,2-308-FERRIS MOTHER,2005-08-02,2005-08-04,271,308
14820,2-308-FERRIS MOTHER,2005-08-22,2005-08-23,52,308
1476,1-308-FERRIS MOTHER,2005-06-15,2005-06-25,1,308
5375,1-308-FERRIS MOTHER,2005-07-09,2005-07-16,558,308
9148,1-308-FERRIS MOTHER,2005-07-30,2005-08-04,333,308
15361,1-308-FERRIS MOTHER,2005-08-22,2005-08-23,380,308
3051,2-308-FERRIS MOTHER,2005-06-20,2005-06-25,65,308
6525,2-308-FERRIS MOTHER,2005-07-12,2005-07-18,103,308
8936,2-308-FERRIS MOTHER,2005-07-30,2005-08-01,227,308
12342,2-308-FERRIS MOTHER,2005-08-18,2005-08-21,63,308
3247,1-308-FERRIS MOTHER,2005-06-21,2005-06-27,277,308
4879,1-308-FERRIS MOTHER,2005-07-08,2005-07-09,196,308
10253,1-308-FERRIS MOTHER,2005-08-01,2005-08-08,101,308
11769,1-308-FERRIS MOTHER,2005-08-17,2005-08-20,418,308
278,2-40-ARMY FLINTSTONES,2005-05-26,2005-06-02,214,40
2207,2-40-ARMY FLINTSTONES,2005-06-18,2005-06-24,78,40
3931,2-40-ARMY FLINTSTONES,2005-07-06,2005-07-16,176,40
8439,2-40-ARMY FLINTSTONES,2005-07-29,2005-08-04,224,40
13519,2-40-ARMY FLINTSTONES,2005-08-20,2005-08-23,12,40
493,2-40-ARMY FLINTSTONES,2005-05-28,2005-05-30,501,40
2438,2-40-ARMY FLINTSTONES,2005-06-18,2005-06-19,31,40
6817,2-40-ARMY FLINTSTONES,2005-07-12,2005-07-19,135,40
9213,2-40-ARMY FLINTSTONES,2005-07-30,2005-08-01,388,40
15263,2-40-ARMY FLINTSTONES,2005-08-22,2005-08-30,324,40
2800,2-40-ARMY FLINTSTONES,2005-06-19,2005-06-23,146,40
4270,2-40-ARMY FLINTSTONES,2005-07-07,2005-07-10,210,40
9160,2-40-ARMY FLINTSTONES,2005-07-30,2005-08-06,34,40
11568,2-40-ARMY FLINTSTONES,2005-08-17,2005-08-18,342,40
11373,2-40-ARMY FLINTSTONES,2005-08-02,2005-08-06,267,40
11779,2-40-ARMY FLINTSTONES,2005-08-17,2005-08-24,126,40
279,1-143-CHILL LUCK,2005-05-26,2005-06-03,384,143
3280,1-143-CHILL LUCK,2005-06-21,2005-06-24,229,143
4755,1-143-CHILL LUCK,2005-07-08,2005-07-10,378,143
7559,1-143-CHILL LUCK,2005-07-27,2005-08-06,149,143
12999,1-143-CHILL LUCK,2005-08-19,2005-08-26,24,143
2552,2-143-CHILL LUCK,2005-06-19,2005-06-28,389,143
6851,2-143-CHILL LUCK,2005-07-12,2005-07-17,280,143
8493,2-143-CHILL LUCK,2005-07-29,2005-08-04,390,143
16017,2-143-CHILL LUCK,2005-08-23,2005-08-24,535,143
3153,1-143-CHILL LUCK,2005-06-20,2005-06-23,430,143
4048,1-143-CHILL LUCK,2005-07-07,2005-07-14,474,143
7827,1-143-CHILL LUCK,2005-07-28,2005-07-31,422,143
11801,1-143-CHILL LUCK,2005-08-17,2005-08-23,126,143
4424,1-143-CHILL LUCK,2005-07-07,2005-07-11,384,143
10521,1-143-CHILL LUCK,2005-08-01,2005-08-05,346,143
15768,1-143-CHILL LUCK,2005-08-23,2005-08-29,267,143
7328,2-143-CHILL LUCK,2005-07-27,2005-08-01,26,143
12449,2-143-CHILL LUCK,2005-08-18,2005-08-19,285,143
7424,1-143-CHILL LUCK,2005-07-27,2005-08-01,558,143
13572,1-143-CHILL LUCK,2005-08-20,2005-08-23,11,143
9391,2-143-CHILL LUCK,2005-07-30,2005-08-04,273,143
11750,2-143-CHILL LUCK,2005-08-17,2005-08-23,190,143
281,1-269-EARRING INSTINCT,2005-05-26,2005-05-27,582,269
1419,1-269-EARRING INSTINCT,2005-06-15,2005-06-17,312,269
4660,1-269-EARRING INSTINCT,2005-07-08,2005-07-11,139,269
8280,1-269-EARRING INSTINCT,2005-07-29,2005-08-05,195,269
11805,1-269-EARRING INSTINCT,2005-08-17,2005-08-26,208,269
2868,2-269-EARRING INSTINCT,2005-06-20,2005-06-25,214,269
5713,2-269-EARRING INSTINCT,2005-07-10,2005-07-19,572,269
9448,2-269-EARRING INSTINCT,2005-07-30,2005-08-04,278,269
15789,2-269-EARRING INSTINCT,2005-08-23,2005-08-27,350,269
3780,1-269-EARRING INSTINCT,2005-07-06,2005-07-15,99,269
10118,1-269-EARRING INSTINCT,2005-07-31,2005-08-03,143,269
13474,1-269-EARRING INSTINCT,2005-08-20,2005-08-21,116,269
5541,2-269-EARRING INSTINCT,2005-07-10,2005-07-13,135,269
7515,2-269-EARRING INSTINCT,2005-07-27,2005-08-02,390,269
13840,2-269-EARRING INSTINCT,2005-08-20,2005-08-28,40,269
7863,2-269-EARRING INSTINCT,2005-07-28,2005-07-29,182,269
14011,2-269-EARRING INSTINCT,2005-08-20,2005-08-28,379,269
9616,2-269-EARRING INSTINCT,2005-07-31,2005-08-05,550,269
14441,2-269-EARRING INSTINCT,2005-08-21,2005-08-26,260,269
282,1-980-WIZARD COLDBLOODED,2005-05-26,2005-06-01,282,980
2707,1-980-WIZARD COLDBLOODED,2005-06-19,2005-06-27,589,980
6790,1-980-WIZARD COLDBLOODED,2005-07-12,2005-07-17,400,980
10725,1-980-WIZARD COLDBLOODED,2005-08-01,2005-08-07,534,980
15706,1-980-WIZARD COLDBLOODED,2005-08-23,2005-08-24,220,980
1623,1-980-WIZARD COLDBLOODED,2005-06-16,2005-06-17,378,980
5587,1-980-WIZARD COLDBLOODED,2005-07-10,2005-07-15,531,980
9956,1-980-WIZARD COLDBLOODED,2005-07-31,2005-08-01,342,980
15237,1-980-WIZARD COLDBLOODED,2005-08-22,2005-08-24,148,980
6887,1-980-WIZARD COLDBLOODED,2005-07-12,2005-07-21,542,980
7634,1-980-WIZARD COLDBLOODED,2005-07-28,2005-07-31,365,980
12584,1-980-WIZARD COLDBLOODED,2005-08-18,2005-08-25,371,980
7550,2-980-WIZARD COLDBLOODED,2005-07-27,2005-07-28,71,980
12806,2-980-WIZARD COLDBLOODED,2005-08-19,2005-08-23,423,980
8535,2-980-WIZARD COLDBLOODED,2005-07-29,2005-07-31,536,980
15100,2-980-WIZARD COLDBLOODED,2005-08-22,2005-08-25,312,980
283,2-772-SEA VIRGIN,2005-05-26,2005-05-31,242,772
2073,2-772-SEA VIRGIN,2005-06-17,2005-06-19,410,772
5144,2-772-SEA VIRGIN,2005-07-09,2005-07-18,89,772
7025,2-772-SEA VIRGIN,2005-07-27,2005-07-29,176,772
12013,2-772-SEA VIRGIN,2005-08-17,2005-08-23,586,772
668,1-772-SEA VIRGIN,2005-05-28,2005-05-29,484,772
2653,1-772-SEA VIRGIN,2005-06-19,2005-06-26,340,772
6301,1-772-SEA VIRGIN,2005-07-11,2005-07-18,275,772
10759,1-772-SEA VIRGIN,2005-08-01,2005-08-07,256,772
14079,1-772-SEA VIRGIN,2005-08-20,2005-08-25,348,772
1752,2-772-SEA VIRGIN,2005-06-16,2005-06-23,12,772
5112,2-772-SEA VIRGIN,2005-07-09,2005-07-13,285,772
9753,2-772-SEA VIRGIN,2005-07-31,2005-08-01,98,772
14337,2-772-SEA VIRGIN,2005-08-21,2005-08-24,506,772
4235,1-772-SEA VIRGIN,2005-07-07,2005-07-10,86,772
7321,1-772-SEA VIRGIN,2005-07-27,2005-08-03,38,772
15346,1-772-SEA VIRGIN,2005-08-22,2005-08-28,266,772
5691,1-772-SEA VIRGIN,2005-07-10,2005-07-16,466,772
8772,1-772-SEA VIRGIN,2005-07-29,2005-08-05,122,772
15584,1-772-SEA VIRGIN,2005-08-23,2005-08-27,500,772
8176,1-772-SEA VIRGIN,2005-07-28,2005-08-03,347,772
13289,1-772-SEA VIRGIN,2005-08-19,2005-08-20,497,772
284,2-77-BIRDS PERDITION,2005-05-26,2005-06-04,359,77
2738,2-77-BIRDS PERDITION,2005-06-19,2005-06-20,75,77
5904,2-77-BIRDS PERDITION,2005-07-10,2005-07-13,531,77
9983,2-77-BIRDS PERDITION,2005-07-31,2005-08-08,129,77
13675,2-77-BIRDS PERDITION,2005-08-20,2005-08-27,493,77
5199,2-77-BIRDS PERDITION,2005-07-09,2005-07-10,42,77
9065,2-77-BIRDS PERDITION,2005-07-30,2005-07-31,238,77
13805,2-77-BIRDS PERDITION,2005-08-20,2005-08-27,454,77
5768,1-77-BIRDS PERDITION,2005-07-10,2005-07-15,196,77
9327,1-77-BIRDS PERDITION,2005-07-30,2005-08-08,373,77
14523,1-77-BIRDS PERDITION,2005-08-21,2005-08-22,433,77
6847,1-77-BIRDS PERDITION,2005-07-12,2005-07-21,63,77
7724,1-77-BIRDS PERDITION,2005-07-28,2005-08-04,3,77
15709,1-77-BIRDS PERDITION,2005-08-23,2005-08-28,206,77
8398,1-77-BIRDS PERDITION,2005-07-29,2005-08-02,220,77
13875,1-77-BIRDS PERDITION,2005-08-20,2005-08-21,83,77
10565,1-77-BIRDS PERDITION,2005-08-01,2005-08-02,165,77
14135,1-77-BIRDS PERDITION,2005-08-21,2005-08-27,59,77
285,1-545-MADNESS ATTACKS,2005-05-26,2005-05-31,162,545
2503,1-545-MADNESS ATTACKS,2005-06-18,2005-06-23,176,545
6724,1-545-MADNESS ATTACKS,2005-07-12,2005-07-19,262,545
7538,1-545-MADNESS ATTACKS,2005-07-27,2005-08-02,361,545
11613,1-545-MADNESS ATTACKS,2005-08-17,2005-08-25,126,545
1063,1-545-MADNESS ATTACKS,2005-05-31,2005-06-09,7,545
1922,1-545-MADNESS ATTACKS,2005-06-17,2005-06-18,343,545
4796,1-545-MADNESS ATTACKS,2005-07-08,2005-07-13,9,545
8209,1-545-MADNESS ATTACKS,2005-07-28,2005-08-07,127,545
12336,1-545-MADNESS ATTACKS,2005-08-18,2005-08-23,75,545
1443,1-545-MADNESS ATTACKS,2005-06-15,2005-06-18,435,545
5167,1-545-MADNESS ATTACKS,2005-07-09,2005-07-14,437,545
9867,1-545-MADNESS ATTACKS,2005-07-31,2005-08-05,83,545
15228,1-545-MADNESS ATTACKS,2005-08-22,2005-08-29,48,545
2673,1-545-MADNESS ATTACKS,2005-06-19,2005-06-23,29,545
6425,1-545-MADNESS ATTACKS,2005-07-11,2005-07-13,339,545
9712,1-545-MADNESS ATTACKS,2005-07-31,2005-08-08,219,545
12453,1-545-MADNESS ATTACKS,2005-08-18,2005-08-25,104,545
3228,2-545-MADNESS ATTACKS,2005-06-21,2005-06-29,535,545
6441,2-545-MADNESS ATTACKS,2005-07-12,2005-07-14,505,545
9432,2-545-MADNESS ATTACKS,2005-07-30,2005-08-05,570,545
13639,2-545-MADNESS ATTACKS,2005-08-20,2005-08-23,562,545
5346,2-545-MADNESS ATTACKS,2005-07-09,2005-07-14,287,545
11146,2-545-MADNESS ATTACKS,2005-08-02,2005-08-07,552,545
12221,2-545-MADNESS ATTACKS,2005-08-18,2005-08-27,98,545
286,2-70-BIKINI BORROWERS,2005-05-26,2005-06-04,371,70
2454,2-70-BIKINI BORROWERS,2005-06-18,2005-06-24,253,70
6902,2-70-BIKINI BORROWERS,2005-07-12,2005-07-14,485,70
7573,2-70-BIKINI BORROWERS,2005-07-27,2005-08-04,467,70
14201,2-70-BIKINI BORROWERS,2005-08-21,2005-08-30,427,70
2148,2-70-BIKINI BORROWERS,2005-06-17,2005-06-26,338,70
6737,2-70-BIKINI BORROWERS,2005-07-12,2005-07-18,304,70
8774,2-70-BIKINI BORROWERS,2005-07-29,2005-07-31,161,70
14205,2-70-BIKINI BORROWERS,2005-08-21,2005-08-30,406,70
2339,1-70-BIKINI BORROWERS,2005-06-18,2005-06-21,297,70
6177,1-70-BIKINI BORROWERS,2005-07-11,2005-07-17,589,70
10356,1-70-BIKINI BORROWERS,2005-08-01,2005-08-10,56,70
12557,1-70-BIKINI BORROWERS,2005-08-18,2005-08-19,364,70
3339,1-70-BIKINI BORROWERS,2005-06-21,2005-06-30,526,70
6085,1-70-BIKINI BORROWERS,2005-07-11,2005-07-16,155,70
11283,1-70-BIKINI BORROWERS,2005-08-02,2005-08-05,134,70
15315,1-70-BIKINI BORROWERS,2005-08-22,2005-08-30,1,70
287,2-792-SHREK LICENSE,2005-05-26,2005-06-02,17,792
1976,2-792-SHREK LICENSE,2005-06-17,2005-06-23,184,792
4525,2-792-SHREK LICENSE,2005-07-08,2005-07-11,458,792
8225,2-792-SHREK LICENSE,2005-07-28,2005-07-30,41,792
15905,2-792-SHREK LICENSE,2005-08-23,2005-08-26,59,792
917,2-792-SHREK LICENSE,2005-05-30,2005-06-02,385,792
2244,2-792-SHREK LICENSE,2005-06-18,2005-06-20,233,792
4588,2-792-SHREK LICENSE,2005-07-08,2005-07-10,198,792
8143,2-792-SHREK LICENSE,2005-07-28,2005-08-01,429,792
13687,2-792-SHREK LICENSE,2005-08-20,2005-08-22,290,792
941,2-792-SHREK LICENSE,2005-05-30,2005-06-01,562,792
2449,2-792-SHREK LICENSE,2005-06-18,2005-06-27,498,792
5642,2-792-SHREK LICENSE,2005-07-10,2005-07-13,299,792
9728,2-792-SHREK LICENSE,2005-07-31,2005-08-03,399,792
13108,2-792-SHREK LICENSE,2006-02-14,,73,792
289,2-534-LOUISIANA HARRY,2005-05-26,2005-05-28,81,534
2572,2-534-LOUISIANA HARRY,2005-06-19,2005-06-23,159,534
3912,2-534-LOUISIANA HARRY,2005-07-06,2005-07-08,154,534
7496,2-534-LOUISIANA HARRY,2005-07-27,2005-08-02,257,534
13452,2-534-LOUISIANA HARRY,2005-08-20,2005-08-25,430,534
1261,2-534-LOUISIANA HARRY,2005-06-15,2005-06-21,95,534
3500,2-534-LOUISIANA HARRY,2005-07-06,2005-07-13,32,534
7842,2-534-LOUISIANA HARRY,2005-07-28,2005-08-04,276,534
15650,2-534-LOUISIANA HARRY,2005-08-23,2005-08-25,353,534
3630,2-534-LOUISIANA HARRY,2005-07-06,2005-07-12,102,534
10828,2-534-LOUISIANA HARRY,2005-08-01,2005-08-09,471,534
14926,2-534-LOUISIANA HARRY,2005-08-22,2005-08-26,357,534
4077,1-534-LOUISIANA HARRY,2005-07-07,2005-07-09,377,534
9893,1-534-LOUISIANA HARRY,2005-07-31,2005-08-01,179,534
14544,1-534-LOUISIANA HARRY,2005-08-21,2005-08-24,589,534
8160,1-534-LOUISIANA HARRY,2005-07-28,2005-08-05,138,534
12852,1-534-LOUISIANA HARRY,2005-08-19,2005-08-19,260,534
290,2-609-MUSCLE BRIGHT,2005-05-26,2005-05-30,429,609
1404,2-609-MUSCLE BRIGHT,2005-06-15,2005-06-16,375,609
4147,2-609-MUSCLE BRIGHT,2005-07-07,2005-07-12,274,609
11006,2-609-MUSCLE BRIGHT,2005-08-02,2005-08-05,473,609
12335,2-609-MUSCLE BRIGHT,2005-08-18,2005-08-20,150,609
864,2-609-MUSCLE BRIGHT,2005-05-30,2005-06-06,544,609
1743,2-609-MUSCLE BRIGHT,2005-06-16,2005-06-17,258,609
6178,2-609-MUSCLE BRIGHT,2005-07-11,2005-07-16,91,609
9237,2-609-MUSCLE BRIGHT,2005-07-30,2005-07-31,157,609
14405,2-609-MUSCLE BRIGHT,2005-08-21,2005-08-30,470,609
1742,1-609-MUSCLE BRIGHT,2005-06-16,2005-06-17,576,609
4915,1-609-MUSCLE BRIGHT,2005-07-08,2005-07-13,178,609
7117,1-609-MUSCLE BRIGHT,2005-07-27,2005-08-01,326,609
12228,1-609-MUSCLE BRIGHT,2005-08-18,2005-08-20,9,609
2260,1-609-MUSCLE BRIGHT,2005-06-18,2005-06-20,297,609
4379,1-609-MUSCLE BRIGHT,2005-07-07,2005-07-11,316,609
9629,1-609-MUSCLE BRIGHT,2005-07-31,2005-08-02,8,609
13364,1-609-MUSCLE BRIGHT,2005-08-19,2005-08-25,236,609
2783,2-609-MUSCLE BRIGHT,2005-06-19,2005-06-21,113,609
6799,2-609-MUSCLE BRIGHT,2005-07-12,2005-07-14,42,609
8269,2-609-MUSCLE BRIGHT,2005-07-29,2005-08-04,376,609
13531,2-609-MUSCLE BRIGHT,2005-08-20,2005-08-25,156,609
3566,1-609-MUSCLE BRIGHT,2005-07-06,2005-07-12,392,609
7766,1-609-MUSCLE BRIGHT,2005-07-28,2005-08-06,292,609
12697,1-609-MUSCLE BRIGHT,2005-08-18,2005-08-23,152,609
5166,1-609-MUSCLE BRIGHT,2005-07-09,2005-07-16,298,609
6935,1-609-MUSCLE BRIGHT,2005-07-26,2005-07-27,435,609
12531,1-609-MUSCLE BRIGHT,2005-08-18,2005-08-22,27,609
8003,2-609-MUSCLE BRIGHT,2005-07-28,2005-08-04,89,609
15427,2-609-MUSCLE BRIGHT,2005-08-23,2005-09-01,448,609
291,1-109-BUTTERFLY CHOCOLAT,2005-05-26,2005-06-03,577,109
2877,1-109-BUTTERFLY CHOCOLAT,2005-06-20,2005-06-24,267,109
6213,1-109-BUTTERFLY CHOCOLAT,2005-07-11,2005-07-16,23,109
7482,1-109-BUTTERFLY CHOCOLAT,2005-07-27,2005-08-05,348,109
13128,1-109-BUTTERFLY CHOCOLAT,2005-08-19,2005-08-26,206,109
546,1-109-BUTTERFLY CHOCOLAT,2005-05-28,2005-06-01,20,109
2920,1-109-BUTTERFLY CHOCOLAT,2005-06-20,2005-06-26,588,109
5438,1-109-BUTTERFLY CHOCOLAT,2005-07-09,2005-07-16,241,109
7294,1-109-BUTTERFLY CHOCOLAT,2005-07-27,2005-07-30,313,109
11498,1-109-BUTTERFLY CHOCOLAT,2005-08-16,2005-08-25,482,109
950,2-109-BUTTERFLY CHOCOLAT,2005-05-30,2005-06-01,83,109
3019,2-109-BUTTERFLY CHOCOLAT,2005-06-20,2005-06-27,144,109
6384,2-109-BUTTERFLY CHOCOLAT,2005-07-11,2005-07-16,313,109
11291,2-109-BUTTERFLY CHOCOLAT,2005-08-02,2005-08-11,417,109
14653,2-109-BUTTERFLY CHOCOLAT,2005-08-21,2005-08-24,593,109
2177,2-109-BUTTERFLY CHOCOLAT,2005-06-18,2005-06-26,340,109
5941,2-109-BUTTERFLY CHOCOLAT,2005-07-10,2005-07-17,43,109
7728,2-109-BUTTERFLY CHOCOLAT,2005-07-28,2005-07-31,130,109
2228,2-109-BUTTERFLY CHOCOLAT,2005-06-18,2005-06-23,383,109
5096,2-109-BUTTERFLY CHOCOLAT,2005-07-09,2005-07-14,231,109
9089,2-109-BUTTERFLY CHOCOLAT,2005-07-30,2005-07-31,369,109
15336,2-109-BUTTERFLY CHOCOLAT,2005-08-22,2005-08-31,461,109
4272,1-109-BUTTERFLY CHOCOLAT,2005-07-07,2005-07-13,120,109
7376,1-109-BUTTERFLY CHOCOLAT,2005-07-27,2005-08-04,2,109
13401,1-109-BUTTERFLY CHOCOLAT,2005-08-19,2005-08-25,139,109
6306,1-109-BUTTERFLY CHOCOLAT,2005-07-11,2005-07-20,208,109
9902,1-109-BUTTERFLY CHOCOLAT,2005-07-31,2005-08-09,218,109
14634,1-109-BUTTERFLY CHOCOLAT,2005-08-21,2005-08-29,494,109
8440,2-109-BUTTERFLY CHOCOLAT,2005-07-29,2005-08-04,175,109
15095,2-109-BUTTERFLY CHOCOLAT,2005-08-22,2005-08-25,202,109
296,1-848-STONE FIRE,2005-05-26,2005-06-04,468,848
1248,1-848-STONE FIRE,2005-06-15,2005-06-19,544,848
4554,1-848-STONE FIRE,2005-07-08,2005-07-16,376,848
8203,1-848-STONE FIRE,2005-07-28,2005-07-31,100,848
12709,1-848-STONE FIRE,2005-08-18,2005-08-26,476,848
2724,1-848-STONE FIRE,2005-06-19,2005-06-22,103,848
3953,1-848-STONE FIRE,2005-07-06,2005-07-09,385,848
9911,1-848-STONE FIRE,2005-07-31,2005-08-06,112,848
15387,1-848-STONE FIRE,2005-08-22,2005-08-29,323,848
7668,1-848-STONE FIRE,2005-07-28,2005-08-02,508,848
13662,1-848-STONE FIRE,2005-08-20,2005-08-26,592,848
298,1-241-DONNIE ALLEY,2005-05-26,2005-05-29,460,241
3354,1-241-DONNIE ALLEY,2005-06-21,2005-06-25,529,241
5268,1-241-DONNIE ALLEY,2005-07-09,2005-07-12,119,241
8231,1-241-DONNIE ALLEY,2005-07-29,2005-07-31,331,241
14681,1-241-DONNIE ALLEY,2005-08-21,2005-08-30,212,241
1488,1-241-DONNIE ALLEY,2005-06-15,2005-06-16,355,241
5900,1-241-DONNIE ALLEY,2005-07-10,2005-07-17,419,241
7102,1-241-DONNIE ALLEY,2005-07-27,2005-08-01,411,241
13985,1-241-DONNIE ALLEY,2005-08-20,2005-08-24,339,241
3707,1-241-DONNIE ALLEY,2005-07-06,2005-07-12,14,241
8104,1-241-DONNIE ALLEY,2005-07-28,2005-08-03,533,241
15195,1-241-DONNIE ALLEY,2005-08-22,2005-08-30,508,241
9433,1-241-DONNIE ALLEY,2005-07-30,2005-08-08,128,241
13651,1-241-DONNIE ALLEY,2005-08-20,2005-08-21,256,241
299,1-956-WANDA CHAMBER,2005-05-26,2005-05-28,448,956
3011,1-956-WANDA CHAMBER,2005-06-20,2005-06-28,147,956
5397,1-956-WANDA CHAMBER,2005-07-09,2005-07-17,191,956
11179,1-956-WANDA CHAMBER,2005-08-02,2005-08-04,5,956
12889,1-956-WANDA CHAMBER,2005-08-19,2005-08-27,515,956
1241,1-956-WANDA CHAMBER,2005-06-15,2005-06-24,62,956
4374,1-956-WANDA CHAMBER,2005-07-07,2005-07-11,517,956
8173,1-956-WANDA CHAMBER,2005-07-28,2005-08-06,332,956
14664,1-956-WANDA CHAMBER,2005-08-21,2005-08-27,153,956
1629,1-956-WANDA CHAMBER,2005-06-16,2005-06-22,339,956
6292,1-956-WANDA CHAMBER,2005-07-11,2005-07-12,505,956
8942,1-956-WANDA CHAMBER,2005-07-30,2005-08-06,77,956
14928,1-956-WANDA CHAMBER,2006-02-14,,472,956
4259,1-956-WANDA CHAMBER,2005-07-07,2005-07-11,467,956
9204,1-956-WANDA CHAMBER,2005-07-30,2005-08-03,43,956
15434,1-956-WANDA CHAMBER,2005-08-23,2005-08-26,518,956
300,1-56-BAREFOOT MANCHURIAN,2005-05-26,2005-06-05,47,56
2189,1-56-BAREFOOT MANCHURIAN,2005-06-18,2005-06-25,500,56
4982,1-56-BAREFOOT MANCHURIAN,2005-07-09,2005-07-15,162,56
9752,1-56-BAREFOOT MANCHURIAN,2005-07-31,2005-08-02,199,56
15022,1-56-BAREFOOT MANCHURIAN,2005-08-22,2005-08-31,506,56
1340,2-56-BAREFOOT MANCHURIAN,2005-06-15,2005-06-22,100,56
5426,2-56-BAREFOOT MANCHURIAN,2005-07-09,2005-07-17,438,56
11379,2-56-BAREFOOT MANCHURIAN,2005-08-02,2005-08-07,61,56
15964,2-56-BAREFOOT MANCHURIAN,2005-08-23,2005-08-26,141,56
3309,1-56-BAREFOOT MANCHURIAN,2005-06-21,2005-06-29,463,56
4710,1-56-BAREFOOT MANCHURIAN,2005-07-08,2005-07-13,590,56
10089,1-56-BAREFOOT MANCHURIAN,2005-07-31,2005-08-01,160,56
15689,1-56-BAREFOOT MANCHURIAN,2005-08-23,2005-08-29,259,56
5839,2-56-BAREFOOT MANCHURIAN,2005-07-10,2005-07-13,367,56
9858,2-56-BAREFOOT MANCHURIAN,2005-07-31,2005-08-03,128,56
13910,2-56-BAREFOOT MANCHURIAN,2005-08-20,2005-08-24,133,56
7272,1-56-BAREFOOT MANCHURIAN,2005-07-27,2005-07-29,364,56
11666,1-56-BAREFOOT MANCHURIAN,2005-08-17,2005-08-19,531,56
301,2-756-SADDLE ANTITRUST,2005-05-26,2005-06-01,274,756
2115,2-756-SADDLE ANTITRUST,2005-06-17,2005-06-25,270,756
6191,2-756-SADDLE ANTITRUST,2005-07-11,2005-07-17,480,756
8410,2-756-SADDLE ANTITRUST,2005-07-29,2005-08-02,277,756
12708,2-756-SADDLE ANTITRUST,2005-08-18,2005-08-24,28,756
1107,2-756-SADDLE ANTITRUST,2005-05-31,2005-06-07,53,756
2848,2-756-SADDLE ANTITRUST,2005-06-19,2005-06-25,19,756
5338,2-756-SADDLE ANTITRUST,2005-07-09,2005-07-14,191,756
7124,2-756-SADDLE ANTITRUST,2005-07-27,2005-08-02,34,756
15965,2-756-SADDLE ANTITRUST,2005-08-23,2005-08-24,509,756
2474,2-756-SADDLE ANTITRUST,2005-06-18,2005-06-25,151,756
5581,2-756-SADDLE ANTITRUST,2005-07-10,2005-07-15,306,756
10887,2-756-SADDLE ANTITRUST,2005-08-02,2005-08-03,573,756
12192,2-756-SADDLE ANTITRUST,2005-08-18,2005-08-21,270,756
302,2-641-ORANGE GRAPES,2005-05-26,2005-06-03,387,641
1440,2-641-ORANGE GRAPES,2005-06-15,2005-06-24,26,641
4833,2-641-ORANGE GRAPES,2005-07-08,2005-07-13,581,641
8215,2-641-ORANGE GRAPES,2005-07-28,2005-08-03,437,641
15608,2-641-ORANGE GRAPES,2005-08-23,2005-08-28,454,641
349,2-641-ORANGE GRAPES,2005-05-27,2005-05-28,36,641
2558,2-641-ORANGE GRAPES,2005-06-19,2005-06-24,361,641
3748,2-641-ORANGE GRAPES,2005-07-06,2005-07-12,79,641
8880,2-641-ORANGE GRAPES,2005-07-30,2005-08-01,51,641
15982,2-641-ORANGE GRAPES,2005-08-23,2005-09-01,370,641
3038,2-641-ORANGE GRAPES,2005-06-20,2005-06-25,27,641
6889,2-641-ORANGE GRAPES,2005-07-12,2005-07-20,198,641
6925,2-641-ORANGE GRAPES,2005-07-26,2005-07-29,42,641
14435,2-641-ORANGE GRAPES,2005-08-21,2005-08-24,169,641
4134,1-641-ORANGE GRAPES,2005-07-07,2005-07-09,183,641
9116,1-641-ORANGE GRAPES,2005-07-30,2005-08-03,446,641
13024,1-641-ORANGE GRAPES,2005-08-19,2005-08-27,401,641
5546,2-641-ORANGE GRAPES,2005-07-10,2005-07-16,515,641
10729,2-641-ORANGE GRAPES,2005-08-01,2005-08-07,595,641
15090,2-641-ORANGE GRAPES,2005-08-22,2005-08-31,582,641
10274,1-641-ORANGE GRAPES,2005-08-01,2005-08-04,375,641
14707,1-641-ORANGE GRAPES,2005-08-21,2005-08-30,530,641
10804,1-641-ORANGE GRAPES,2005-08-01,2005-08-03,596,641
15197,1-641-ORANGE GRAPES,2005-08-22,2005-08-26,159,641
303,2-246-DOUBTFIRE LABYRINTH,2005-05-26,2005-05-27,596,246
3318,2-246-DOUBTFIRE LABYRINTH,2005-06-21,2005-06-27,414,246
3918,2-246-DOUBTFIRE LABYRINTH,2005-07-06,2005-07-15,435,246
8801,2-246-DOUBTFIRE LABYRINTH,2005-07-29,2005-08-01,590,246
14105,2-246-DOUBTFIRE LABYRINTH,2005-08-21,2005-08-29,71,246
6150,2-246-DOUBTFIRE LABYRINTH,2005-07-11,2005-07-15,418,246
7676,2-246-DOUBTFIRE LABYRINTH,2005-07-28,2005-08-01,508,246
11695,2-246-DOUBTFIRE LABYRINTH,2005-08-17,2005-08-21,386,246
11216,2-246-DOUBTFIRE LABYRINTH,2005-08-02,2005-08-03,473,246
12783,2-246-DOUBTFIRE LABYRINTH,2005-08-19,2005-08-21,503,246
304,2-370-GORGEOUS BINGO,2005-05-26,2005-06-02,534,370
2909,2-370-GORGEOUS BINGO,2005-06-20,2005-06-25,451,370
6912,2-370-GORGEOUS BINGO,2005-07-12,2005-07-19,471,370
9726,2-370-GORGEOUS BINGO,2005-07-31,2005-08-09,162,370
12665,2-370-GORGEOUS BINGO,2006-02-14,,410,370
456,1-370-GORGEOUS BINGO,2005-05-27,2005-06-02,92,370
2134,1-370-GORGEOUS BINGO,2005-06-17,2005-06-26,378,370
6221,1-370-GORGEOUS BINGO,2005-07-11,2005-07-15,393,370
7122,1-370-GORGEOUS BINGO,2005-07-27,2005-08-04,172,370
11655,1-370-GORGEOUS BINGO,2005-08-17,2005-08-26,113,370
2880,1-370-GORGEOUS BINGO,2005-06-20,2005-06-23,193,370
3850,1-370-GORGEOUS BINGO,2005-07-06,2005-07-12,103,370
9020,1-370-GORGEOUS BINGO,2005-07-30,2005-08-08,142,370
13431,1-370-GORGEOUS BINGO,2005-08-19,2005-08-25,229,370
5066,2-370-GORGEOUS BINGO,2005-07-09,2005-07-12,169,370
9292,2-370-GORGEOUS BINGO,2005-07-30,2005-08-07,11,370
15922,2-370-GORGEOUS BINGO,2005-08-23,2005-09-01,263,370
9010,1-370-GORGEOUS BINGO,2005-07-30,2005-08-06,152,370
12845,1-370-GORGEOUS BINGO,2005-08-19,2005-08-22,106,370
305,2-585-MOB DUFFEL,2005-05-26,2005-06-02,464,585
2152,2-585-MOB DUFFEL,2005-06-17,2005-06-23,307,585
4170,2-585-MOB DUFFEL,2005-07-07,2005-07-13,99,585
7655,2-585-MOB DUFFEL,2005-07-28,2005-07-30,513,585
14771,2-585-MOB DUFFEL,2005-08-21,2005-08-28,149,585
6448,2-585-MOB DUFFEL,2005-07-12,2005-07-17,160,585
7083,2-585-MOB DUFFEL,2005-07-27,2005-07-30,575,585
12620,2-585-MOB DUFFEL,2005-08-18,2005-08-25,221,585
8743,2-585-MOB DUFFEL,2005-07-29,2005-07-31,282,585
15400,2-585-MOB DUFFEL,2005-08-22,2005-08-28,473,585
9968,2-585-MOB DUFFEL,2005-07-31,2005-08-08,363,585
16049,2-585-MOB DUFFEL,2005-08-23,2005-08-30,393,585
306,2-610-MUSIC BOONDOCK,2005-05-26,2005-05-28,547,610
1448,2-610-MUSIC BOONDOCK,2005-06-15,2005-06-23,246,610
6169,2-610-MUSIC BOONDOCK,2005-07-11,2005-07-19,148,610
7900,2-610-MUSIC BOONDOCK,2005-07-28,2005-08-05,154,610
12692,2-610-MUSIC BOONDOCK,2005-08-18,2005-08-21,273,610
851,1-610-MUSIC BOONDOCK,2005-05-30,2005-06-06,530,610
2373,1-610-MUSIC BOONDOCK,2005-06-18,2005-06-23,544,610
5431,1-610-MUSIC BOONDOCK,2005-07-09,2005-07-10,213,610
9062,1-610-MUSIC BOONDOCK,2005-07-30,2005-08-02,358,610
12451,1-610-MUSIC BOONDOCK,2005-08-18,2005-08-20,183,610
2627,1-610-MUSIC BOONDOCK,2005-06-19,2005-06-24,592,610
4432,1-610-MUSIC BOONDOCK,2005-07-07,2005-07-15,295,610
9086,1-610-MUSIC BOONDOCK,2005-07-30,2005-08-06,57,610
12440,1-610-MUSIC BOONDOCK,2005-08-18,2005-08-21,474,610
6716,2-610-MUSIC BOONDOCK,2005-07-12,2005-07-19,367,610
9216,2-610-MUSIC BOONDOCK,2005-07-30,2005-07-31,38,610
15863,2-610-MUSIC BOONDOCK,2005-08-23,2005-08-28,328,610
9574,2-610-MUSIC BOONDOCK,2005-07-31,2005-08-05,233,610
12631,2-610-MUSIC BOONDOCK,2005-08-18,2005-08-25,339,610
307,1-244-DORADO NOTTING,2005-05-26,2005-06-04,375,244
1206,1-244-DORADO NOTTING,2005-06-15,2005-06-18,264,244
4200,1-244-DORADO NOTTING,2005-07-07,2005-07-11,292,244
11191,1-244-DORADO NOTTING,2005-08-02,2005-08-10,571,244
12404,1-244-DORADO NOTTING,2005-08-18,2005-08-23,342,244
812,2-244-DORADO NOTTING,2005-05-29,2005-05-30,225,244
1690,2-244-DORADO NOTTING,2005-06-16,2005-06-25,286,244
3552,2-244-DORADO NOTTING,2005-07-06,2005-07-12,239,244
10202,2-244-DORADO NOTTING,2005-08-01,2005-08-08,306,244
11704,2-244-DORADO NOTTING,2005-08-17,2005-08-25,135,244
899,1-244-DORADO NOTTING,2005-05-30,2005-06-06,156,244
1535,1-244-DORADO NOTTING,2005-06-16,2005-06-20,202,244
3564,1-244-DORADO NOTTING,2005-07-06,2005-07-13,402,244
10203,1-244-DORADO NOTTING,2005-08-01,2005-08-04,157,244
15942,1-244-DORADO NOTTING,2005-08-23,2005-09-01,210,244
3057,2-244-DORADO NOTTING,2005-06-20,2005-06-26,307,244
5184,2-244-DORADO NOTTING,2005-07-09,2005-07-14,166,244
11227,2-244-DORADO NOTTING,2005-08-02,2005-08-11,65,244
13255,2-244-DORADO NOTTING,2005-08-19,2005-08-28,150,244
4828,2-244-DORADO NOTTING,2005-07-08,2005-07-11,92,244
11231,2-244-DORADO NOTTING,2005-08-02,2005-08-07,90,244
11888,2-244-DORADO NOTTING,2005-08-17,2005-08-25,160,244
6858,1-244-DORADO NOTTING,2005-07-12,2005-07-19,516,244
8780,1-244-DORADO NOTTING,2005-07-29,2005-08-03,328,244
12757,1-244-DORADO NOTTING,2005-08-18,2005-08-21,147,244
11429,1-244-DORADO NOTTING,2005-08-02,2005-08-10,348,244
11601,1-244-DORADO NOTTING,2005-08-17,2005-08-20,471,244
308,2-42-ARTIST COLDBLOODED,2005-05-26,2005-06-04,277,42
1305,2-42-ARTIST COLDBLOODED,2005-06-15,2005-06-19,8,42
3924,2-42-ARTIST COLDBLOODED,2005-07-06,2005-07-11,114,42
8423,2-42-ARTIST COLDBLOODED,2005-07-29,2005-08-06,468,42
15220,2-42-ARTIST COLDBLOODED,2005-08-22,2005-08-28,128,42
817,2-42-ARTIST COLDBLOODED,2005-05-29,2005-05-31,554,42
1282,2-42-ARTIST COLDBLOODED,2005-06-15,2005-06-21,539,42
4997,2-42-ARTIST COLDBLOODED,2005-07-09,2005-07-18,102,42
8402,2-42-ARTIST COLDBLOODED,2005-07-29,2005-08-07,47,42
14047,2-42-ARTIST COLDBLOODED,2005-08-20,2005-08-24,579,42
1707,2-42-ARTIST COLDBLOODED,2005-06-16,2005-06-18,4,42
6517,2-42-ARTIST COLDBLOODED,2005-07-12,2005-07-20,387,42
7720,2-42-ARTIST COLDBLOODED,2005-07-28,2005-08-04,520,42
13751,2-42-ARTIST COLDBLOODED,2005-08-20,2005-08-22,105,42
7990,2-42-ARTIST COLDBLOODED,2005-07-28,2005-08-01,232,42
15302,2-42-ARTIST COLDBLOODED,2005-08-22,2005-08-24,320,42
309,1-424-HOLOCAUST HIGHBALL,2005-05-26,2005-06-02,251,424
2412,1-424-HOLOCAUST HIGHBALL,2005-06-18,2005-06-27,127,424
4606,1-424-HOLOCAUST HIGHBALL,2005-07-08,2005-07-16,502,424
10411,1-424-HOLOCAUST HIGHBALL,2005-08-01,2005-08-10,522,424
14883,1-424-HOLOCAUST HIGHBALL,2005-08-22,2005-08-28,177,424
3007,2-424-HOLOCAUST HIGHBALL,2005-06-20,2005-06-25,7,424
5249,2-424-HOLOCAUST HIGHBALL,2005-07-09,2005-07-11,389,424
7253,2-424-HOLOCAUST HIGHBALL,2005-07-27,2005-07-28,236,424
15360,2-424-HOLOCAUST HIGHBALL,2005-08-22,2005-08-24,531,424
4348,1-424-HOLOCAUST HIGHBALL,2005-07-07,2005-07-09,452,424
9428,1-424-HOLOCAUST HIGHBALL,2005-07-30,2005-08-05,335,424
12239,1-424-HOLOCAUST HIGHBALL,2005-08-18,2005-08-24,75,424
6714,1-424-HOLOCAUST HIGHBALL,2005-07-12,2005-07-18,370,424
10562,1-424-HOLOCAUST HIGHBALL,2005-08-01,2005-08-02,178,424
11532,1-424-HOLOCAUST HIGHBALL,2005-08-17,2005-08-22,413,424
11336,2-424-HOLOCAUST HIGHBALL,2005-08-02,2005-08-06,473,424
11598,2-424-HOLOCAUST HIGHBALL,2005-08-17,2005-08-22,319,424
310,2-129-CAUSE DATE,2005-05-26,2005-06-02,409,129
1605,2-129-CAUSE DATE,2005-06-16,2005-06-25,197,129
5743,2-129-CAUSE DATE,2005-07-10,2005-07-19,297,129
8808,2-129-CAUSE DATE,2005-07-29,2005-08-03,173,129
12015,2-129-CAUSE DATE,2005-08-17,2005-08-23,11,129
694,2-129-CAUSE DATE,2005-05-29,2005-06-05,399,129
3448,2-129-CAUSE DATE,2005-06-21,2005-06-24,476,129
4244,2-129-CAUSE DATE,2005-07-07,2005-07-09,581,129
7804,2-129-CAUSE DATE,2005-07-28,2005-07-30,249,129
15069,2-129-CAUSE DATE,2005-08-22,2005-08-28,568,129
3062,2-129-CAUSE DATE,2005-06-20,2005-06-27,75,129
4387,2-129-CAUSE DATE,2005-07-07,2005-07-16,335,129
9570,2-129-CAUSE DATE,2005-07-31,2005-08-01,385,129
12262,2-129-CAUSE DATE,2005-08-18,2005-08-20,125,129
5141,1-129-CAUSE DATE,2005-07-09,2005-07-18,488,129
10580,1-129-CAUSE DATE,2005-08-01,2005-08-08,234,129
15870,1-129-CAUSE DATE,2005-08-23,2005-08-28,251,129
10308,1-129-CAUSE DATE,2005-08-01,2005-08-09,240,129
13363,1-129-CAUSE DATE,2005-08-19,2005-08-21,288,129
10924,1-129-CAUSE DATE,2005-08-02,2005-08-11,540,129
14081,1-129-CAUSE DATE,2005-08-20,2005-08-28,392,129
312,2-437-HOUSE DYNAMITE,2005-05-26,2005-06-02,143,437
3110,2-437-HOUSE DYNAMITE,2005-06-20,2005-06-24,333,437
6408,2-437-HOUSE DYNAMITE,2005-07-11,2005-07-19,350,437
9630,2-437-HOUSE DYNAMITE,2005-07-31,2005-08-07,599,437
11658,2-437-HOUSE DYNAMITE,2005-08-17,2005-08-24,422,437
714,2-437-HOUSE DYNAMITE,2005-05-29,2005-06-01,452,437
3056,2-437-HOUSE DYNAMITE,2005-06-20,2005-06-26,95,437
4209,2-437-HOUSE DYNAMITE,2005-07-07,2005-07-10,100,437
10856,2-437-HOUSE DYNAMITE,2005-08-02,2005-08-04,451,437
14596,2-437-HOUSE DYNAMITE,2005-08-21,2005-08-30,472,437
2551,1-437-HOUSE DYNAMITE,2005-06-19,2005-06-28,444,437
5491,1-437-HOUSE DYNAMITE,2005-07-10,2005-07-11,49,437
9258,1-437-HOUSE DYNAMITE,2005-07-30,2005-08-05,275,437
13666,1-437-HOUSE DYNAMITE,2005-08-20,2005-08-22,451,437
3252,2-437-HOUSE DYNAMITE,2005-06-21,2005-06-24,213,437
3990,2-437-HOUSE DYNAMITE,2005-07-06,2005-07-14,558,437
11450,2-437-HOUSE DYNAMITE,2005-08-02,2005-08-08,214,437
14959,2-437-HOUSE DYNAMITE,2005-08-22,2005-08-25,569,437
6786,2-437-HOUSE DYNAMITE,2005-07-12,2005-07-16,546,437
8566,2-437-HOUSE DYNAMITE,2005-07-29,2005-07-30,544,437
15984,2-437-HOUSE DYNAMITE,2005-08-23,2005-08-27,495,437
7101,1-437-HOUSE DYNAMITE,2005-07-27,2005-07-29,221,437
13130,1-437-HOUSE DYNAMITE,2005-08-19,2005-08-23,254,437
314,1-625-NONE SPIKING,2005-05-26,2005-05-28,203,625
1961,1-625-NONE SPIKING,2005-06-17,2005-06-20,384,625
6501,1-625-NONE SPIKING,2005-07-12,2005-07-16,219,625
9063,1-625-NONE SPIKING,2005-07-30,2005-08-05,564,625
15688,1-625-NONE SPIKING,2005-08-23,2005-08-30,105,625
1165,2-625-NONE SPIKING,2005-06-14,2005-06-20,264,625
6629,2-625-NONE SPIKING,2005-07-12,2005-07-20,582,625
7285,2-625-NONE SPIKING,2005-07-27,2005-08-03,498,625
13390,2-625-NONE SPIKING,2006-02-14,,135,625
2021,1-625-NONE SPIKING,2005-06-17,2005-06-23,319,625
6637,1-625-NONE SPIKING,2005-07-12,2005-07-19,164,625
10109,1-625-NONE SPIKING,2005-07-31,2005-08-08,403,625
13430,1-625-NONE SPIKING,2005-08-19,2005-08-22,381,625
2364,2-625-NONE SPIKING,2005-06-18,2005-06-23,512,625
4124,2-625-NONE SPIKING,2005-07-07,2005-07-11,330,625
7597,2-625-NONE SPIKING,2005-07-27,2005-07-30,169,625
15449,2-625-NONE SPIKING,2005-08-23,2005-08-28,461,625
2391,1-625-NONE SPIKING,2005-06-18,2005-06-25,491,625
4650,1-625-NONE SPIKING,2005-07-08,2005-07-15,108,625
10235,1-625-NONE SPIKING,2005-08-01,2005-08-10,30,625
13226,1-625-NONE SPIKING,2005-08-19,2005-08-21,46,625
2714,2-625-NONE SPIKING,2005-06-19,2005-06-23,81,625
6350,2-625-NONE SPIKING,2005-07-11,2005-07-16,225,625
10086,2-625-NONE SPIKING,2005-07-31,2005-08-07,205,625
15539,2-625-NONE SPIKING,2005-08-23,2005-08-26,582,625
10991,2-625-NONE SPIKING,2005-08-02,2005-08-05,77,625
12964,2-625-NONE SPIKING,2005-08-19,2005-08-22,142,625
315,2-624-NIGHTMARE CHILL,2005-05-26,2005-05-29,238,624
1799,2-624-NIGHTMARE CHILL,2005-06-16,2005-06-20,505,624
5307,2-624-NIGHTMARE CHILL,2005-07-09,2005-07-17,32,624
9596,2-624-NIGHTMARE CHILL,2005-07-31,2005-08-04,55,624
14217,2-624-NIGHTMARE CHILL,2005-08-21,2005-08-26,66,624
656,2-624-NIGHTMARE CHILL,2005-05-28,2005-05-30,437,624
2257,2-624-NIGHTMARE CHILL,2005-06-18,2005-06-22,34,624
6591,2-624-NIGHTMARE CHILL,2005-07-12,2005-07-16,509,624
9970,2-624-NIGHTMARE CHILL,2005-07-31,2005-08-02,578,624
11904,2-624-NIGHTMARE CHILL,2005-08-17,2005-08-21,145,624
2010,1-624-NIGHTMARE CHILL,2005-06-17,2005-06-21,329,624
4294,1-624-NIGHTMARE CHILL,2005-07-07,2005-07-15,41,624
9346,1-624-NIGHTMARE CHILL,2005-07-30,2005-08-03,196,624
13824,1-624-NIGHTMARE CHILL,2005-08-20,2005-08-22,413,624
3204,2-624-NIGHTMARE CHILL,2005-06-21,2005-06-22,336,624
5173,2-624-NIGHTMARE CHILL,2005-07-09,2005-07-15,490,624
10129,2-624-NIGHTMARE CHILL,2005-07-31,2005-08-05,564,624
12105,2-624-NIGHTMARE CHILL,2005-08-17,2005-08-21,390,624
5710,1-624-NIGHTMARE CHILL,2005-07-10,2005-07-18,265,624
10601,1-624-NIGHTMARE CHILL,2005-08-01,2005-08-10,420,624
15997,1-624-NIGHTMARE CHILL,2005-08-23,2005-08-26,447,624
7326,1-624-NIGHTMARE CHILL,2005-07-27,2005-07-30,432,624
12907,1-624-NIGHTMARE CHILL,2005-08-19,2005-08-27,422,624
10722,2-624-NIGHTMARE CHILL,2005-08-01,2005-08-04,90,624
12638,2-624-NIGHTMARE CHILL,2005-08-18,2005-08-25,172,624
316,2-838-STAGECOACH ARMAGEDDON,2005-05-26,2005-05-29,249,838
3269,2-838-STAGECOACH ARMAGEDDON,2005-06-21,2005-06-27,17,838
5342,2-838-STAGECOACH ARMAGEDDON,2005-07-09,2005-07-18,289,838
7722,2-838-STAGECOACH ARMAGEDDON,2005-07-28,2005-07-30,309,838
15866,2-838-STAGECOACH ARMAGEDDON,2005-08-23,2005-08-31,296,838
511,2-838-STAGECOACH ARMAGEDDON,2005-05-28,2005-06-03,296,838
2510,2-838-STAGECOACH ARMAGEDDON,2005-06-18,2005-06-24,384,838
3662,2-838-STAGECOACH ARMAGEDDON,2005-07-06,2005-07-09,334,838
7260,2-838-STAGECOACH ARMAGEDDON,2005-07-27,2005-08-03,434,838
13658,2-838-STAGECOACH ARMAGEDDON,2005-08-20,2005-08-28,487,838
2326,2-838-STAGECOACH ARMAGEDDON,2005-06-18,2005-06-24,174,838
5833,2-838-STAGECOACH ARMAGEDDON,2005-07-10,2005-07-17,187,838
9917,2-838-STAGECOACH ARMAGEDDON,2005-07-31,2005-08-02,159,838
13698,2-838-STAGECOACH ARMAGEDDON,2005-08-20,2005-08-22,364,838
2495,1-838-STAGECOACH ARMAGEDDON,2005-06-18,2005-06-21,338,838
3814,1-838-STAGECOACH ARMAGEDDON,2005-07-06,2005-07-13,306,838
8188,1-838-STAGECOACH ARMAGEDDON,2005-07-28,2005-08-01,10,838
12937,1-838-STAGECOACH ARMAGEDDON,2005-08-19,2005-08-22,348,838
2613,2-838-STAGECOACH ARMAGEDDON,2005-06-19,2005-06-21,179,838
6469,2-838-STAGECOACH ARMAGEDDON,2005-07-12,2005-07-16,147,838
7323,2-838-STAGECOACH ARMAGEDDON,2005-07-27,2005-07-29,125,838
14257,2-838-STAGECOACH ARMAGEDDON,2005-08-21,2005-08-29,178,838
3359,1-838-STAGECOACH ARMAGEDDON,2005-06-21,2005-06-25,67,838
5934,1-838-STAGECOACH ARMAGEDDON,2005-07-10,2005-07-15,576,838
9686,1-838-STAGECOACH ARMAGEDDON,2005-07-31,2005-08-06,386,838
13067,1-838-STAGECOACH ARMAGEDDON,2005-08-19,2005-08-25,172,838
318,1-561-MASK PEACH,2005-05-26,2005-06-03,60,561
2514,1-561-MASK PEACH,2005-06-18,2005-06-23,382,561
4740,1-561-MASK PEACH,2005-07-08,2005-07-14,379,561
10128,1-561-MASK PEACH,2005-07-31,2005-08-02,508,561
15189,1-561-MASK PEACH,2005-08-22,2005-08-29,398,561
607,1-561-MASK PEACH,2005-05-28,2005-05-30,554,561
2066,1-561-MASK PEACH,2005-06-17,2005-06-24,248,561
4055,1-561-MASK PEACH,2005-07-07,2005-07-11,513,561
11228,1-561-MASK PEACH,2005-08-02,2005-08-08,144,561
14152,1-561-MASK PEACH,2005-08-21,2005-08-25,379,561
1108,1-561-MASK PEACH,2005-05-31,2005-06-09,254,561
2453,1-561-MASK PEACH,2005-06-18,2005-06-20,588,561
6182,1-561-MASK PEACH,2005-07-11,2005-07-17,540,561
10292,1-561-MASK PEACH,2005-08-01,2005-08-01,340,561
13947,1-561-MASK PEACH,2005-08-20,2005-08-29,218,561
9786,1-561-MASK PEACH,2005-07-31,2005-08-03,586,561
14666,1-561-MASK PEACH,2005-08-21,2005-08-30,122,561
319,1-664-PATRIOT ROMAN,2005-05-26,2005-05-30,77,664
3219,1-664-PATRIOT ROMAN,2005-06-21,2005-06-28,129,664
4238,1-664-PATRIOT ROMAN,2005-07-07,2005-07-10,7,664
8257,1-664-PATRIOT ROMAN,2005-07-29,2005-08-04,566,664
12858,1-664-PATRIOT ROMAN,2005-08-19,2005-08-26,144,664
1612,2-664-PATRIOT ROMAN,2005-06-16,2005-06-19,355,664
4773,2-664-PATRIOT ROMAN,2005-07-08,2005-07-13,519,664
8091,2-664-PATRIOT ROMAN,2005-07-28,2005-08-01,126,664
15211,2-664-PATRIOT ROMAN,2005-08-22,2005-08-28,410,664
5853,2-664-PATRIOT ROMAN,2005-07-10,2005-07-17,520,664
9368,2-664-PATRIOT ROMAN,2005-07-30,2005-08-05,388,664
13026,2-664-PATRIOT ROMAN,2005-08-19,2005-08-21,79,664
8155,1-664-PATRIOT ROMAN,2005-07-28,2005-08-02,428,664
11890,1-664-PATRIOT ROMAN,2005-08-17,2005-08-26,487,664
11075,2-664-PATRIOT ROMAN,2005-08-02,2005-08-08,503,664
13739,2-664-PATRIOT ROMAN,2005-08-20,2005-08-28,441,664
320,1-243-DOORS PRESIDENT,2005-05-27,2005-05-28,2,243
3272,1-243-DOORS PRESIDENT,2005-06-21,2005-06-30,550,243
6217,1-243-DOORS PRESIDENT,2005-07-11,2005-07-19,177,243
9660,1-243-DOORS PRESIDENT,2005-07-31,2005-08-07,406,243
14312,1-243-DOORS PRESIDENT,2005-08-21,2005-08-23,238,243
1982,2-243-DOORS PRESIDENT,2005-06-17,2005-06-20,566,243
6082,2-243-DOORS PRESIDENT,2005-07-11,2005-07-16,82,243
10336,2-243-DOORS PRESIDENT,2005-08-01,2005-08-03,370,243
12056,2-243-DOORS PRESIDENT,2005-08-17,2005-08-21,460,243
3747,2-243-DOORS PRESIDENT,2005-07-06,2005-07-09,437,243
11312,2-243-DOORS PRESIDENT,2005-08-02,2005-08-07,190,243
16011,2-243-DOORS PRESIDENT,2005-08-23,2005-08-31,389,243
5262,2-243-DOORS PRESIDENT,2005-07-09,2005-07-12,240,243
7841,2-243-DOORS PRESIDENT,2005-07-28,2005-07-30,1,243
13333,2-243-DOORS PRESIDENT,2006-02-14,,64,243
10616,2-243-DOORS PRESIDENT,2005-08-01,2005-08-07,20,243
12719,2-243-DOORS PRESIDENT,2006-02-14,,87,243
11052,1-243-DOORS PRESIDENT,2005-08-02,2005-08-06,331,243
12095,1-243-DOORS PRESIDENT,2005-08-17,2005-08-20,46,243
322,1-994-WYOMING STORM,2005-05-27,2005-06-02,496,994
2472,1-994-WYOMING STORM,2005-06-18,2005-06-20,70,994
6325,1-994-WYOMING STORM,2005-07-11,2005-07-18,542,994
7812,1-994-WYOMING STORM,2005-07-28,2005-07-31,237,994
14726,1-994-WYOMING STORM,2005-08-21,2005-08-22,216,994
813,1-994-WYOMING STORM,2005-05-29,2005-06-05,344,994
2343,1-994-WYOMING STORM,2005-06-18,2005-06-22,20,994
3723,1-994-WYOMING STORM,2005-07-06,2005-07-14,501,994
9841,1-994-WYOMING STORM,2005-07-31,2005-08-09,238,994
15932,1-994-WYOMING STORM,2005-08-23,2005-08-24,405,994
6018,1-994-WYOMING STORM,2005-07-11,2005-07-12,500,994
9773,1-994-WYOMING STORM,2005-07-31,2005-08-04,376,994
14394,1-994-WYOMING STORM,2005-08-21,2005-08-28,118,994
323,2-514-LEBOWSKI SOLDIERS,2005-05-27,2005-05-30,144,514
1667,2-514-LEBOWSKI SOLDIERS,2005-06-16,2005-06-22,333,514
6620,2-514-LEBOWSKI SOLDIERS,2005-07-12,2005-07-16,337,514
11078,2-514-LEBOWSKI SOLDIERS,2005-08-02,2005-08-07,587,514
14540,2-514-LEBOWSKI SOLDIERS,2005-08-21,2005-08-27,28,514
622,2-514-LEBOWSKI SOLDIERS,2005-05-28,2005-06-04,109,514
1841,2-514-LEBOWSKI SOLDIERS,2005-06-16,2005-06-22,6,514
5612,2-514-LEBOWSKI SOLDIERS,2005-07-10,2005-07-17,472,514
9337,2-514-LEBOWSKI SOLDIERS,2005-07-30,2005-07-31,90,514
1351,2-514-LEBOWSKI SOLDIERS,2005-06-15,2005-06-22,484,514
5436,2-514-LEBOWSKI SOLDIERS,2005-07-09,2005-07-13,89,514
10013,2-514-LEBOWSKI SOLDIERS,2005-07-31,2005-08-08,377,514
15744,2-514-LEBOWSKI SOLDIERS,2005-08-23,2005-08-31,59,514
1683,1-514-LEBOWSKI SOLDIERS,2005-06-16,2005-06-18,494,514
6532,1-514-LEBOWSKI SOLDIERS,2005-07-12,2005-07-13,225,514
11358,1-514-LEBOWSKI SOLDIERS,2005-08-02,2005-08-11,56,514
13620,1-514-LEBOWSKI SOLDIERS,2005-08-20,2005-08-24,92,514
7179,2-514-LEBOWSKI SOLDIERS,2005-07-27,2005-07-28,537,514
11700,2-514-LEBOWSKI SOLDIERS,2005-08-17,2005-08-18,104,514
10071,1-514-LEBOWSKI SOLDIERS,2005-07-31,2005-08-03,353,514
12408,1-514-LEBOWSKI SOLDIERS,2005-08-18,2005-08-19,143,514
325,2-551-MAIDEN HOME,2005-05-27,2005-05-31,449,551
2477,2-551-MAIDEN HOME,2005-06-18,2005-06-22,206,551
3967,2-551-MAIDEN HOME,2005-07-06,2005-07-09,31,551
10947,2-551-MAIDEN HOME,2005-08-02,2005-08-07,500,551
15587,2-551-MAIDEN HOME,2005-08-23,2005-08-29,499,551
1074,2-551-MAIDEN HOME,2005-05-31,2005-06-02,503,551
1166,2-551-MAIDEN HOME,2005-06-14,2005-06-15,46,551
5222,2-551-MAIDEN HOME,2005-07-09,2005-07-13,400,551
10982,2-551-MAIDEN HOME,2005-08-02,2005-08-04,345,551
14896,2-551-MAIDEN HOME,2005-08-22,2005-08-29,569,551
1849,1-551-MAIDEN HOME,2005-06-17,2005-06-23,341,551
3907,1-551-MAIDEN HOME,2005-07-06,2005-07-11,452,551
7862,1-551-MAIDEN HOME,2005-07-28,2005-08-05,299,551
14375,1-551-MAIDEN HOME,2005-08-21,2005-08-26,550,551
3300,1-551-MAIDEN HOME,2005-06-21,2005-06-25,565,551
4791,1-551-MAIDEN HOME,2005-07-08,2005-07-14,393,551
8590,1-551-MAIDEN HOME,2005-07-29,2005-08-07,114,551
13001,1-551-MAIDEN HOME,2005-08-19,2005-08-22,254,551
4871,2-551-MAIDEN HOME,2005-07-08,2005-07-13,210,551
9417,2-551-MAIDEN HOME,2005-07-30,2005-08-04,519,551
15312,2-551-MAIDEN HOME,2005-08-22,2005-08-25,280,551
6453,1-551-MAIDEN HOME,2005-07-12,2005-07-14,169,551
10172,1-551-MAIDEN HOME,2005-07-31,2005-08-09,426,551
15567,1-551-MAIDEN HOME,2005-08-23,2005-08-24,54,551
326,1-867-SUPER WYOMING,2005-05-27,2005-06-04,432,867
2713,1-867-SUPER WYOMING,2005-06-19,2005-06-20,378,867
5501,1-867-SUPER WYOMING,2005-07-10,2005-07-17,372,867
7951,1-867-SUPER WYOMING,2005-07-28,2005-08-06,237,867
11650,1-867-SUPER WYOMING,2005-08-17,2005-08-22,418,867
1482,1-867-SUPER WYOMING,2005-06-15,2005-06-16,60,867
3908,1-867-SUPER WYOMING,2005-07-06,2005-07-13,116,867
10733,1-867-SUPER WYOMING,2005-08-01,2005-08-09,560,867
13829,1-867-SUPER WYOMING,2005-08-20,2005-08-24,146,867
9108,1-867-SUPER WYOMING,2005-07-30,2005-08-04,490,867
12021,1-867-SUPER WYOMING,2005-08-17,2005-08-23,27,867
10708,1-867-SUPER WYOMING,2005-08-01,2005-08-09,567,867
13950,1-867-SUPER WYOMING,2005-08-20,2005-08-29,93,867
327,2-588-MODEL FISH,2005-05-27,2005-06-04,105,588
2516,2-588-MODEL FISH,2005-06-19,2005-06-21,87,588
6723,2-588-MODEL FISH,2005-07-12,2005-07-14,499,588
9700,2-588-MODEL FISH,2005-07-31,2005-08-02,40,588
13481,2-588-MODEL FISH,2005-08-20,2005-08-26,157,588
583,2-588-MODEL FISH,2005-05-28,2005-06-04,386,588
1201,2-588-MODEL FISH,2005-06-15,2005-06-16,209,588
5433,2-588-MODEL FISH,2005-07-09,2005-07-10,349,588
11437,2-588-MODEL FISH,2005-08-02,2005-08-05,225,588
12307,2-588-MODEL FISH,2005-08-18,2005-08-26,187,588
4916,2-588-MODEL FISH,2005-07-08,2005-07-14,212,588
7898,2-588-MODEL FISH,2005-07-28,2005-08-03,499,588
11842,2-588-MODEL FISH,2005-08-17,2005-08-20,422,588
9657,2-588-MODEL FISH,2005-07-31,2005-08-06,402,588
14592,2-588-MODEL FISH,2005-08-21,2005-08-22,563,588
328,2-554-MALKOVICH PET,2005-05-27,2005-06-01,451,554
1300,2-554-MALKOVICH PET,2005-06-15,2005-06-17,186,554
5276,2-554-MALKOVICH PET,2005-07-09,2005-07-12,521,554
9776,2-554-MALKOVICH PET,2005-07-31,2005-08-03,73,554
13250,2-554-MALKOVICH PET,2005-08-19,2005-08-26,448,554
475,1-554-MALKOVICH PET,2005-05-27,2005-05-28,159,554
1975,1-554-MALKOVICH PET,2005-06-17,2005-06-23,468,554
5300,1-554-MALKOVICH PET,2005-07-09,2005-07-15,8,554
11488,1-554-MALKOVICH PET,2005-08-02,2005-08-09,45,554
14456,1-554-MALKOVICH PET,2005-08-21,2005-08-26,125,554
1009,2-554-MALKOVICH PET,2005-05-31,2005-06-03,485,554
3420,2-554-MALKOVICH PET,2005-06-21,2005-06-28,27,554
3955,2-554-MALKOVICH PET,2005-07-06,2005-07-08,247,554
9675,2-554-MALKOVICH PET,2005-07-31,2005-08-03,243,554
13789,2-554-MALKOVICH PET,2005-08-20,2005-08-25,53,554
4534,1-554-MALKOVICH PET,2005-07-08,2005-07-16,132,554
10660,1-554-MALKOVICH PET,2005-08-01,2005-08-07,253,554
13259,1-554-MALKOVICH PET,2005-08-19,2005-08-23,458,554
4689,1-554-MALKOVICH PET,2005-07-08,2005-07-16,364,554
9918,1-554-MALKOVICH PET,2005-07-31,2005-08-04,283,554
15799,1-554-MALKOVICH PET,2005-08-23,2005-08-24,215,554
5341,2-554-MALKOVICH PET,2005-07-09,2005-07-14,8,554
10654,2-554-MALKOVICH PET,2005-08-01,2005-08-05,399,554
11546,2-554-MALKOVICH PET,2005-08-17,2005-08-18,24,554
9929,1-554-MALKOVICH PET,2005-07-31,2005-08-03,564,554
13537,1-554-MALKOVICH PET,2005-08-20,2005-08-23,418,554
329,2-583-MISSION ZOOLANDER,2005-05-27,2005-05-31,231,583
2708,2-583-MISSION ZOOLANDER,2005-06-19,2005-06-24,541,583
6235,2-583-MISSION ZOOLANDER,2005-07-11,2005-07-17,379,583
9176,2-583-MISSION ZOOLANDER,2005-07-30,2005-08-02,260,583
13714,2-583-MISSION ZOOLANDER,2005-08-20,2005-08-22,277,583
468,1-583-MISSION ZOOLANDER,2005-05-27,2005-06-04,101,583
2370,1-583-MISSION ZOOLANDER,2005-06-18,2005-06-24,489,583
6547,1-583-MISSION ZOOLANDER,2005-07-12,2005-07-18,262,583
9768,1-583-MISSION ZOOLANDER,2005-07-31,2005-08-08,582,583
11825,1-583-MISSION ZOOLANDER,2005-08-17,2005-08-20,296,583
1865,1-583-MISSION ZOOLANDER,2005-06-17,2005-06-23,526,583
6855,1-583-MISSION ZOOLANDER,2005-07-12,2005-07-15,24,583
7153,1-583-MISSION ZOOLANDER,2005-07-27,2005-07-28,41,583
14761,1-583-MISSION ZOOLANDER,2005-08-21,2005-08-26,490,583
9129,1-583-MISSION ZOOLANDER,2005-07-30,2005-08-07,125,583
14912,1-583-MISSION ZOOLANDER,2005-08-22,2005-08-23,404,583
9271,2-583-MISSION ZOOLANDER,2005-07-30,2005-07-31,100,583
14252,2-583-MISSION ZOOLANDER,2005-08-21,2005-08-29,13,583
330,1-336-FRENCH HOLIDAY,2005-05-27,2005-06-04,248,336
2349,1-336-FRENCH HOLIDAY,2005-06-18,2005-06-19,495,336
6797,1-336-FRENCH HOLIDAY,2005-07-12,2005-07-14,469,336
8967,1-336-FRENCH HOLIDAY,2005-07-30,2005-08-06,480,336
15046,1-336-FRENCH HOLIDAY,2005-08-22,2005-08-26,474,336
2733,1-336-FRENCH HOLIDAY,2005-06-19,2005-06-23,188,336
6520,1-336-FRENCH HOLIDAY,2005-07-12,2005-07-15,270,336
7472,1-336-FRENCH HOLIDAY,2005-07-27,2005-08-03,103,336
12679,1-336-FRENCH HOLIDAY,2005-08-18,2005-08-25,463,336
2740,1-336-FRENCH HOLIDAY,2005-06-19,2005-06-28,92,336
4093,1-336-FRENCH HOLIDAY,2005-07-07,2005-07-12,337,336
10560,1-336-FRENCH HOLIDAY,2005-08-01,2005-08-05,427,336
14955,1-336-FRENCH HOLIDAY,2005-08-22,2005-08-25,445,336
6964,2-336-FRENCH HOLIDAY,2005-07-27,2005-07-31,404,336
12139,2-336-FRENCH HOLIDAY,2005-08-17,2005-08-24,342,336
10304,2-336-FRENCH HOLIDAY,2005-08-01,2005-08-07,346,336
14521,2-336-FRENCH HOLIDAY,2005-08-21,2005-08-28,200,336
331,2-408-HEAD STRANGER,2005-05-27,2005-06-05,67,408
2666,2-408-HEAD STRANGER,2005-06-19,2005-06-28,454,408
4168,2-408-HEAD STRANGER,2005-07-07,2005-07-09,132,408
11485,2-408-HEAD STRANGER,2005-08-02,2005-08-04,326,408
12397,2-408-HEAD STRANGER,2005-08-18,2005-08-27,371,408
2532,1-408-HEAD STRANGER,2005-06-19,2005-06-20,26,408
3874,1-408-HEAD STRANGER,2005-07-06,2005-07-12,137,408
8339,1-408-HEAD STRANGER,2005-07-29,2005-07-30,129,408
15266,1-408-HEAD STRANGER,2005-08-22,2005-08-23,124,408
3498,1-408-HEAD STRANGER,2005-07-06,2005-07-10,444,408
8990,1-408-HEAD STRANGER,2005-07-30,2005-08-07,292,408
15555,1-408-HEAD STRANGER,2005-08-23,2005-08-24,347,408
5016,2-408-HEAD STRANGER,2005-07-09,2005-07-09,5,408
11349,2-408-HEAD STRANGER,2005-08-02,2005-08-06,73,408
15056,2-408-HEAD STRANGER,2005-08-22,2005-08-25,503,408
6093,1-408-HEAD STRANGER,2005-07-11,2005-07-20,117,408
7641,1-408-HEAD STRANGER,2005-07-28,2005-08-04,475,408
14510,1-408-HEAD STRANGER,2005-08-21,2005-08-30,547,408
8243,2-408-HEAD STRANGER,2005-07-29,2005-08-04,481,408
15256,2-408-HEAD STRANGER,2005-08-22,2005-08-28,198,408
9273,1-408-HEAD STRANGER,2005-07-30,2005-08-08,497,408
14210,1-408-HEAD STRANGER,2005-08-21,2005-08-24,468,408
332,2-334-FREDDY STORM,2005-05-27,2005-06-03,299,334
3439,2-334-FREDDY STORM,2005-06-21,2005-06-23,46,334
6827,2-334-FREDDY STORM,2005-07-12,2005-07-13,283,334
9430,2-334-FREDDY STORM,2005-07-30,2005-08-04,367,334
11506,2-334-FREDDY STORM,2005-08-16,2005-08-22,565,334
629,1-334-FREDDY STORM,2005-05-28,2005-06-02,94,334
2993,1-334-FREDDY STORM,2005-06-20,2005-06-22,40,334
4906,1-334-FREDDY STORM,2005-07-08,2005-07-15,490,334
8994,1-334-FREDDY STORM,2005-07-30,2005-08-07,287,334
15436,1-334-FREDDY STORM,2005-08-23,2005-08-28,505,334
2987,2-334-FREDDY STORM,2005-06-20,2005-06-28,349,334
3749,2-334-FREDDY STORM,2005-07-06,2005-07-11,170,334
10453,2-334-FREDDY STORM,2005-08-01,2005-08-08,188,334
12929,2-334-FREDDY STORM,2005-08-19,2005-08-25,310,334
4600,1-334-FREDDY STORM,2005-07-08,2005-07-15,457,334
10241,1-334-FREDDY STORM,2005-08-01,2005-08-08,161,334
14057,1-334-FREDDY STORM,2005-08-20,2005-08-25,333,334
5638,2-334-FREDDY STORM,2005-07-10,2005-07-13,570,334
9276,2-334-FREDDY STORM,2005-07-30,2005-08-06,237,334
11977,2-334-FREDDY STORM,2005-08-17,2005-08-23,536,334
6031,2-334-FREDDY STORM,2005-07-11,2005-07-14,224,334
8866,2-334-FREDDY STORM,2005-07-29,2005-08-01,44,334
15166,2-334-FREDDY STORM,2005-08-22,2005-08-30,504,334
333,2-871-SWEDEN SHINING,2005-05-27,2005-06-01,412,871
2236,2-871-SWEDEN SHINING,2005-06-18,2005-06-23,375,871
5054,2-871-SWEDEN SHINING,2005-07-09,2005-07-18,135,871
7913,2-871-SWEDEN SHINING,2005-07-28,2005-08-05,459,871
12051,2-871-SWEDEN SHINING,2005-08-17,2005-08-25,579,871
863,1-871-SWEDEN SHINING,2005-05-30,2005-06-05,379,871
2583,1-871-SWEDEN SHINING,2005-06-19,2005-06-28,523,871
4759,1-871-SWEDEN SHINING,2005-07-08,2005-07-17,284,871
10607,1-871-SWEDEN SHINING,2005-08-01,2005-08-02,438,871
12970,1-871-SWEDEN SHINING,2006-02-14,,216,871
1934,1-871-SWEDEN SHINING,2005-06-17,2005-06-25,16,871
6487,1-871-SWEDEN SHINING,2005-07-12,2005-07-19,277,871
10068,1-871-SWEDEN SHINING,2005-07-31,2005-08-05,58,871
15604,1-871-SWEDEN SHINING,2005-08-23,2005-08-29,458,871
8292,2-871-SWEDEN SHINING,2005-07-29,2005-08-07,192,871
11500,2-871-SWEDEN SHINING,2005-08-16,2005-08-24,584,871
8602,2-871-SWEDEN SHINING,2005-07-29,2005-08-03,64,871
13887,2-871-SWEDEN SHINING,2005-08-20,2005-08-24,413,871
334,2-865-SUNRISE LEAGUE,2005-05-27,2005-05-29,194,865
1216,2-865-SUNRISE LEAGUE,2005-06-15,2005-06-18,100,865
4403,2-865-SUNRISE LEAGUE,2005-07-07,2005-07-09,447,865
8037,2-865-SUNRISE LEAGUE,2005-07-28,2005-07-31,409,865
12570,2-865-SUNRISE LEAGUE,2005-08-18,2005-08-22,211,865
856,1-865-SUNRISE LEAGUE,2005-05-30,2005-06-07,53,865
3297,1-865-SUNRISE LEAGUE,2005-06-21,2005-06-28,193,865
6562,1-865-SUNRISE LEAGUE,2005-07-12,2005-07-16,27,865
9260,1-865-SUNRISE LEAGUE,2005-07-30,2005-08-07,13,865
13663,1-865-SUNRISE LEAGUE,2005-08-20,2005-08-27,240,865
2639,1-865-SUNRISE LEAGUE,2005-06-19,2005-06-21,116,865
4668,1-865-SUNRISE LEAGUE,2005-07-08,2005-07-17,481,865
9575,1-865-SUNRISE LEAGUE,2005-07-31,2005-08-03,193,865
14498,1-865-SUNRISE LEAGUE,2005-08-21,2005-08-23,544,865
2960,1-865-SUNRISE LEAGUE,2005-06-20,2005-06-26,16,865
4822,1-865-SUNRISE LEAGUE,2005-07-08,2005-07-14,185,865
10933,1-865-SUNRISE LEAGUE,2005-08-02,2005-08-08,313,865
15073,1-865-SUNRISE LEAGUE,2005-08-22,2005-08-31,336,865
6488,2-865-SUNRISE LEAGUE,2005-07-12,2005-07-20,169,865
10113,2-865-SUNRISE LEAGUE,2005-07-31,2005-08-02,461,865
11798,2-865-SUNRISE LEAGUE,2005-08-17,2005-08-25,448,865
6885,1-865-SUNRISE LEAGUE,2005-07-12,2005-07-15,159,865
11266,1-865-SUNRISE LEAGUE,2005-08-02,2005-08-04,99,865
13660,1-865-SUNRISE LEAGUE,2005-08-20,2005-08-22,72,865
335,1-309-FEUD FROGMEN,2005-05-27,2005-06-05,16,309
1931,1-309-FEUD FROGMEN,2005-06-17,2005-06-22,391,309
3853,1-309-FEUD FROGMEN,2005-07-06,2005-07-07,537,309
7612,1-309-FEUD FROGMEN,2005-07-28,2005-07-30,563,309
13240,1-309-FEUD FROGMEN,2005-08-19,2005-08-20,179,309
587,2-309-FEUD FROGMEN,2005-05-28,2005-05-30,64,309
2366,2-309-FEUD FROGMEN,2005-06-18,2005-06-23,162,309
4129,2-309-FEUD FROGMEN,2005-07-07,2005-07-14,592,309
10541,2-309-FEUD FROGMEN,2005-08-01,2005-08-03,234,309
15196,2-309-FEUD FROGMEN,2005-08-22,2005-08-30,181,309
660,2-309-FEUD FROGMEN,2005-05-28,2005-05-30,578,309
3251,2-309-FEUD FROGMEN,2005-06-21,2005-06-23,317,309
6575,2-309-FEUD FROGMEN,2005-07-12,2005-07-18,598,309
8089,2-309-FEUD FROGMEN,2005-07-28,2005-08-03,50,309
12467,2-309-FEUD FROGMEN,2005-08-18,2005-08-19,212,309
698,2-309-FEUD FROGMEN,2005-05-29,2005-06-01,109,309
1332,2-309-FEUD FROGMEN,2005-06-15,2005-06-17,116,309
4501,2-309-FEUD FROGMEN,2005-07-08,2005-07-10,262,309
7406,2-309-FEUD FROGMEN,2005-07-27,2005-08-05,77,309
12662,2-309-FEUD FROGMEN,2005-08-18,2005-08-23,75,309
6370,1-309-FEUD FROGMEN,2005-07-11,2005-07-20,99,309
8368,1-309-FEUD FROGMEN,2005-07-29,2005-08-07,200,309
13469,1-309-FEUD FROGMEN,2005-08-20,2005-08-24,235,309
7106,2-309-FEUD FROGMEN,2005-07-27,2005-08-02,201,309
14005,2-309-FEUD FROGMEN,2005-08-20,2005-08-26,135,309
336,1-393-HALLOWEEN NUTS,2005-05-27,2005-05-29,275,393
3197,1-393-HALLOWEEN NUTS,2005-06-21,2005-06-23,362,393
4360,1-393-HALLOWEEN NUTS,2005-07-07,2005-07-10,92,393
8294,1-393-HALLOWEEN NUTS,2005-07-29,2005-08-02,520,393
15606,1-393-HALLOWEEN NUTS,2005-08-23,2005-08-28,279,393
593,1-393-HALLOWEEN NUTS,2005-05-28,2005-05-30,16,393
2629,1-393-HALLOWEEN NUTS,2005-06-19,2005-06-28,458,393
4839,1-393-HALLOWEEN NUTS,2005-07-08,2005-07-15,556,393
7322,1-393-HALLOWEEN NUTS,2005-07-27,2005-08-03,508,393
15588,1-393-HALLOWEEN NUTS,2005-08-23,2005-08-30,503,393
338,2-570-MERMAID INSECTS,2005-05-27,2005-06-01,165,570
2266,2-570-MERMAID INSECTS,2005-06-18,2005-06-20,452,570
3710,2-570-MERMAID INSECTS,2005-07-06,2005-07-15,228,570
9757,2-570-MERMAID INSECTS,2005-07-31,2005-08-01,408,570
14974,2-570-MERMAID INSECTS,2005-08-22,2005-08-27,157,570
1280,2-570-MERMAID INSECTS,2005-06-15,2005-06-21,266,570
3682,2-570-MERMAID INSECTS,2005-07-06,2005-07-14,98,570
10415,2-570-MERMAID INSECTS,2005-08-01,2005-08-04,591,570
13394,2-570-MERMAID INSECTS,2005-08-19,2005-08-21,45,570
4702,1-570-MERMAID INSECTS,2005-07-08,2005-07-10,56,570
7091,1-570-MERMAID INSECTS,2005-07-27,2005-07-31,322,570
11828,1-570-MERMAID INSECTS,2005-08-17,2005-08-24,268,570
9407,1-570-MERMAID INSECTS,2005-07-30,2005-08-08,585,570
14128,1-570-MERMAID INSECTS,2005-08-21,2005-08-21,81,570
9466,2-570-MERMAID INSECTS,2005-07-30,2005-08-07,137,570
14263,2-570-MERMAID INSECTS,2005-08-21,2005-08-29,533,570
339,2-526-LOCK REAR,2005-05-27,2005-06-04,516,526
2863,2-526-LOCK REAR,2005-06-19,2005-06-23,228,526
5460,2-526-LOCK REAR,2005-07-09,2005-07-12,38,526
11252,2-526-LOCK REAR,2005-08-02,2005-08-06,337,526
15531,2-526-LOCK REAR,2005-08-23,2005-08-25,355,526
1127,2-526-LOCK REAR,2005-05-31,2005-06-08,387,526
1868,2-526-LOCK REAR,2005-06-17,2005-06-25,380,526
4094,2-526-LOCK REAR,2005-07-07,2005-07-10,517,526
10888,2-526-LOCK REAR,2005-08-02,2005-08-03,428,526
12789,2-526-LOCK REAR,2005-08-19,2005-08-25,557,526
1630,2-526-LOCK REAR,2005-06-16,2005-06-19,130,526
6450,2-526-LOCK REAR,2005-07-12,2005-07-13,32,526
9535,2-526-LOCK REAR,2005-07-31,2005-08-04,485,526
13559,2-526-LOCK REAR,2005-08-20,2005-08-24,444,526
11118,2-526-LOCK REAR,2005-08-02,2005-08-05,15,526
11952,2-526-LOCK REAR,2005-08-17,2005-08-19,288,526
340,2-210-DARKO DORADO,2005-05-27,2005-06-04,209,210
2755,2-210-DARKO DORADO,2005-06-19,2005-06-27,506,210
5374,2-210-DARKO DORADO,2005-07-09,2005-07-16,144,210
9019,2-210-DARKO DORADO,2005-07-30,2005-08-03,235,210
13929,2-210-DARKO DORADO,2005-08-20,2005-08-28,57,210
5140,2-210-DARKO DORADO,2005-07-09,2005-07-11,303,210
10766,2-210-DARKO DORADO,2005-08-01,2005-08-04,420,210
15730,2-210-DARKO DORADO,2005-08-23,2005-08-30,147,210
5579,2-210-DARKO DORADO,2005-07-10,2005-07-14,203,210
8187,2-210-DARKO DORADO,2005-07-28,2005-08-03,87,210
11549,2-210-DARKO DORADO,2005-08-17,2005-08-19,402,210
341,2-906-TRAMP OTHERS,2005-05-27,2005-06-05,56,906
1555,2-906-TRAMP OTHERS,2005-06-16,2005-06-22,256,906
5337,2-906-TRAMP OTHERS,2005-07-09,2005-07-16,343,906
10397,2-906-TRAMP OTHERS,2005-08-01,2005-08-03,504,906
14468,2-906-TRAMP OTHERS,2005-08-21,2005-08-30,224,906
980,2-906-TRAMP OTHERS,2005-05-30,2005-06-01,273,906
3372,2-906-TRAMP OTHERS,2005-06-21,2005-06-27,346,906
4542,2-906-TRAMP OTHERS,2005-07-08,2005-07-16,293,906
10131,2-906-TRAMP OTHERS,2005-07-31,2005-08-04,510,906
13396,2-906-TRAMP OTHERS,2005-08-19,2005-08-23,517,906
2530,1-906-TRAMP OTHERS,2005-06-19,2005-06-23,31,906
3571,1-906-TRAMP OTHERS,2005-07-06,2005-07-11,580,906
10383,1-906-TRAMP OTHERS,2005-08-01,2005-08-03,592,906
14905,1-906-TRAMP OTHERS,2005-08-22,2005-08-26,286,906
4130,2-906-TRAMP OTHERS,2005-07-07,2005-07-11,256,906
7776,2-906-TRAMP OTHERS,2005-07-28,2005-08-01,385,906
15076,2-906-TRAMP OTHERS,2005-08-22,2005-08-27,287,906
6363,1-906-TRAMP OTHERS,2005-07-11,2005-07-20,344,906
9147,1-906-TRAMP OTHERS,2005-07-30,2005-08-02,394,906
12723,1-906-TRAMP OTHERS,2005-08-18,2005-08-22,430,906
344,2-505-LABYRINTH LEAGUE,2005-05-27,2005-05-29,236,505
2497,2-505-LABYRINTH LEAGUE,2005-06-18,2005-06-26,171,505
4711,2-505-LABYRINTH LEAGUE,2005-07-08,2005-07-12,563,505
7790,2-505-LABYRINTH LEAGUE,2005-07-28,2005-07-30,189,505
12609,2-505-LABYRINTH LEAGUE,2005-08-18,2005-08-20,486,505
842,2-505-LABYRINTH LEAGUE,2005-05-30,2005-06-01,238,505
2318,2-505-LABYRINTH LEAGUE,2005-06-18,2005-06-23,383,505
3536,2-505-LABYRINTH LEAGUE,2005-07-06,2005-07-12,339,505
10150,2-505-LABYRINTH LEAGUE,2005-07-31,2005-08-05,419,505
14941,2-505-LABYRINTH LEAGUE,2005-08-22,2005-08-28,574,505
5672,2-505-LABYRINTH LEAGUE,2005-07-10,2005-07-16,158,505
9302,2-505-LABYRINTH LEAGUE,2005-07-30,2005-07-31,55,505
15363,2-505-LABYRINTH LEAGUE,2005-08-22,2005-08-23,480,505
9228,2-505-LABYRINTH LEAGUE,2005-07-30,2005-08-05,91,505
15317,2-505-LABYRINTH LEAGUE,2005-08-22,2005-08-29,512,505
345,2-305-FATAL HAUNTED,2005-05-27,2005-05-31,144,305
1423,2-305-FATAL HAUNTED,2005-06-15,2005-06-24,592,305
4455,2-305-FATAL HAUNTED,2005-07-07,2005-07-08,507,305
7897,2-305-FATAL HAUNTED,2005-07-28,2005-07-31,75,305
15420,2-305-FATAL HAUNTED,2005-08-22,2005-08-31,161,305
914,1-305-FATAL HAUNTED,2005-05-30,2005-06-04,596,305
2622,1-305-FATAL HAUNTED,2005-06-19,2005-06-28,573,305
6295,1-305-FATAL HAUNTED,2005-07-11,2005-07-15,7,305
10087,1-305-FATAL HAUNTED,2005-07-31,2005-08-07,245,305
11686,1-305-FATAL HAUNTED,2005-08-17,2005-08-21,392,305
951,2-305-FATAL HAUNTED,2005-05-30,2005-05-31,59,305
2108,2-305-FATAL HAUNTED,2005-06-17,2005-06-25,503,305
4454,2-305-FATAL HAUNTED,2005-07-07,2005-07-11,9,305
10449,2-305-FATAL HAUNTED,2005-08-01,2005-08-05,213,305
14946,2-305-FATAL HAUNTED,2005-08-22,2005-08-28,308,305
1122,1-305-FATAL HAUNTED,2005-05-31,2005-06-04,180,305
3012,1-305-FATAL HAUNTED,2005-06-20,2005-06-28,206,305
5922,1-305-FATAL HAUNTED,2005-07-10,2005-07-16,271,305
10030,1-305-FATAL HAUNTED,2005-07-31,2005-08-03,325,305
13126,1-305-FATAL HAUNTED,2005-08-19,2005-08-28,253,305
2881,1-305-FATAL HAUNTED,2005-06-20,2005-06-26,307,305
5899,1-305-FATAL HAUNTED,2005-07-10,2005-07-13,388,305
7605,1-305-FATAL HAUNTED,2005-07-27,2005-08-03,576,305
13471,1-305-FATAL HAUNTED,2005-08-20,2005-08-25,296,305
7074,1-305-FATAL HAUNTED,2005-07-27,2005-07-28,165,305
12923,1-305-FATAL HAUNTED,2005-08-19,2005-08-22,531,305
8979,2-305-FATAL HAUNTED,2005-07-30,2005-08-08,529,305
11951,2-305-FATAL HAUNTED,2005-08-17,2005-08-26,155,305
347,2-355-GHOSTBUSTERS ELF,2005-05-27,2005-05-28,378,355
1344,2-355-GHOSTBUSTERS ELF,2005-06-15,2005-06-22,585,355
5044,2-355-GHOSTBUSTERS ELF,2005-07-09,2005-07-11,147,355
11435,2-355-GHOSTBUSTERS ELF,2005-08-02,2005-08-05,502,355
15743,2-355-GHOSTBUSTERS ELF,2005-08-23,2005-08-26,139,355
3198,2-355-GHOSTBUSTERS ELF,2005-06-21,2005-06-29,295,355
3524,2-355-GHOSTBUSTERS ELF,2005-07-06,2005-07-11,88,355
10158,2-355-GHOSTBUSTERS ELF,2005-07-31,2005-08-08,393,355
15773,2-355-GHOSTBUSTERS ELF,2005-08-23,2005-08-31,189,355
350,2-604-MULAN MOON,2005-05-27,2005-06-04,9,604
2418,2-604-MULAN MOON,2005-06-18,2005-06-26,381,604
4836,2-604-MULAN MOON,2005-07-08,2005-07-15,311,604
7624,2-604-MULAN MOON,2005-07-28,2005-07-30,415,604
11971,2-604-MULAN MOON,2005-08-17,2005-08-18,131,604
1685,2-604-MULAN MOON,2005-06-16,2005-06-21,85,604
4410,2-604-MULAN MOON,2005-07-07,2005-07-09,584,604
8469,2-604-MULAN MOON,2005-07-29,2005-08-05,408,604
15314,2-604-MULAN MOON,2006-02-14,,412,604
3034,2-604-MULAN MOON,2005-06-20,2005-06-24,296,604
6164,2-604-MULAN MOON,2005-07-11,2005-07-14,47,604
10268,2-604-MULAN MOON,2005-08-01,2005-08-08,138,604
14723,2-604-MULAN MOON,2005-08-21,2005-08-31,548,604
351,2-739-ROCKY WAR,2005-05-27,2005-06-01,118,739
2787,2-739-ROCKY WAR,2005-06-19,2005-06-22,307,739
5935,2-739-ROCKY WAR,2005-07-10,2005-07-19,258,739
8457,2-739-ROCKY WAR,2005-07-29,2005-08-04,239,739
14149,2-739-ROCKY WAR,2005-08-21,2005-08-24,518,739
515,1-739-ROCKY WAR,2005-05-28,2005-06-04,110,739
2191,1-739-ROCKY WAR,2005-06-18,2005-06-19,58,739
6466,1-739-ROCKY WAR,2005-07-12,2005-07-14,235,739
8393,1-739-ROCKY WAR,2005-07-29,2005-08-07,504,739
13736,1-739-ROCKY WAR,2005-08-20,2005-08-28,32,739
5565,1-739-ROCKY WAR,2005-07-10,2005-07-17,14,739
9632,1-739-ROCKY WAR,2005-07-31,2005-08-06,217,739
15332,1-739-ROCKY WAR,2005-08-22,2005-08-24,162,739
9104,2-739-ROCKY WAR,2005-07-30,2005-08-06,322,739
9615,2-739-ROCKY WAR,2005-07-31,2005-08-02,50,739
14831,2-739-ROCKY WAR,2005-08-22,2005-08-23,156,739
354,1-447-ICE CROSSING,2005-05-27,2005-06-01,452,447
1800,1-447-ICE CROSSING,2005-06-16,2005-06-20,149,447
4725,1-447-ICE CROSSING,2005-07-08,2005-07-15,3,447
6938,1-447-ICE CROSSING,2005-07-26,2005-08-05,427,447
15459,1-447-ICE CROSSING,2005-08-23,2005-08-24,346,447
479,1-447-ICE CROSSING,2005-05-27,2005-06-05,231,447
2215,1-447-ICE CROSSING,2005-06-18,2005-06-22,239,447
4893,1-447-ICE CROSSING,2005-07-08,2005-07-15,210,447
11256,1-447-ICE CROSSING,2005-08-02,2005-08-04,2,447
12906,1-447-ICE CROSSING,2005-08-19,2005-08-20,401,447
3245,1-447-ICE CROSSING,2005-06-21,2005-06-25,358,447
4930,1-447-ICE CROSSING,2005-07-08,2005-07-15,451,447
9401,1-447-ICE CROSSING,2005-07-30,2005-08-07,331,447
14532,1-447-ICE CROSSING,2005-08-21,2005-08-25,37,447
3803,2-447-ICE CROSSING,2005-07-06,2005-07-08,494,447
10258,2-447-ICE CROSSING,2005-08-01,2005-08-08,469,447
12005,2-447-ICE CROSSING,2005-08-17,2005-08-25,403,447
4995,2-447-ICE CROSSING,2005-07-09,2005-07-13,247,447
9351,2-447-ICE CROSSING,2005-07-30,2005-08-02,107,447
14368,2-447-ICE CROSSING,2005-08-21,2005-08-30,351,447
10791,2-447-ICE CROSSING,2005-08-01,2005-08-04,338,447
11958,2-447-ICE CROSSING,2005-08-17,2005-08-24,217,447
11165,1-447-ICE CROSSING,2005-08-02,2005-08-04,513,447
15491,1-447-ICE CROSSING,2005-08-23,2005-08-23,28,447
356,2-628-NORTHWEST POLISH,2005-05-27,2005-05-30,382,628
2416,2-628-NORTHWEST POLISH,2005-06-18,2005-06-24,26,628
3902,2-628-NORTHWEST POLISH,2005-07-06,2005-07-10,192,628
7493,2-628-NORTHWEST POLISH,2005-07-27,2005-08-02,177,628
13769,2-628-NORTHWEST POLISH,2005-08-20,2005-08-28,56,628
866,2-628-NORTHWEST POLISH,2005-05-30,2005-06-08,8,628
2071,2-628-NORTHWEST POLISH,2005-06-17,2005-06-23,479,628
4484,2-628-NORTHWEST POLISH,2005-07-08,2005-07-16,306,628
10839,2-628-NORTHWEST POLISH,2005-08-01,2005-08-02,482,628
15981,2-628-NORTHWEST POLISH,2005-08-23,2005-08-30,489,628
2440,1-628-NORTHWEST POLISH,2005-06-18,2005-06-22,380,628
5183,1-628-NORTHWEST POLISH,2005-07-09,2005-07-16,394,628
7047,1-628-NORTHWEST POLISH,2005-07-27,2005-08-03,236,628
13476,1-628-NORTHWEST POLISH,2005-08-20,2005-08-24,7,628
4098,1-628-NORTHWEST POLISH,2005-07-07,2005-07-14,35,628
10094,1-628-NORTHWEST POLISH,2005-07-31,2005-08-06,596,628
15841,1-628-NORTHWEST POLISH,2005-08-23,2005-08-30,571,628
5486,1-628-NORTHWEST POLISH,2005-07-09,2005-07-14,538,628
10260,1-628-NORTHWEST POLISH,2005-08-01,2005-08-05,461,628
13248,1-628-NORTHWEST POLISH,2005-08-19,2005-08-28,559,628
357,1-966-WEDDING APOLLO,2005-05-27,2005-05-30,198,966
3258,1-966-WEDDING APOLLO,2005-06-21,2005-06-22,241,966
5069,1-966-WEDDING APOLLO,2005-07-09,2005-07-13,183,966
7562,1-966-WEDDING APOLLO,2005-07-27,2005-08-01,366,966
13590,1-966-WEDDING APOLLO,2005-08-20,2005-08-25,264,966
374,2-966-WEDDING APOLLO,2005-05-27,2005-06-05,337,966
2432,2-966-WEDDING APOLLO,2005-06-18,2005-06-25,250,966
5322,2-966-WEDDING APOLLO,2005-07-09,2005-07-18,432,966
7426,2-966-WEDDING APOLLO,2005-07-27,2005-07-29,239,966
14176,2-966-WEDDING APOLLO,2005-08-21,2005-08-26,556,966
811,2-966-WEDDING APOLLO,2005-05-29,2005-06-02,401,966
2239,2-966-WEDDING APOLLO,2005-06-18,2005-06-26,437,966
6698,2-966-WEDDING APOLLO,2005-07-12,2005-07-16,64,966
7189,2-966-WEDDING APOLLO,2005-07-27,2005-07-30,151,966
13580,2-966-WEDDING APOLLO,2005-08-20,2005-08-23,526,966
2932,2-966-WEDDING APOLLO,2005-06-20,2005-06-29,526,966
5255,2-966-WEDDING APOLLO,2005-07-09,2005-07-17,313,966
7282,2-966-WEDDING APOLLO,2005-07-27,2005-08-04,276,966
12378,2-966-WEDDING APOLLO,2005-08-18,2005-08-19,266,966
5299,1-966-WEDDING APOLLO,2005-07-09,2005-07-15,469,966
7004,1-966-WEDDING APOLLO,2005-07-27,2005-08-03,314,966
15894,1-966-WEDDING APOLLO,2006-02-14,,168,966
9190,2-966-WEDDING APOLLO,2005-07-30,2005-08-03,177,966
12594,2-966-WEDDING APOLLO,2005-08-18,2005-08-25,198,966
358,1-418-HOBBIT ALIEN,2005-05-27,2005-05-29,102,418
2196,1-418-HOBBIT ALIEN,2005-06-18,2005-06-26,240,418
5160,1-418-HOBBIT ALIEN,2005-07-09,2005-07-18,467,418
11163,1-418-HOBBIT ALIEN,2005-08-02,2005-08-05,505,418
12611,1-418-HOBBIT ALIEN,2005-08-18,2005-08-24,359,418
808,2-418-HOBBIT ALIEN,2005-05-29,2005-06-06,104,418
2643,2-418-HOBBIT ALIEN,2005-06-19,2005-06-26,318,418
4734,2-418-HOBBIT ALIEN,2005-07-08,2005-07-10,546,418
10972,2-418-HOBBIT ALIEN,2005-08-02,2005-08-09,348,418
13692,2-418-HOBBIT ALIEN,2005-08-20,2005-08-21,65,418
1018,2-418-HOBBIT ALIEN,2005-05-31,2005-06-03,594,418
2129,2-418-HOBBIT ALIEN,2005-06-17,2005-06-23,249,418
4099,2-418-HOBBIT ALIEN,2005-07-07,2005-07-16,76,418
7129,2-418-HOBBIT ALIEN,2005-07-27,2005-07-28,221,418
15131,2-418-HOBBIT ALIEN,2005-08-22,2005-08-30,119,418
1225,2-418-HOBBIT ALIEN,2005-06-15,2005-06-19,434,418
3569,2-418-HOBBIT ALIEN,2005-07-06,2005-07-14,496,418
7136,2-418-HOBBIT ALIEN,2005-07-27,2005-08-03,6,418
14019,2-418-HOBBIT ALIEN,2005-08-20,2005-08-28,202,418
1483,1-418-HOBBIT ALIEN,2005-06-15,2005-06-24,242,418
4343,1-418-HOBBIT ALIEN,2005-07-07,2005-07-12,293,418
11123,1-418-HOBBIT ALIEN,2005-08-02,2005-08-09,150,418
14555,1-418-HOBBIT ALIEN,2005-08-21,2005-08-23,440,418
2644,1-418-HOBBIT ALIEN,2005-06-19,2005-06-27,309,418
4716,1-418-HOBBIT ALIEN,2005-07-08,2005-07-11,391,418
7931,1-418-HOBBIT ALIEN,2005-07-28,2005-08-06,326,418
11721,1-418-HOBBIT ALIEN,2005-08-17,2005-08-18,46,418
9819,2-418-HOBBIT ALIEN,2005-07-31,2005-08-06,292,418
13755,2-418-HOBBIT ALIEN,2005-08-20,2005-08-27,342,418
10533,1-418-HOBBIT ALIEN,2005-08-01,2005-08-09,593,418
11957,1-418-HOBBIT ALIEN,2005-08-17,2005-08-23,198,418
359,1-255-DRIVING POLISH,2005-05-27,2005-05-29,152,255
3227,1-255-DRIVING POLISH,2005-06-21,2005-06-27,568,255
4687,1-255-DRIVING POLISH,2005-07-08,2005-07-10,169,255
9332,1-255-DRIVING POLISH,2005-07-30,2005-08-02,480,255
14751,1-255-DRIVING POLISH,2005-08-21,2005-08-30,195,255
927,2-255-DRIVING POLISH,2005-05-30,2005-05-31,167,255
2137,2-255-DRIVING POLISH,2005-06-17,2005-06-20,581,255
4172,2-255-DRIVING POLISH,2005-07-07,2005-07-11,309,255
7593,2-255-DRIVING POLISH,2005-07-27,2005-08-02,436,255
13993,2-255-DRIVING POLISH,2005-08-20,2005-08-26,93,255
1329,1-255-DRIVING POLISH,2005-06-15,2005-06-17,359,255
6268,1-255-DRIVING POLISH,2005-07-11,2005-07-19,125,255
9102,1-255-DRIVING POLISH,2005-07-30,2005-08-04,276,255
14757,1-255-DRIVING POLISH,2005-08-21,2005-08-26,473,255
4868,2-255-DRIVING POLISH,2005-07-08,2005-07-14,307,255
10988,2-255-DRIVING POLISH,2005-08-02,2005-08-09,509,255
12740,2-255-DRIVING POLISH,2005-08-18,2005-08-23,330,255
7391,1-255-DRIVING POLISH,2005-07-27,2005-08-04,531,255
15323,1-255-DRIVING POLISH,2005-08-22,2005-08-26,178,255
11396,1-255-DRIVING POLISH,2005-08-02,2005-08-04,59,255
13492,1-255-DRIVING POLISH,2005-08-20,2005-08-29,462,255
360,2-764-SATURDAY LAMBS,2005-05-27,2005-06-03,594,764
3451,2-764-SATURDAY LAMBS,2005-06-21,2005-06-30,558,764
3622,2-764-SATURDAY LAMBS,2005-07-06,2005-07-12,454,764
8150,2-764-SATURDAY LAMBS,2005-07-28,2005-08-02,497,764
12849,2-764-SATURDAY LAMBS,2005-08-19,2005-08-23,280,764
1080,2-764-SATURDAY LAMBS,2005-05-31,2005-06-03,215,764
3263,2-764-SATURDAY LAMBS,2005-06-21,2005-06-24,118,764
5298,2-764-SATURDAY LAMBS,2005-07-09,2005-07-18,149,764
8425,2-764-SATURDAY LAMBS,2005-07-29,2005-08-05,486,764
15962,2-764-SATURDAY LAMBS,2005-08-23,2005-08-25,160,764
2226,1-764-SATURDAY LAMBS,2005-06-18,2005-06-24,225,764
4900,1-764-SATURDAY LAMBS,2005-07-08,2005-07-09,426,764
10777,1-764-SATURDAY LAMBS,2005-08-01,2005-08-06,493,764
15811,1-764-SATURDAY LAMBS,2005-08-23,2005-08-27,300,764
4611,1-764-SATURDAY LAMBS,2005-07-08,2005-07-12,1,764
9710,1-764-SATURDAY LAMBS,2005-07-31,2005-08-09,380,764
11794,1-764-SATURDAY LAMBS,2005-08-17,2005-08-20,453,764
4648,2-764-SATURDAY LAMBS,2005-07-08,2005-07-13,444,764
10420,2-764-SATURDAY LAMBS,2005-08-01,2005-08-06,354,764
13147,2-764-SATURDAY LAMBS,2005-08-19,2005-08-22,37,764
5451,1-764-SATURDAY LAMBS,2005-07-09,2005-07-11,39,764
9411,1-764-SATURDAY LAMBS,2005-07-30,2005-08-06,536,764
14034,1-764-SATURDAY LAMBS,2005-08-20,2005-08-29,200,764
6100,1-764-SATURDAY LAMBS,2005-07-11,2005-07-14,16,764
10057,1-764-SATURDAY LAMBS,2005-07-31,2005-08-08,230,764
15045,1-764-SATURDAY LAMBS,2005-08-22,2005-08-26,161,764
9837,2-764-SATURDAY LAMBS,2005-07-31,2005-08-09,573,764
14776,2-764-SATURDAY LAMBS,2005-08-21,2005-08-24,15,764
361,2-1-ACADEMY DINOSAUR,2005-05-27,2005-05-31,587,1
3201,2-1-ACADEMY DINOSAUR,2005-06-21,2005-06-28,597,1
4390,2-1-ACADEMY DINOSAUR,2005-07-07,2005-07-09,44,1
7168,2-1-ACADEMY DINOSAUR,2005-07-27,2005-08-01,252,1
14098,2-1-ACADEMY DINOSAUR,2005-08-21,,554,1
972,1-1-ACADEMY DINOSAUR,2005-05-30,2005-06-06,411,1
2117,1-1-ACADEMY DINOSAUR,2005-06-17,2005-06-23,170,1
4187,1-1-ACADEMY DINOSAUR,2005-07-07,2005-07-11,161,1
9449,1-1-ACADEMY DINOSAUR,2005-07-30,2005-08-06,581,1
15453,1-1-ACADEMY DINOSAUR,2005-08-23,2005-08-30,359,1
1210,2-1-ACADEMY DINOSAUR,2005-06-15,2005-06-20,345,1
5766,2-1-ACADEMY DINOSAUR,2005-07-10,2005-07-16,406,1
8510,2-1-ACADEMY DINOSAUR,2005-07-29,2005-08-05,487,1
14798,2-1-ACADEMY DINOSAUR,2005-08-22,2005-08-27,92,1
4863,1-1-ACADEMY DINOSAUR,2005-07-08,2005-07-11,431,1
11433,1-1-ACADEMY DINOSAUR,2005-08-02,2005-08-11,518,1
14714,1-1-ACADEMY DINOSAUR,2005-08-21,2005-08-30,279,1
10126,1-1-ACADEMY DINOSAUR,2005-07-31,2005-08-03,39,1
15421,1-1-ACADEMY DINOSAUR,2005-08-22,2005-08-25,541,1
10141,2-1-ACADEMY DINOSAUR,2005-07-31,2005-08-06,8,1
12651,2-1-ACADEMY DINOSAUR,2005-08-18,2005-08-22,34,1
10883,1-1-ACADEMY DINOSAUR,2005-08-02,2005-08-03,301,1
14624,1-1-ACADEMY DINOSAUR,2005-08-21,2005-08-23,344,1
362,2-504-KWAI HOMEWARD,2005-05-27,2005-06-01,147,504
1230,2-504-KWAI HOMEWARD,2005-06-15,2005-06-16,447,504
5617,2-504-KWAI HOMEWARD,2005-07-10,2005-07-12,342,504
7184,2-504-KWAI HOMEWARD,2005-07-27,2005-08-02,457,504
14150,2-504-KWAI HOMEWARD,2005-08-21,2005-08-25,161,504
1043,1-504-KWAI HOMEWARD,2005-05-31,2005-06-08,412,504
2974,1-504-KWAI HOMEWARD,2005-06-20,2005-06-25,472,504
4584,1-504-KWAI HOMEWARD,2005-07-08,2005-07-11,368,504
9262,1-504-KWAI HOMEWARD,2005-07-30,2005-08-05,349,504
14922,1-504-KWAI HOMEWARD,2005-08-22,2005-08-30,151,504
2333,2-504-KWAI HOMEWARD,2005-06-18,2005-06-25,283,504
5784,2-504-KWAI HOMEWARD,2005-07-10,2005-07-16,422,504
8853,2-504-KWAI HOMEWARD,2005-07-29,2005-07-31,58,504
12807,2-504-KWAI HOMEWARD,2005-08-19,2005-08-28,513,504
3275,1-504-KWAI HOMEWARD,2005-06-21,2005-06-30,368,504
6564,1-504-KWAI HOMEWARD,2005-07-12,2005-07-18,210,504
9233,1-504-KWAI HOMEWARD,2005-07-30,2005-08-07,357,504
14979,1-504-KWAI HOMEWARD,2005-08-22,2005-08-24,387,504
5489,1-504-KWAI HOMEWARD,2005-07-10,2005-07-15,490,504
7657,1-504-KWAI HOMEWARD,2005-07-28,2005-08-04,518,504
15300,1-504-KWAI HOMEWARD,2005-08-22,2005-08-25,399,504
8864,1-504-KWAI HOMEWARD,2005-07-29,2005-07-30,167,504
11893,1-504-KWAI HOMEWARD,2005-08-17,2005-08-25,496,504
364,1-182-CONTROL ANTHEM,2005-05-27,2005-05-31,430,182
2230,1-182-CONTROL ANTHEM,2005-06-18,2005-06-25,256,182
6135,1-182-CONTROL ANTHEM,2005-07-11,2005-07-17,325,182
11183,1-182-CONTROL ANTHEM,2005-08-02,2005-08-04,102,182
12680,1-182-CONTROL ANTHEM,2005-08-18,2005-08-27,259,182
7663,1-182-CONTROL ANTHEM,2005-07-28,2005-07-30,470,182
15241,1-182-CONTROL ANTHEM,2005-08-22,2005-08-29,337,182
365,2-634-ODDS BOOGIE,2005-05-27,2005-06-04,167,634
2445,2-634-ODDS BOOGIE,2005-06-18,2005-06-23,98,634
6680,2-634-ODDS BOOGIE,2005-07-12,2005-07-16,43,634
7564,2-634-ODDS BOOGIE,2005-07-27,2005-08-01,291,634
15790,2-634-ODDS BOOGIE,2005-08-23,2005-08-30,233,634
625,2-634-ODDS BOOGIE,2005-05-28,2005-06-01,596,634
2604,2-634-ODDS BOOGIE,2005-06-19,2005-06-25,28,634
4053,2-634-ODDS BOOGIE,2005-07-07,2005-07-09,377,634
11219,2-634-ODDS BOOGIE,2005-08-02,2005-08-08,461,634
13957,2-634-ODDS BOOGIE,2005-08-20,2005-08-23,179,634
5722,2-634-ODDS BOOGIE,2005-07-10,2005-07-12,556,634
7583,2-634-ODDS BOOGIE,2005-07-27,2005-08-04,198,634
14819,2-634-ODDS BOOGIE,2005-08-22,2005-08-30,410,634
7395,2-634-ODDS BOOGIE,2005-07-27,2005-07-31,411,634
14973,2-634-ODDS BOOGIE,2005-08-22,2005-08-30,201,634
366,1-79-BLADE POLISH,2005-05-27,2005-06-04,134,79
1669,1-79-BLADE POLISH,2005-06-16,2005-06-18,73,79
4395,1-79-BLADE POLISH,2005-07-07,2005-07-08,544,79
9664,1-79-BLADE POLISH,2005-07-31,2005-08-04,13,79
13085,1-79-BLADE POLISH,2005-08-19,2005-08-22,215,79
874,2-79-BLADE POLISH,2005-05-30,2005-06-01,52,79
1392,2-79-BLADE POLISH,2005-06-15,2005-06-16,460,79
3863,2-79-BLADE POLISH,2005-07-06,2005-07-07,481,79
9608,2-79-BLADE POLISH,2005-07-31,2005-08-06,397,79
15497,2-79-BLADE POLISH,2006-02-14,,107,79
1273,2-79-BLADE POLISH,2005-06-15,2005-06-21,530,79
4504,2-79-BLADE POLISH,2005-07-08,2005-07-12,422,79
8141,2-79-BLADE POLISH,2005-07-28,2005-07-30,523,79
12123,2-79-BLADE POLISH,2005-08-17,2005-08-19,497,79
5880,1-79-BLADE POLISH,2005-07-10,2005-07-17,482,79
9809,1-79-BLADE POLISH,2005-07-31,2005-08-08,286,79
12606,1-79-BLADE POLISH,2005-08-18,2005-08-24,275,79
6808,2-79-BLADE POLISH,2005-07-12,2005-07-18,263,79
9684,2-79-BLADE POLISH,2005-07-31,2005-08-01,591,79
15465,2-79-BLADE POLISH,2005-08-23,2005-08-28,520,79
9175,1-79-BLADE POLISH,2005-07-30,2005-08-02,133,79
15023,1-79-BLADE POLISH,2005-08-22,2005-08-29,296,79
367,2-753-RUSH GOODFELLAS,2005-05-27,2005-05-30,439,753
2890,2-753-RUSH GOODFELLAS,2005-06-20,2005-06-27,392,753
4320,2-753-RUSH GOODFELLAS,2005-07-07,2005-07-13,376,753
11407,2-753-RUSH GOODFELLAS,2005-08-02,2005-08-08,513,753
12865,2-753-RUSH GOODFELLAS,2005-08-19,2005-08-21,460,753
647,2-753-RUSH GOODFELLAS,2005-05-28,2005-06-01,569,753
1797,2-753-RUSH GOODFELLAS,2005-06-16,2005-06-22,275,753
5400,2-753-RUSH GOODFELLAS,2005-07-09,2005-07-14,192,753
8196,2-753-RUSH GOODFELLAS,2005-07-28,2005-08-06,21,753
12082,2-753-RUSH GOODFELLAS,2005-08-17,2005-08-24,521,753
2762,1-753-RUSH GOODFELLAS,2005-06-19,2005-06-25,457,753
4089,1-753-RUSH GOODFELLAS,2005-07-07,2005-07-16,102,753
11423,1-753-RUSH GOODFELLAS,2005-08-02,2005-08-06,241,753
13003,1-753-RUSH GOODFELLAS,2005-08-19,2005-08-23,451,753
3311,2-753-RUSH GOODFELLAS,2005-06-21,2005-06-22,518,753
5003,2-753-RUSH GOODFELLAS,2005-07-09,2005-07-10,569,753
7803,2-753-RUSH GOODFELLAS,2005-07-28,2005-08-03,449,753
13515,2-753-RUSH GOODFELLAS,2005-08-20,2005-08-23,194,753
3463,2-753-RUSH GOODFELLAS,2005-06-21,2005-06-22,96,753
4430,2-753-RUSH GOODFELLAS,2005-07-07,2005-07-14,278,753
8633,2-753-RUSH GOODFELLAS,2005-07-29,2005-08-01,534,753
15061,2-753-RUSH GOODFELLAS,2005-08-22,2005-08-24,90,753
3640,1-753-RUSH GOODFELLAS,2005-07-06,2005-07-10,271,753
9767,1-753-RUSH GOODFELLAS,2005-07-31,2005-08-03,89,753
13866,1-753-RUSH GOODFELLAS,2005-08-20,2005-08-23,343,753
5297,1-753-RUSH GOODFELLAS,2005-07-09,2005-07-14,202,753
8136,1-753-RUSH GOODFELLAS,2005-07-28,2005-08-01,429,753
14923,1-753-RUSH GOODFELLAS,2005-08-22,2005-08-28,460,753
6683,1-753-RUSH GOODFELLAS,2005-07-12,2005-07-17,244,753
7561,1-753-RUSH GOODFELLAS,2005-07-27,2005-08-04,291,753
14660,1-753-RUSH GOODFELLAS,2005-08-21,2005-08-22,452,753
368,2-275-EGYPT TENENBAUMS,2005-05-27,2005-06-04,361,275
2847,2-275-EGYPT TENENBAUMS,2005-06-19,2005-06-27,148,275
4416,2-275-EGYPT TENENBAUMS,2005-07-07,2005-07-09,290,275
7755,2-275-EGYPT TENENBAUMS,2005-07-28,2005-08-06,449,275
14542,2-275-EGYPT TENENBAUMS,2005-08-21,2005-08-27,101,275
2205,1-275-EGYPT TENENBAUMS,2005-06-18,2005-06-25,593,275
3998,1-275-EGYPT TENENBAUMS,2005-07-06,2005-07-12,566,275
11452,1-275-EGYPT TENENBAUMS,2005-08-02,2005-08-12,35,275
15268,1-275-EGYPT TENENBAUMS,2005-08-22,2005-08-26,301,275
4378,1-275-EGYPT TENENBAUMS,2005-07-07,2005-07-12,24,275
8110,1-275-EGYPT TENENBAUMS,2005-07-28,2005-08-04,225,275
14231,1-275-EGYPT TENENBAUMS,2005-08-21,2005-08-23,307,275
6271,1-275-EGYPT TENENBAUMS,2005-07-11,2005-07-20,467,275
9855,1-275-EGYPT TENENBAUMS,2005-07-31,2005-08-03,326,275
12817,1-275-EGYPT TENENBAUMS,2005-08-19,2005-08-25,113,275
9568,2-275-EGYPT TENENBAUMS,2005-07-31,2005-08-02,358,275
11512,2-275-EGYPT TENENBAUMS,2005-08-16,2005-08-26,373,275
369,1-209-DARKNESS WAR,2005-05-27,2005-06-01,508,209
2716,1-209-DARKNESS WAR,2005-06-19,2005-06-27,252,209
4404,1-209-DARKNESS WAR,2005-07-07,2005-07-13,25,209
9195,1-209-DARKNESS WAR,2005-07-30,2005-08-04,440,209
13158,1-209-DARKNESS WAR,2005-08-19,2005-08-25,327,209
5813,1-209-DARKNESS WAR,2005-07-10,2005-07-17,512,209
7261,1-209-DARKNESS WAR,2005-07-27,2005-07-28,172,209
13388,1-209-DARKNESS WAR,2005-08-19,2005-08-27,317,209
6266,1-209-DARKNESS WAR,2005-07-11,2005-07-15,397,209
11229,1-209-DARKNESS WAR,2005-08-02,2005-08-11,332,209
14796,1-209-DARKNESS WAR,2005-08-22,2005-08-30,441,209
10886,1-209-DARKNESS WAR,2005-08-02,2005-08-08,77,209
12195,1-209-DARKNESS WAR,2005-08-18,2005-08-19,347,209
371,2-273-EFFECT GLADIATOR,2005-05-27,2005-06-05,295,273
3256,2-273-EFFECT GLADIATOR,2005-06-21,2005-06-30,319,273
3929,2-273-EFFECT GLADIATOR,2005-07-06,2005-07-12,453,273
7737,2-273-EFFECT GLADIATOR,2005-07-28,2005-08-04,494,273
13811,2-273-EFFECT GLADIATOR,2005-08-20,2005-08-24,168,273
611,1-273-EFFECT GLADIATOR,2005-05-28,2005-05-31,580,273
2781,1-273-EFFECT GLADIATOR,2005-06-19,2005-06-27,197,273
5841,1-273-EFFECT GLADIATOR,2005-07-10,2005-07-18,525,273
9437,1-273-EFFECT GLADIATOR,2005-07-30,2005-08-08,592,273
11934,1-273-EFFECT GLADIATOR,2005-08-17,2005-08-20,596,273
954,1-273-EFFECT GLADIATOR,2005-05-30,2005-06-08,297,273
2080,1-273-EFFECT GLADIATOR,2005-06-17,2005-06-21,476,273
3652,1-273-EFFECT GLADIATOR,2005-07-06,2005-07-08,518,273
9324,1-273-EFFECT GLADIATOR,2005-07-30,2005-08-06,332,273
14361,1-273-EFFECT GLADIATOR,2006-02-14,,191,273
1813,2-273-EFFECT GLADIATOR,2005-06-16,2005-06-24,259,273
4440,2-273-EFFECT GLADIATOR,2005-07-07,2005-07-08,507,273
7461,2-273-EFFECT GLADIATOR,2005-07-27,2005-07-29,476,273
13892,2-273-EFFECT GLADIATOR,2005-08-20,2005-08-29,337,273
8810,1-273-EFFECT GLADIATOR,2005-07-29,2005-08-08,431,273
15064,1-273-EFFECT GLADIATOR,2005-08-22,2005-08-28,425,273
9159,2-273-EFFECT GLADIATOR,2005-07-30,2005-08-03,217,273
12411,2-273-EFFECT GLADIATOR,2005-08-18,2005-08-21,181,273
10239,1-273-EFFECT GLADIATOR,2005-08-01,2005-08-04,467,273
14767,1-273-EFFECT GLADIATOR,2005-08-21,2005-08-29,69,273
372,1-891-TIMBERLAND SKY,2005-05-27,2005-06-04,510,891
2831,1-891-TIMBERLAND SKY,2005-06-19,2005-06-22,468,891
6777,1-891-TIMBERLAND SKY,2005-07-12,2005-07-20,351,891
9904,1-891-TIMBERLAND SKY,2005-07-31,2005-08-08,428,891
13709,1-891-TIMBERLAND SKY,2005-08-20,2005-08-23,422,891
405,2-891-TIMBERLAND SKY,2005-05-27,2005-06-05,272,891
2105,2-891-TIMBERLAND SKY,2005-06-17,2005-06-20,57,891
4867,2-891-TIMBERLAND SKY,2005-07-08,2005-07-09,593,891
9462,2-891-TIMBERLAND SKY,2005-07-30,2005-08-09,192,891
15447,2-891-TIMBERLAND SKY,2005-08-23,2005-08-29,331,891
518,1-891-TIMBERLAND SKY,2005-05-28,2005-05-30,480,891
3469,1-891-TIMBERLAND SKY,2005-06-21,2005-06-28,181,891
6250,1-891-TIMBERLAND SKY,2005-07-11,2005-07-17,458,891
7274,1-891-TIMBERLAND SKY,2005-07-27,2005-08-01,180,891
14218,1-891-TIMBERLAND SKY,2005-08-21,2005-08-27,104,891
725,1-891-TIMBERLAND SKY,2005-05-29,2005-06-03,245,891
1551,1-891-TIMBERLAND SKY,2005-06-16,2005-06-22,268,891
6017,1-891-TIMBERLAND SKY,2005-07-11,2005-07-14,596,891
9296,1-891-TIMBERLAND SKY,2005-07-30,2005-08-08,2,891
2135,2-891-TIMBERLAND SKY,2005-06-17,2005-06-19,39,891
5051,2-891-TIMBERLAND SKY,2005-07-09,2005-07-16,85,891
7439,2-891-TIMBERLAND SKY,2005-07-27,2005-08-05,102,891
14719,2-891-TIMBERLAND SKY,2005-08-21,2005-08-25,599,891
2777,2-891-TIMBERLAND SKY,2005-06-19,2005-06-20,230,891
3914,2-891-TIMBERLAND SKY,2005-07-06,2005-07-14,159,891
8286,2-891-TIMBERLAND SKY,2005-07-29,2005-08-06,87,891
12593,2-891-TIMBERLAND SKY,2005-08-18,2005-08-21,72,891
3175,2-891-TIMBERLAND SKY,2005-06-20,2005-06-30,249,891
6484,2-891-TIMBERLAND SKY,2005-07-12,2005-07-17,556,891
8891,2-891-TIMBERLAND SKY,2005-07-30,2005-08-06,435,891
14977,2-891-TIMBERLAND SKY,2005-08-22,2005-08-30,59,891
373,1-360-GLASS DYING,2005-05-27,2005-06-01,464,360
2655,1-360-GLASS DYING,2005-06-19,2005-06-23,29,360
3796,1-360-GLASS DYING,2005-07-06,2005-07-07,228,360
7363,1-360-GLASS DYING,2005-07-27,2005-08-05,407,360
11535,1-360-GLASS DYING,2005-08-17,2005-08-24,356,360
635,1-360-GLASS DYING,2005-05-28,2005-06-06,42,360
1591,1-360-GLASS DYING,2005-06-16,2005-06-25,83,360
5837,1-360-GLASS DYING,2005-07-10,2005-07-18,478,360
11359,1-360-GLASS DYING,2005-08-02,2005-08-10,466,360
15854,1-360-GLASS DYING,2005-08-23,2005-08-26,464,360
9668,1-360-GLASS DYING,2005-07-31,2005-08-07,378,360
13433,1-360-GLASS DYING,2005-08-19,2005-08-22,171,360
10621,1-360-GLASS DYING,2005-08-01,2005-08-04,172,360
12311,1-360-GLASS DYING,2005-08-18,2005-08-21,211,360
375,1-394-HAMLET WISDOM,2005-05-27,2005-06-04,306,394
1864,1-394-HAMLET WISDOM,2005-06-17,2005-06-24,130,394
5762,1-394-HAMLET WISDOM,2005-07-10,2005-07-18,217,394
10062,1-394-HAMLET WISDOM,2005-07-31,2005-08-03,333,394
13091,1-394-HAMLET WISDOM,2005-08-19,2005-08-23,127,394
556,1-394-HAMLET WISDOM,2005-05-28,2005-06-06,22,394
3432,1-394-HAMLET WISDOM,2005-06-21,2005-06-25,216,394
3819,1-394-HAMLET WISDOM,2005-07-06,2005-07-14,74,394
8015,1-394-HAMLET WISDOM,2005-07-28,2005-07-30,23,394
12779,1-394-HAMLET WISDOM,2005-08-18,2005-08-26,325,394
7216,1-394-HAMLET WISDOM,2005-07-27,2005-08-03,292,394
11559,1-394-HAMLET WISDOM,2005-08-17,2005-08-24,385,394
10984,1-394-HAMLET WISDOM,2005-08-02,2005-08-10,450,394
13735,1-394-HAMLET WISDOM,2005-08-20,2005-08-26,35,394
377,1-661-PAST SUICIDES,2005-05-27,2005-06-02,170,661
2875,1-661-PAST SUICIDES,2005-06-20,2005-06-25,186,661
4701,1-661-PAST SUICIDES,2005-07-08,2005-07-13,522,661
11064,1-661-PAST SUICIDES,2005-08-02,2005-08-06,338,661
11990,1-661-PAST SUICIDES,2005-08-17,2005-08-19,17,661
3476,1-661-PAST SUICIDES,2005-07-05,2005-07-10,490,661
10144,1-661-PAST SUICIDES,2005-07-31,2005-08-05,49,661
12710,1-661-PAST SUICIDES,2005-08-18,2005-08-26,310,661
6118,1-661-PAST SUICIDES,2005-07-11,2005-07-20,13,661
9637,1-661-PAST SUICIDES,2005-07-31,2005-08-03,130,661
11871,1-661-PAST SUICIDES,2005-08-17,2005-08-18,484,661
9680,1-661-PAST SUICIDES,2005-07-31,2005-08-01,84,661
14045,1-661-PAST SUICIDES,2005-08-20,2005-08-25,509,661
378,2-484-JERK PAYCHECK,2005-05-27,2005-05-29,53,484
2076,2-484-JERK PAYCHECK,2005-06-17,2005-06-24,217,484
5267,2-484-JERK PAYCHECK,2005-07-09,2005-07-15,233,484
10177,2-484-JERK PAYCHECK,2005-07-31,2005-08-03,279,484
13307,2-484-JERK PAYCHECK,2005-08-19,2005-08-22,547,484
4638,2-484-JERK PAYCHECK,2005-07-08,2005-07-10,305,484
10577,2-484-JERK PAYCHECK,2005-08-01,2005-08-06,428,484
12474,2-484-JERK PAYCHECK,2005-08-18,2005-08-27,78,484
4902,1-484-JERK PAYCHECK,2005-07-08,2005-07-13,554,484
10254,1-484-JERK PAYCHECK,2005-08-01,2005-08-05,416,484
12287,1-484-JERK PAYCHECK,2005-08-18,2005-08-24,136,484
5253,2-484-JERK PAYCHECK,2005-07-09,2005-07-17,532,484
7824,2-484-JERK PAYCHECK,2005-07-28,2005-08-05,153,484
15746,2-484-JERK PAYCHECK,2005-08-23,2005-08-26,246,484
9030,1-484-JERK PAYCHECK,2005-07-30,2005-08-03,367,484
11564,1-484-JERK PAYCHECK,2005-08-17,2005-08-19,332,484
10243,1-484-JERK PAYCHECK,2005-08-01,2005-08-06,132,484
13708,1-484-JERK PAYCHECK,2005-08-20,2005-08-26,218,484
10638,1-484-JERK PAYCHECK,2005-08-01,2005-08-08,132,484
14069,1-484-JERK PAYCHECK,2005-08-20,2005-08-30,197,484
379,2-759-SALUTE APOLLO,2005-05-27,2005-06-02,584,759
2633,2-759-SALUTE APOLLO,2005-06-19,2005-06-20,68,759
4769,2-759-SALUTE APOLLO,2005-07-08,2005-07-09,501,759
7852,2-759-SALUTE APOLLO,2005-07-28,2005-07-30,123,759
11814,2-759-SALUTE APOLLO,2005-08-17,2005-08-25,509,759
830,2-759-SALUTE APOLLO,2005-05-29,2005-06-01,3,759
2897,2-759-SALUTE APOLLO,2005-06-20,2005-06-25,107,759
4683,2-759-SALUTE APOLLO,2005-07-08,2005-07-09,283,759
7671,2-759-SALUTE APOLLO,2005-07-28,2005-07-30,442,759
15280,2-759-SALUTE APOLLO,2005-08-22,2005-08-28,317,759
1006,2-759-SALUTE APOLLO,2005-05-31,2005-06-02,222,759
3158,2-759-SALUTE APOLLO,2005-06-20,2005-06-29,592,759
4136,2-759-SALUTE APOLLO,2005-07-07,2005-07-10,203,759
9479,2-759-SALUTE APOLLO,2005-07-30,2005-07-31,308,759
13015,2-759-SALUTE APOLLO,2005-08-19,2005-08-28,126,759
2235,2-759-SALUTE APOLLO,2005-06-18,2005-06-27,21,759
6439,2-759-SALUTE APOLLO,2005-07-12,2005-07-13,406,759
7696,2-759-SALUTE APOLLO,2005-07-28,2005-08-06,56,759
15108,2-759-SALUTE APOLLO,2005-08-22,2005-08-26,447,759
8165,1-759-SALUTE APOLLO,2005-07-28,2005-08-01,197,759
15020,1-759-SALUTE APOLLO,2005-08-22,2005-08-27,267,759
10229,1-759-SALUTE APOLLO,2005-08-01,2005-08-10,175,759
13760,1-759-SALUTE APOLLO,2005-08-20,2005-08-27,436,759
380,2-385-GROUNDHOG UNCUT,2005-05-27,2005-06-04,176,385
1602,2-385-GROUNDHOG UNCUT,2005-06-16,2005-06-19,441,385
5980,2-385-GROUNDHOG UNCUT,2005-07-11,2005-07-14,309,385
8191,2-385-GROUNDHOG UNCUT,2005-07-28,2005-07-31,508,385
16025,2-385-GROUNDHOG UNCUT,2005-08-23,2005-08-24,569,385
1000,1-385-GROUNDHOG UNCUT,2005-05-31,2005-06-08,332,385
1622,1-385-GROUNDHOG UNCUT,2005-06-16,2005-06-21,311,385
4127,1-385-GROUNDHOG UNCUT,2005-07-07,2005-07-14,15,385
9541,1-385-GROUNDHOG UNCUT,2005-07-31,2005-08-05,422,385
14529,1-385-GROUNDHOG UNCUT,2005-08-21,2005-08-29,380,385
2183,2-385-GROUNDHOG UNCUT,2005-06-18,2005-06-22,340,385
6039,2-385-GROUNDHOG UNCUT,2005-07-11,2005-07-19,137,385
7471,2-385-GROUNDHOG UNCUT,2005-07-27,2005-07-30,95,385
12433,2-385-GROUNDHOG UNCUT,2005-08-18,2005-08-19,552,385
7747,2-385-GROUNDHOG UNCUT,2005-07-28,2005-08-03,78,385
13780,2-385-GROUNDHOG UNCUT,2006-02-14,,14,385
10737,1-385-GROUNDHOG UNCUT,2005-08-01,2005-08-10,149,385
15559,1-385-GROUNDHOG UNCUT,2005-08-23,2005-08-30,517,385
382,2-949-VOLCANO TEXAS,2005-05-27,2005-05-31,183,949
3191,2-949-VOLCANO TEXAS,2005-06-20,2005-06-25,522,949
5071,2-949-VOLCANO TEXAS,2005-07-09,2005-07-09,12,949
10370,2-949-VOLCANO TEXAS,2005-08-01,2005-08-05,546,949
13340,2-949-VOLCANO TEXAS,2005-08-19,2005-08-28,45,949
516,2-949-VOLCANO TEXAS,2005-05-28,2005-06-04,400,949
3187,2-949-VOLCANO TEXAS,2005-06-20,2005-06-27,150,949
5995,2-949-VOLCANO TEXAS,2005-07-11,2005-07-20,360,949
10613,2-949-VOLCANO TEXAS,2005-08-01,2005-08-07,527,949
12541,2-949-VOLCANO TEXAS,2005-08-18,2005-08-26,584,949
886,1-949-VOLCANO TEXAS,2005-05-30,2005-06-01,393,949
1793,1-949-VOLCANO TEXAS,2005-06-16,2005-06-19,230,949
4463,1-949-VOLCANO TEXAS,2005-07-08,2005-07-16,422,949
7079,1-949-VOLCANO TEXAS,2005-07-27,2005-08-04,356,949
14385,1-949-VOLCANO TEXAS,2005-08-21,2005-08-25,317,949
5891,1-949-VOLCANO TEXAS,2005-07-10,2005-07-12,184,949
10080,1-949-VOLCANO TEXAS,2005-07-31,2005-08-04,62,949
15159,1-949-VOLCANO TEXAS,2005-08-22,2005-08-24,525,949
8869,1-949-VOLCANO TEXAS,2005-07-30,2005-07-31,308,949
15430,1-949-VOLCANO TEXAS,2006-02-14,,282,949
10534,1-949-VOLCANO TEXAS,2005-08-01,2005-08-04,397,949
11860,1-949-VOLCANO TEXAS,2005-08-17,2005-08-24,257,949
383,1-213-DATE SPEED,2005-05-27,2005-06-03,298,213
1951,1-213-DATE SPEED,2005-06-17,2005-06-20,123,213
6671,1-213-DATE SPEED,2005-07-12,2005-07-19,526,213
9078,1-213-DATE SPEED,2005-07-30,2005-07-31,300,213
14570,1-213-DATE SPEED,2005-08-21,2005-08-30,32,213
5118,1-213-DATE SPEED,2005-07-09,2005-07-18,5,213
10611,1-213-DATE SPEED,2005-08-01,2005-08-07,135,213
12235,1-213-DATE SPEED,2005-08-18,2005-08-20,595,213
5699,1-213-DATE SPEED,2005-07-10,2005-07-17,211,213
9967,1-213-DATE SPEED,2005-07-31,2005-08-06,537,213
13393,1-213-DATE SPEED,2005-08-19,2005-08-28,15,213
9543,1-213-DATE SPEED,2005-07-31,2005-08-01,369,213
12589,1-213-DATE SPEED,2005-08-18,2005-08-27,275,213
385,1-344-FURY MURDER,2005-05-27,2005-05-30,213,344
3303,1-344-FURY MURDER,2005-06-21,2005-06-26,361,344
5310,1-344-FURY MURDER,2005-07-09,2005-07-12,24,344
8776,1-344-FURY MURDER,2005-07-29,2005-08-06,587,344
12707,1-344-FURY MURDER,2005-08-18,2005-08-25,426,344
600,1-344-FURY MURDER,2005-05-28,2005-06-03,332,344
2372,1-344-FURY MURDER,2005-06-18,2005-06-21,96,344
6892,1-344-FURY MURDER,2005-07-12,2005-07-13,138,344
9169,1-344-FURY MURDER,2005-07-30,2005-08-06,245,344
14945,1-344-FURY MURDER,2005-08-22,2005-08-29,304,344
2865,2-344-FURY MURDER,2005-06-20,2005-06-21,10,344
4512,2-344-FURY MURDER,2005-07-08,2005-07-10,424,344
7589,2-344-FURY MURDER,2005-07-27,2005-08-04,32,344
12461,2-344-FURY MURDER,2005-08-18,2005-08-21,27,344
6689,2-344-FURY MURDER,2005-07-12,2005-07-16,525,344
10386,2-344-FURY MURDER,2005-08-01,2005-08-07,26,344
12026,2-344-FURY MURDER,2005-08-17,2005-08-26,468,344
8940,1-344-FURY MURDER,2005-07-30,2005-08-05,212,344
13023,1-344-FURY MURDER,2005-08-19,2005-08-27,69,344
386,1-285-ENGLISH BULWORTH,2005-05-27,2005-05-30,109,285
2998,1-285-ENGLISH BULWORTH,2005-06-20,2005-06-24,380,285
4834,1-285-ENGLISH BULWORTH,2005-07-08,2005-07-14,301,285
10352,1-285-ENGLISH BULWORTH,2005-08-01,2005-08-05,564,285
12040,1-285-ENGLISH BULWORTH,2005-08-17,2005-08-26,558,285
404,2-285-ENGLISH BULWORTH,2005-05-27,2005-05-30,168,285
2915,2-285-ENGLISH BULWORTH,2005-06-20,2005-06-24,262,285
5347,2-285-ENGLISH BULWORTH,2005-07-09,2005-07-10,246,285
9329,2-285-ENGLISH BULWORTH,2005-07-30,2005-08-08,593,285
15936,2-285-ENGLISH BULWORTH,2005-08-23,2005-08-26,411,285
916,1-285-ENGLISH BULWORTH,2005-05-30,2005-05-31,6,285
2994,1-285-ENGLISH BULWORTH,2005-06-20,2005-06-29,163,285
6910,1-285-ENGLISH BULWORTH,2005-07-12,2005-07-21,546,285
10632,1-285-ENGLISH BULWORTH,2005-08-01,2005-08-05,406,285
12470,1-285-ENGLISH BULWORTH,2005-08-18,2005-08-24,82,285
966,2-285-ENGLISH BULWORTH,2005-05-30,2005-05-31,496,285
1354,2-285-ENGLISH BULWORTH,2005-06-15,2005-06-23,83,285
6252,2-285-ENGLISH BULWORTH,2005-07-11,2005-07-16,295,285
8875,2-285-ENGLISH BULWORTH,2005-07-30,2005-08-04,121,285
14111,2-285-ENGLISH BULWORTH,2005-08-21,2005-08-22,130,285
2751,2-285-ENGLISH BULWORTH,2005-06-19,2005-06-25,148,285
3482,2-285-ENGLISH BULWORTH,2005-07-05,2005-07-12,520,285
11443,2-285-ENGLISH BULWORTH,2005-08-02,2005-08-07,581,285
15509,2-285-ENGLISH BULWORTH,2005-08-23,2005-08-31,6,285
3127,2-285-ENGLISH BULWORTH,2005-06-20,2005-06-28,461,285
5962,2-285-ENGLISH BULWORTH,2005-07-10,2005-07-13,507,285
8690,2-285-ENGLISH BULWORTH,2005-07-29,2005-08-01,291,285
11605,2-285-ENGLISH BULWORTH,2005-08-17,2005-08-24,455,285
7543,1-285-ENGLISH BULWORTH,2005-07-27,2005-08-04,526,285
15903,1-285-ENGLISH BULWORTH,2005-08-23,2005-08-29,267,285
387,2-589-MODERN DORADO,2005-05-27,2005-06-01,506,589
2956,2-589-MODERN DORADO,2005-06-20,2005-06-22,533,589
6094,2-589-MODERN DORADO,2005-07-11,2005-07-18,285,589
12761,2-589-MODERN DORADO,2005-08-18,2005-08-22,364,589
638,2-589-MODERN DORADO,2005-05-28,2005-06-02,372,589
1172,2-589-MODERN DORADO,2005-06-14,2005-06-16,306,589
5549,2-589-MODERN DORADO,2005-07-10,2005-07-17,163,589
8095,2-589-MODERN DORADO,2005-07-28,2005-08-06,42,589
13286,2-589-MODERN DORADO,2005-08-19,2005-08-22,245,589
2284,2-589-MODERN DORADO,2005-06-18,2005-06-24,228,589
6080,2-589-MODERN DORADO,2005-07-11,2005-07-16,115,589
10853,2-589-MODERN DORADO,2005-08-02,2005-08-10,41,589
12134,2-589-MODERN DORADO,2005-08-17,2005-08-21,288,589
11109,2-589-MODERN DORADO,2005-08-02,2005-08-09,479,589
15806,2-589-MODERN DORADO,2005-08-23,2005-08-27,166,589
389,1-151-CINCINATTI WHISPERER,2005-05-27,2005-06-05,500,151
1923,1-151-CINCINATTI WHISPERER,2005-06-17,2005-06-24,400,151
4788,1-151-CINCINATTI WHISPERER,2005-07-08,2005-07-11,533,151
10648,1-151-CINCINATTI WHISPERER,2005-08-01,2005-08-05,270,151
13510,1-151-CINCINATTI WHISPERER,2005-08-20,2005-08-27,107,151
2387,2-151-CINCINATTI WHISPERER,2005-06-18,2005-06-25,289,151
5206,2-151-CINCINATTI WHISPERER,2005-07-09,2005-07-17,517,151
11410,2-151-CINCINATTI WHISPERER,2005-08-02,2005-08-11,592,151
13392,2-151-CINCINATTI WHISPERER,2005-08-19,2005-08-28,409,151
9609,2-151-CINCINATTI WHISPERER,2005-07-31,2005-08-05,112,151
13178,2-151-CINCINATTI WHISPERER,2006-02-14,,394,151
10974,1-151-CINCINATTI WHISPERER,2005-08-02,2005-08-09,491,151
14300,1-151-CINCINATTI WHISPERER,2005-08-21,2005-08-25,382,151
390,1-823-SOUTH WAIT,2005-05-27,2005-06-02,48,823
2952,1-823-SOUTH WAIT,2005-06-20,2005-06-22,13,823
4362,1-823-SOUTH WAIT,2005-07-07,2005-07-14,425,823
9798,1-823-SOUTH WAIT,2005-07-31,2005-08-01,55,823
14184,1-823-SOUTH WAIT,2005-08-21,2005-08-29,148,823
3395,2-823-SOUTH WAIT,2005-06-21,2005-06-29,66,823
5358,2-823-SOUTH WAIT,2005-07-09,2005-07-14,71,823
8792,2-823-SOUTH WAIT,2005-07-29,2005-08-07,203,823
15347,2-823-SOUTH WAIT,2005-08-22,2005-08-24,519,823
3647,2-823-SOUTH WAIT,2005-07-06,2005-07-13,145,823
10812,2-823-SOUTH WAIT,2005-08-01,2005-08-07,11,823
15254,2-823-SOUTH WAIT,2005-08-22,2005-08-24,209,823
4020,1-823-SOUTH WAIT,2005-07-07,2005-07-10,471,823
10940,1-823-SOUTH WAIT,2005-08-02,2005-08-07,120,823
12627,1-823-SOUTH WAIT,2005-08-18,2005-08-19,150,823
6058,1-823-SOUTH WAIT,2005-07-11,2005-07-14,498,823
9764,1-823-SOUTH WAIT,2005-07-31,2005-08-07,136,823
12436,1-823-SOUTH WAIT,2005-08-18,2005-08-23,499,823
8060,2-823-SOUTH WAIT,2005-07-28,2005-08-05,577,823
11929,2-823-SOUTH WAIT,2005-08-17,2005-08-25,327,823
9000,2-823-SOUTH WAIT,2005-07-30,2005-08-08,290,823
14216,2-823-SOUTH WAIT,2006-02-14,,186,823
391,2-474-JADE BUNCH,2005-05-27,2005-06-01,197,474
3115,2-474-JADE BUNCH,2005-06-20,2005-06-26,457,474
5370,2-474-JADE BUNCH,2005-07-09,2005-07-15,248,474
11150,2-474-JADE BUNCH,2005-08-02,2005-08-05,527,474
11997,2-474-JADE BUNCH,2005-08-17,2005-08-26,411,474
807,2-474-JADE BUNCH,2005-05-29,2005-06-03,235,474
2904,2-474-JADE BUNCH,2005-06-20,2005-06-21,55,474
6558,2-474-JADE BUNCH,2005-07-12,2005-07-13,164,474
10561,2-474-JADE BUNCH,2005-08-01,2005-08-04,8,474
12551,2-474-JADE BUNCH,2005-08-18,2005-08-19,15,474
953,2-474-JADE BUNCH,2005-05-30,2005-05-31,210,474
1455,2-474-JADE BUNCH,2005-06-15,2005-06-18,358,474
3927,2-474-JADE BUNCH,2005-07-06,2005-07-10,404,474
7548,2-474-JADE BUNCH,2005-07-27,2005-08-02,484,474
15838,2-474-JADE BUNCH,2005-08-23,2005-08-31,579,474
3602,2-474-JADE BUNCH,2005-07-06,2005-07-15,100,474
10965,2-474-JADE BUNCH,2005-08-02,2005-08-09,580,474
12266,2-474-JADE BUNCH,2005-08-18,2005-08-19,467,474
393,1-30-ANYTHING SAVANNAH,2005-05-27,2005-05-28,251,30
1564,1-30-ANYTHING SAVANNAH,2005-06-16,2005-06-24,343,30
3895,1-30-ANYTHING SAVANNAH,2005-07-06,2005-07-15,584,30
11236,1-30-ANYTHING SAVANNAH,2005-08-02,2005-08-09,420,30
14844,1-30-ANYTHING SAVANNAH,2005-08-22,2005-08-31,513,30
1710,1-30-ANYTHING SAVANNAH,2005-06-16,2005-06-22,77,30
3860,1-30-ANYTHING SAVANNAH,2005-07-06,2005-07-09,514,30
10556,1-30-ANYTHING SAVANNAH,2005-08-01,2005-08-03,117,30
12061,1-30-ANYTHING SAVANNAH,2005-08-17,2005-08-22,532,30
394,1-412-HEAVYWEIGHTS BEAST,2005-05-27,2005-06-03,274,412
3276,1-412-HEAVYWEIGHTS BEAST,2005-06-21,2005-06-29,425,412
3531,1-412-HEAVYWEIGHTS BEAST,2005-07-06,2005-07-11,165,412
7638,1-412-HEAVYWEIGHTS BEAST,2005-07-28,2005-07-28,172,412
13791,1-412-HEAVYWEIGHTS BEAST,2005-08-20,2005-08-22,67,412
2322,2-412-HEAVYWEIGHTS BEAST,2005-06-18,2005-06-25,213,412
5920,2-412-HEAVYWEIGHTS BEAST,2005-07-10,2005-07-17,221,412
8487,2-412-HEAVYWEIGHTS BEAST,2005-07-29,2005-07-31,82,412
13499,2-412-HEAVYWEIGHTS BEAST,2005-08-20,2005-08-28,300,412
3972,2-412-HEAVYWEIGHTS BEAST,2005-07-06,2005-07-11,598,412
11345,2-412-HEAVYWEIGHTS BEAST,2005-08-02,2005-08-11,405,412
15533,2-412-HEAVYWEIGHTS BEAST,2005-08-23,2005-08-26,400,412
4628,1-412-HEAVYWEIGHTS BEAST,2005-07-08,2005-07-10,540,412
7270,1-412-HEAVYWEIGHTS BEAST,2005-07-27,2005-08-05,526,412
14183,1-412-HEAVYWEIGHTS BEAST,2005-08-21,2005-08-22,26,412
8993,1-412-HEAVYWEIGHTS BEAST,2005-07-30,2005-08-01,382,412
12389,1-412-HEAVYWEIGHTS BEAST,2005-08-18,2005-08-22,394,412
9514,2-412-HEAVYWEIGHTS BEAST,2005-07-31,2005-08-02,243,412
14101,2-412-HEAVYWEIGHTS BEAST,2005-08-21,2005-08-24,19,412
10117,2-412-HEAVYWEIGHTS BEAST,2005-07-31,2005-08-01,459,412
14610,2-412-HEAVYWEIGHTS BEAST,2005-08-21,2005-08-29,260,412
11317,1-412-HEAVYWEIGHTS BEAST,2005-08-02,2005-08-08,502,412
14447,1-412-HEAVYWEIGHTS BEAST,2005-08-21,2005-08-27,584,412
396,2-228-DETECTIVE VISION,2005-05-27,2005-05-29,112,228
2779,2-228-DETECTIVE VISION,2005-06-19,2005-06-23,376,228
4228,2-228-DETECTIVE VISION,2005-07-07,2005-07-12,38,228
11234,2-228-DETECTIVE VISION,2005-08-02,2005-08-05,27,228
15710,2-228-DETECTIVE VISION,2006-02-14,,421,228
414,2-228-DETECTIVE VISION,2005-05-27,2005-05-31,219,228
1571,2-228-DETECTIVE VISION,2005-06-16,2005-06-22,54,228
6403,2-228-DETECTIVE VISION,2005-07-11,2005-07-13,238,228
7980,2-228-DETECTIVE VISION,2005-07-28,2005-08-05,329,228
12135,2-228-DETECTIVE VISION,2005-08-17,2005-08-23,381,228
753,2-228-DETECTIVE VISION,2005-05-29,2005-06-05,135,228
1422,2-228-DETECTIVE VISION,2005-06-15,2005-06-19,1,228
4427,2-228-DETECTIVE VISION,2005-07-07,2005-07-11,69,228
9872,2-228-DETECTIVE VISION,2005-07-31,2005-08-04,376,228
11772,2-228-DETECTIVE VISION,2005-08-17,2005-08-26,237,228
2765,1-228-DETECTIVE VISION,2005-06-19,2005-06-27,478,228
3802,1-228-DETECTIVE VISION,2005-07-06,2005-07-08,91,228
7662,1-228-DETECTIVE VISION,2005-07-28,2005-08-03,534,228
13220,1-228-DETECTIVE VISION,2005-08-19,2005-08-25,448,228
3152,2-228-DETECTIVE VISION,2005-06-20,2005-06-28,246,228
4184,2-228-DETECTIVE VISION,2005-07-07,2005-07-14,468,228
9960,2-228-DETECTIVE VISION,2005-07-31,2005-08-05,569,228
12521,2-228-DETECTIVE VISION,2005-08-18,2005-08-21,369,228
8921,1-228-DETECTIVE VISION,2005-07-30,2005-07-31,354,228
12877,1-228-DETECTIVE VISION,2005-08-19,2005-08-25,40,228
10413,1-228-DETECTIVE VISION,2005-08-01,2005-08-08,376,228
15327,1-228-DETECTIVE VISION,2005-08-22,2005-08-30,450,228
397,2-912-TROJAN TOMORROW,2005-05-27,2005-05-28,544,912
2945,2-912-TROJAN TOMORROW,2005-06-20,2005-06-26,153,912
6195,2-912-TROJAN TOMORROW,2005-07-11,2005-07-16,319,912
10135,2-912-TROJAN TOMORROW,2005-07-31,2005-08-05,307,912
12759,2-912-TROJAN TOMORROW,2006-02-14,,354,912
712,1-912-TROJAN TOMORROW,2005-05-29,2005-05-30,313,912
3271,1-912-TROJAN TOMORROW,2005-06-21,2005-06-27,196,912
6577,1-912-TROJAN TOMORROW,2005-07-12,2005-07-15,439,912
8730,1-912-TROJAN TOMORROW,2005-07-29,2005-08-01,592,912
12349,1-912-TROJAN TOMORROW,2005-08-18,2005-08-19,545,912
3820,2-912-TROJAN TOMORROW,2005-07-06,2005-07-11,460,912
10346,2-912-TROJAN TOMORROW,2005-08-01,2005-08-06,476,912
13854,2-912-TROJAN TOMORROW,2005-08-20,2005-08-21,158,912
10376,2-912-TROJAN TOMORROW,2005-08-01,2005-08-07,474,912
13097,2-912-TROJAN TOMORROW,2005-08-19,2005-08-24,157,912
10775,1-912-TROJAN TOMORROW,2005-08-01,2005-08-04,263,912
12785,1-912-TROJAN TOMORROW,2005-08-19,2005-08-21,145,912
11051,1-912-TROJAN TOMORROW,2005-08-02,2005-08-06,446,912
14924,1-912-TROJAN TOMORROW,2005-08-22,2005-08-23,118,912
399,1-120-CARIBBEAN LIBERTY,2005-05-27,2005-05-29,204,120
2456,1-120-CARIBBEAN LIBERTY,2005-06-18,2005-06-23,147,120
3830,1-120-CARIBBEAN LIBERTY,2005-07-06,2005-07-15,310,120
10480,1-120-CARIBBEAN LIBERTY,2005-08-01,2005-08-03,560,120
14327,1-120-CARIBBEAN LIBERTY,2005-08-21,2005-08-30,457,120
5621,1-120-CARIBBEAN LIBERTY,2005-07-10,2005-07-14,310,120
11086,1-120-CARIBBEAN LIBERTY,2005-08-02,2005-08-11,371,120
8533,1-120-CARIBBEAN LIBERTY,2005-07-29,2005-08-01,542,120
15425,1-120-CARIBBEAN LIBERTY,2005-08-23,2005-09-01,259,120
400,2-57-BASIC EASY,2005-05-27,2005-05-31,249,57
2408,2-57-BASIC EASY,2005-06-18,2005-06-19,87,57
4598,2-57-BASIC EASY,2005-07-08,2005-07-16,82,57
7097,2-57-BASIC EASY,2005-07-27,2005-07-31,487,57
15441,2-57-BASIC EASY,2006-02-14,,422,57
1199,1-57-BASIC EASY,2005-06-15,2005-06-16,238,57
4086,1-57-BASIC EASY,2005-07-07,2005-07-12,494,57
7702,1-57-BASIC EASY,2005-07-28,2005-07-31,349,57
13787,1-57-BASIC EASY,2005-08-20,2005-08-27,188,57
6069,1-57-BASIC EASY,2005-07-11,2005-07-13,553,57
9047,1-57-BASIC EASY,2005-07-30,2005-08-08,522,57
11775,1-57-BASIC EASY,2005-08-17,2005-08-22,574,57
6456,2-57-BASIC EASY,2005-07-12,2005-07-20,387,57
10359,2-57-BASIC EASY,2005-08-01,2005-08-06,369,57
11896,2-57-BASIC EASY,2005-08-17,2005-08-24,436,57
7194,1-57-BASIC EASY,2005-07-27,2005-08-01,172,57
15910,1-57-BASIC EASY,2005-08-23,2005-08-24,456,57
8192,1-57-BASIC EASY,2005-07-28,2005-07-30,552,57
11878,1-57-BASIC EASY,2005-08-17,2005-08-21,549,57
11383,2-57-BASIC EASY,2005-08-02,2005-08-11,445,57
12800,2-57-BASIC EASY,2005-08-19,2005-08-22,545,57
402,2-101-BROTHERHOOD BLANKET,2005-05-27,2005-05-30,354,101
2599,2-101-BROTHERHOOD BLANKET,2005-06-19,2005-06-27,171,101
4442,2-101-BROTHERHOOD BLANKET,2005-07-07,2005-07-13,123,101
7366,2-101-BROTHERHOOD BLANKET,2005-07-27,2005-08-04,357,101
13334,2-101-BROTHERHOOD BLANKET,2005-08-19,2005-08-22,379,101
498,1-101-BROTHERHOOD BLANKET,2005-05-28,2005-05-30,287,101
3155,1-101-BROTHERHOOD BLANKET,2005-06-20,2005-06-27,450,101
6559,1-101-BROTHERHOOD BLANKET,2005-07-12,2005-07-16,353,101
8623,1-101-BROTHERHOOD BLANKET,2005-07-29,2005-08-05,142,101
13196,1-101-BROTHERHOOD BLANKET,2005-08-19,2005-08-26,202,101
1156,1-101-BROTHERHOOD BLANKET,2005-05-31,2005-06-01,106,101
2523,1-101-BROTHERHOOD BLANKET,2005-06-19,2005-06-21,89,101
4971,1-101-BROTHERHOOD BLANKET,2005-07-08,2005-07-16,64,101
7180,1-101-BROTHERHOOD BLANKET,2005-07-27,2005-07-31,215,101
11732,1-101-BROTHERHOOD BLANKET,2005-08-17,2005-08-23,137,101
1648,1-101-BROTHERHOOD BLANKET,2005-06-16,2005-06-24,427,101
5866,1-101-BROTHERHOOD BLANKET,2005-07-10,2005-07-19,484,101
7150,1-101-BROTHERHOOD BLANKET,2005-07-27,2005-08-05,191,101
13983,1-101-BROTHERHOOD BLANKET,2005-08-20,2005-08-29,231,101
3307,2-101-BROTHERHOOD BLANKET,2005-06-21,2005-06-25,85,101
3587,2-101-BROTHERHOOD BLANKET,2005-07-06,2005-07-13,110,101
7081,2-101-BROTHERHOOD BLANKET,2005-07-27,2005-08-01,420,101
15390,2-101-BROTHERHOOD BLANKET,2005-08-22,2005-08-31,551,101
4952,1-101-BROTHERHOOD BLANKET,2005-07-08,2005-07-09,14,101
8874,1-101-BROTHERHOOD BLANKET,2005-07-30,2005-08-02,564,101
12904,1-101-BROTHERHOOD BLANKET,2005-08-19,2005-08-27,257,101
403,1-868-SUPERFLY TRIP,2005-05-27,2005-05-29,424,868
1879,1-868-SUPERFLY TRIP,2005-06-17,2005-06-19,343,868
6405,1-868-SUPERFLY TRIP,2005-07-11,2005-07-18,357,868
9306,1-868-SUPERFLY TRIP,2005-07-30,2005-08-02,336,868
11796,1-868-SUPERFLY TRIP,2005-08-17,2005-08-18,435,868
5964,1-868-SUPERFLY TRIP,2005-07-10,2005-07-12,456,868
11011,1-868-SUPERFLY TRIP,2005-08-02,2005-08-09,256,868
12656,1-868-SUPERFLY TRIP,2005-08-18,2005-08-21,286,868
9441,1-868-SUPERFLY TRIP,2005-07-30,2005-08-08,519,868
11876,1-868-SUPERFLY TRIP,2005-08-17,2005-08-20,426,868
407,2-240-DOLLS RAGE,2005-05-27,2005-05-31,44,240
3433,2-240-DOLLS RAGE,2005-06-21,2005-06-29,228,240
6144,2-240-DOLLS RAGE,2005-07-11,2005-07-15,554,240
10862,2-240-DOLLS RAGE,2005-08-02,2005-08-08,176,240
14809,2-240-DOLLS RAGE,2005-08-22,2005-08-29,188,240
7018,2-240-DOLLS RAGE,2005-07-27,2005-08-02,451,240
14388,2-240-DOLLS RAGE,2005-08-21,2005-08-30,274,240
9561,2-240-DOLLS RAGE,2005-07-31,2005-08-03,58,240
12706,2-240-DOLLS RAGE,2005-08-18,2005-08-26,170,240
408,2-314-FIGHT JAWBREAKER,2005-05-27,2005-05-28,84,314
2950,2-314-FIGHT JAWBREAKER,2005-06-20,2005-06-27,561,314
4842,2-314-FIGHT JAWBREAKER,2005-07-08,2005-07-10,160,314
9999,2-314-FIGHT JAWBREAKER,2005-07-31,2005-08-01,543,314
14103,2-314-FIGHT JAWBREAKER,2005-08-21,2005-08-25,409,314
411,1-314-FIGHT JAWBREAKER,2005-05-27,2005-06-03,388,314
2017,1-314-FIGHT JAWBREAKER,2005-06-17,2005-06-19,516,314
6685,1-314-FIGHT JAWBREAKER,2005-07-12,2005-07-19,5,314
8987,1-314-FIGHT JAWBREAKER,2005-07-30,2005-08-08,135,314
13962,1-314-FIGHT JAWBREAKER,2005-08-20,2005-08-24,348,314
1256,2-314-FIGHT JAWBREAKER,2005-06-15,2005-06-16,470,314
6059,2-314-FIGHT JAWBREAKER,2005-07-11,2005-07-18,394,314
11030,2-314-FIGHT JAWBREAKER,2005-08-02,2005-08-06,569,314
11850,2-314-FIGHT JAWBREAKER,2005-08-17,2005-08-21,80,314
1399,1-314-FIGHT JAWBREAKER,2005-06-15,2005-06-18,469,314
6906,1-314-FIGHT JAWBREAKER,2005-07-12,2005-07-15,335,314
7031,1-314-FIGHT JAWBREAKER,2005-07-27,2005-08-02,530,314
12792,1-314-FIGHT JAWBREAKER,2006-02-14,,405,314
11074,2-314-FIGHT JAWBREAKER,2005-08-02,2005-08-08,277,314
14234,2-314-FIGHT JAWBREAKER,2005-08-21,2005-08-23,271,314
11096,2-314-FIGHT JAWBREAKER,2005-08-02,2005-08-04,34,314
13149,2-314-FIGHT JAWBREAKER,2005-08-19,2005-08-28,40,314
409,2-797-SILENCE KANE,2005-05-27,2005-06-02,220,797
2661,2-797-SILENCE KANE,2005-06-19,2005-06-25,452,797
3751,2-797-SILENCE KANE,2005-07-06,2005-07-10,128,797
7290,2-797-SILENCE KANE,2005-07-27,2005-08-01,423,797
11619,2-797-SILENCE KANE,2005-08-17,2005-08-22,374,797
2206,2-797-SILENCE KANE,2005-06-18,2005-06-24,438,797
6747,2-797-SILENCE KANE,2005-07-12,2005-07-13,126,797
8139,2-797-SILENCE KANE,2005-07-28,2005-08-03,177,797
12381,2-797-SILENCE KANE,2005-08-18,2005-08-23,190,797
5127,1-797-SILENCE KANE,2005-07-09,2005-07-13,129,797
10201,1-797-SILENCE KANE,2005-08-01,2005-08-08,299,797
14690,1-797-SILENCE KANE,2005-08-21,2005-08-29,456,797
7145,2-797-SILENCE KANE,2005-07-27,2005-07-31,109,797
15340,2-797-SILENCE KANE,2005-08-22,2005-08-27,313,797
7698,1-797-SILENCE KANE,2005-07-28,2005-08-04,561,797
14956,1-797-SILENCE KANE,2005-08-22,2005-08-25,571,797
412,1-307-FELLOWSHIP AUTUMN,2005-05-27,2005-05-29,375,307
1882,1-307-FELLOWSHIP AUTUMN,2005-06-17,2005-06-19,47,307
4012,1-307-FELLOWSHIP AUTUMN,2005-07-07,2005-07-10,104,307
11482,1-307-FELLOWSHIP AUTUMN,2005-08-02,2005-08-04,134,307
14089,1-307-FELLOWSHIP AUTUMN,2005-08-20,2005-08-27,425,307
911,2-307-FELLOWSHIP AUTUMN,2005-05-30,2005-06-07,366,307
1776,2-307-FELLOWSHIP AUTUMN,2005-06-16,2005-06-24,472,307
5660,2-307-FELLOWSHIP AUTUMN,2005-07-10,2005-07-17,171,307
11056,2-307-FELLOWSHIP AUTUMN,2005-08-02,2005-08-10,88,307
13142,2-307-FELLOWSHIP AUTUMN,2005-08-19,2005-08-26,269,307
1460,2-307-FELLOWSHIP AUTUMN,2005-06-15,2005-06-16,565,307
4261,2-307-FELLOWSHIP AUTUMN,2005-07-07,2005-07-13,496,307
10164,2-307-FELLOWSHIP AUTUMN,2005-07-31,2005-08-05,89,307
12114,2-307-FELLOWSHIP AUTUMN,2005-08-17,2005-08-26,65,307
1756,1-307-FELLOWSHIP AUTUMN,2005-06-16,2005-06-21,571,307
5233,1-307-FELLOWSHIP AUTUMN,2005-07-09,2005-07-15,131,307
10061,1-307-FELLOWSHIP AUTUMN,2005-07-31,2005-08-04,390,307
13119,1-307-FELLOWSHIP AUTUMN,2005-08-19,2005-08-20,240,307
1759,1-307-FELLOWSHIP AUTUMN,2005-06-16,2005-06-24,430,307
4064,1-307-FELLOWSHIP AUTUMN,2005-07-07,2005-07-14,47,307
9704,1-307-FELLOWSHIP AUTUMN,2005-07-31,2005-08-06,385,307
15140,1-307-FELLOWSHIP AUTUMN,2005-08-22,2005-08-30,414,307
1956,2-307-FELLOWSHIP AUTUMN,2005-06-17,2005-06-21,492,307
4415,2-307-FELLOWSHIP AUTUMN,2005-07-07,2005-07-13,329,307
11340,2-307-FELLOWSHIP AUTUMN,2005-08-02,2005-08-09,366,307
14463,2-307-FELLOWSHIP AUTUMN,2005-08-21,2005-08-29,365,307
415,2-809-SLIPPER FIDELITY,2005-05-27,2005-05-28,304,809
1731,2-809-SLIPPER FIDELITY,2005-06-16,2005-06-19,344,809
4758,2-809-SLIPPER FIDELITY,2005-07-08,2005-07-13,288,809
8943,2-809-SLIPPER FIDELITY,2005-07-30,2005-08-02,531,809
13509,2-809-SLIPPER FIDELITY,2005-08-20,2005-08-22,128,809
1317,2-809-SLIPPER FIDELITY,2005-06-15,2005-06-24,316,809
3775,2-809-SLIPPER FIDELITY,2005-07-06,2005-07-09,300,809
8177,2-809-SLIPPER FIDELITY,2005-07-28,2005-08-02,122,809
12149,2-809-SLIPPER FIDELITY,2005-08-18,2005-08-26,277,809
2654,2-809-SLIPPER FIDELITY,2005-06-19,2005-06-27,405,809
6657,2-809-SLIPPER FIDELITY,2005-07-12,2005-07-16,553,809
9937,2-809-SLIPPER FIDELITY,2005-07-31,2005-08-06,521,809
13597,2-809-SLIPPER FIDELITY,2005-08-20,2005-08-24,72,809
5035,2-809-SLIPPER FIDELITY,2005-07-09,2005-07-16,99,809
10981,2-809-SLIPPER FIDELITY,2005-08-02,2005-08-09,305,809
13032,2-809-SLIPPER FIDELITY,2005-08-19,2005-08-23,82,809
416,2-517-LESSON CLEOPATRA,2005-05-27,2005-05-29,222,517
2047,2-517-LESSON CLEOPATRA,2005-06-17,2005-06-21,201,517
4712,2-517-LESSON CLEOPATRA,2005-07-08,2005-07-17,39,517
9198,2-517-LESSON CLEOPATRA,2005-07-30,2005-08-07,105,517
15535,2-517-LESSON CLEOPATRA,2005-08-23,2005-08-25,346,517
9192,2-517-LESSON CLEOPATRA,2005-07-30,2005-08-04,102,517
14758,2-517-LESSON CLEOPATRA,2005-08-21,2005-08-27,339,517
417,2-487-JINGLE SAGEBRUSH,2005-05-27,2005-05-29,475,487
1656,2-487-JINGLE SAGEBRUSH,2005-06-16,2005-06-22,31,487
6471,2-487-JINGLE SAGEBRUSH,2005-07-12,2005-07-13,397,487
11025,2-487-JINGLE SAGEBRUSH,2005-08-02,2005-08-08,419,487
11836,2-487-JINGLE SAGEBRUSH,2005-08-17,2005-08-19,198,487
2609,2-487-JINGLE SAGEBRUSH,2005-06-19,2005-06-28,383,487
3948,2-487-JINGLE SAGEBRUSH,2005-07-06,2005-07-08,161,487
10448,2-487-JINGLE SAGEBRUSH,2005-08-01,2005-08-02,311,487
15440,2-487-JINGLE SAGEBRUSH,2005-08-23,2005-08-24,559,487
3323,2-487-JINGLE SAGEBRUSH,2005-06-21,2005-06-28,272,487
6864,2-487-JINGLE SAGEBRUSH,2005-07-12,2005-07-19,38,487
8749,2-487-JINGLE SAGEBRUSH,2005-07-29,2005-08-01,456,487
12128,2-487-JINGLE SAGEBRUSH,2005-08-17,2005-08-24,415,487
418,1-673-PERSONAL LADYBUGS,2005-05-27,2005-06-04,151,673
2233,1-673-PERSONAL LADYBUGS,2005-06-18,2005-06-21,31,673
6700,1-673-PERSONAL LADYBUGS,2005-07-12,2005-07-21,184,673
9375,1-673-PERSONAL LADYBUGS,2005-07-30,2005-08-02,529,673
15176,1-673-PERSONAL LADYBUGS,2005-08-22,2005-08-31,115,673
3045,2-673-PERSONAL LADYBUGS,2005-06-20,2005-06-23,459,673
6139,2-673-PERSONAL LADYBUGS,2005-07-11,2005-07-17,206,673
7093,2-673-PERSONAL LADYBUGS,2005-07-27,2005-07-31,574,673
5601,1-673-PERSONAL LADYBUGS,2005-07-10,2005-07-11,511,673
8789,1-673-PERSONAL LADYBUGS,2005-07-29,2005-08-05,71,673
14379,1-673-PERSONAL LADYBUGS,2005-08-21,2005-08-24,136,673
6310,2-673-PERSONAL LADYBUGS,2005-07-11,2005-07-16,537,673
10620,2-673-PERSONAL LADYBUGS,2005-08-01,2005-08-09,183,673
11827,2-673-PERSONAL LADYBUGS,2005-08-17,2005-08-24,523,673
419,2-552-MAJESTIC FLOATS,2005-05-27,2005-06-02,77,552
1507,2-552-MAJESTIC FLOATS,2005-06-15,2005-06-19,172,552
5782,2-552-MAJESTIC FLOATS,2005-07-10,2005-07-15,440,552
7966,2-552-MAJESTIC FLOATS,2005-07-28,2005-08-06,91,552
14534,2-552-MAJESTIC FLOATS,2005-08-21,2005-08-26,56,552
628,2-552-MAJESTIC FLOATS,2005-05-28,2005-06-06,173,552
3017,2-552-MAJESTIC FLOATS,2005-06-20,2005-06-28,151,552
3653,2-552-MAJESTIC FLOATS,2005-07-06,2005-07-10,148,552
10101,2-552-MAJESTIC FLOATS,2005-07-31,2005-08-04,119,552
14429,2-552-MAJESTIC FLOATS,2005-08-21,2005-08-24,66,552
1778,2-552-MAJESTIC FLOATS,2005-06-16,2005-06-22,341,552
4706,2-552-MAJESTIC FLOATS,2005-07-08,2005-07-17,380,552
7204,2-552-MAJESTIC FLOATS,2005-07-27,2005-08-03,531,552
13407,2-552-MAJESTIC FLOATS,2005-08-19,2005-08-22,131,552
4653,2-552-MAJESTIC FLOATS,2005-07-08,2005-07-17,404,552
10145,2-552-MAJESTIC FLOATS,2005-07-31,2005-08-06,361,552
14842,2-552-MAJESTIC FLOATS,2005-08-22,2005-08-30,467,552
420,1-135-CHANCE RESURRECTION,2005-05-27,2005-06-03,93,135
3399,1-135-CHANCE RESURRECTION,2005-06-21,2005-06-26,98,135
3593,1-135-CHANCE RESURRECTION,2005-07-06,2005-07-11,78,135
9789,1-135-CHANCE RESURRECTION,2005-07-31,2005-08-03,137,135
15301,1-135-CHANCE RESURRECTION,2005-08-22,2005-08-26,454,135
819,2-135-CHANCE RESURRECTION,2005-05-29,2005-06-02,511,135
2156,2-135-CHANCE RESURRECTION,2005-06-17,2005-06-22,237,135
6821,2-135-CHANCE RESURRECTION,2005-07-12,2005-07-14,363,135
9131,2-135-CHANCE RESURRECTION,2005-07-30,2005-08-01,142,135
15055,2-135-CHANCE RESURRECTION,2005-08-22,2005-08-25,125,135
1147,2-135-CHANCE RESURRECTION,2005-05-31,2005-06-06,259,135
2305,2-135-CHANCE RESURRECTION,2005-06-18,2005-06-24,149,135
5228,2-135-CHANCE RESURRECTION,2005-07-09,2005-07-14,195,135
7796,2-135-CHANCE RESURRECTION,2005-07-28,2005-08-02,419,135
12371,2-135-CHANCE RESURRECTION,2005-08-18,2005-08-19,451,135
3047,2-135-CHANCE RESURRECTION,2005-06-20,2005-06-29,13,135
4192,2-135-CHANCE RESURRECTION,2005-07-07,2005-07-13,558,135
10543,2-135-CHANCE RESURRECTION,2005-08-01,2005-08-07,29,135
12608,2-135-CHANCE RESURRECTION,2005-08-18,2005-08-23,366,135
5305,2-135-CHANCE RESURRECTION,2005-07-09,2005-07-18,309,135
7408,2-135-CHANCE RESURRECTION,2005-07-27,2005-07-31,371,135
13276,2-135-CHANCE RESURRECTION,2005-08-19,2005-08-28,516,135
6574,1-135-CHANCE RESURRECTION,2005-07-12,2005-07-18,115,135
10636,1-135-CHANCE RESURRECTION,2005-08-01,2005-08-05,385,135
15874,1-135-CHANCE RESURRECTION,2005-08-23,2005-08-28,132,135
11473,1-135-CHANCE RESURRECTION,2005-08-02,2005-08-09,536,135
12081,1-135-CHANCE RESURRECTION,2005-08-17,2005-08-22,597,135
422,2-254-DRIVER ANNIE,2005-05-27,2005-06-01,150,254
1804,2-254-DRIVER ANNIE,2005-06-16,2005-06-18,570,254
4492,2-254-DRIVER ANNIE,2005-07-08,2005-07-10,247,254
7230,2-254-DRIVER ANNIE,2005-07-27,2005-08-02,245,254
12178,2-254-DRIVER ANNIE,2005-08-18,2005-08-25,276,254
674,2-254-DRIVER ANNIE,2005-05-28,2005-06-01,87,254
3211,2-254-DRIVER ANNIE,2005-06-21,2005-06-23,415,254
4830,2-254-DRIVER ANNIE,2005-07-08,2005-07-17,359,254
10430,2-254-DRIVER ANNIE,2005-08-01,2005-08-03,471,254
14244,2-254-DRIVER ANNIE,2005-08-21,2005-08-24,43,254
3836,1-254-DRIVER ANNIE,2005-07-06,2005-07-10,351,254
8194,1-254-DRIVER ANNIE,2005-07-28,2005-07-29,424,254
12682,1-254-DRIVER ANNIE,2006-02-14,,245,254
5630,2-254-DRIVER ANNIE,2005-07-10,2005-07-14,537,254
11365,2-254-DRIVER ANNIE,2005-08-02,2005-08-04,508,254
11967,2-254-DRIVER ANNIE,2005-08-17,2005-08-22,521,254
11177,1-254-DRIVER ANNIE,2005-08-02,2005-08-10,2,254
15207,1-254-DRIVER ANNIE,2005-08-22,2005-08-23,442,254
424,2-618-NECKLACE OUTBREAK,2005-05-27,2005-06-05,35,618
2362,2-618-NECKLACE OUTBREAK,2005-06-18,2005-06-19,514,618
6041,2-618-NECKLACE OUTBREAK,2005-07-11,2005-07-13,551,618
8572,2-618-NECKLACE OUTBREAK,2005-07-29,2005-08-02,267,618
11802,2-618-NECKLACE OUTBREAK,2005-08-17,2005-08-22,221,618
2626,2-618-NECKLACE OUTBREAK,2005-06-19,2005-06-24,450,618
3757,2-618-NECKLACE OUTBREAK,2005-07-06,2005-07-11,66,618
8758,2-618-NECKLACE OUTBREAK,2005-07-29,2005-08-05,442,618
15572,2-618-NECKLACE OUTBREAK,2005-08-23,2005-08-27,506,618
3844,2-618-NECKLACE OUTBREAK,2005-07-06,2005-07-09,179,618
8803,2-618-NECKLACE OUTBREAK,2005-07-29,2005-08-06,86,618
14550,2-618-NECKLACE OUTBREAK,2005-08-21,2005-08-23,473,618
4449,2-618-NECKLACE OUTBREAK,2005-07-07,2005-07-15,354,618
9007,2-618-NECKLACE OUTBREAK,2005-07-30,2005-08-02,63,618
15681,2-618-NECKLACE OUTBREAK,2005-08-23,2005-08-27,61,618
425,2-331-FORWARD TEMPLE,2005-05-27,2005-06-03,182,331
1632,2-331-FORWARD TEMPLE,2005-06-16,2005-06-17,319,331
3745,2-331-FORWARD TEMPLE,2005-07-06,2005-07-12,171,331
7317,2-331-FORWARD TEMPLE,2005-07-27,2005-07-29,443,331
13949,2-331-FORWARD TEMPLE,2005-08-20,2005-08-22,34,331
902,1-331-FORWARD TEMPLE,2005-05-30,2005-06-07,561,331
2039,1-331-FORWARD TEMPLE,2005-06-17,2005-06-24,304,331
5970,1-331-FORWARD TEMPLE,2005-07-11,2005-07-19,94,331
11293,1-331-FORWARD TEMPLE,2005-08-02,2005-08-11,475,331
13150,1-331-FORWARD TEMPLE,2005-08-19,2005-08-25,457,331
938,2-331-FORWARD TEMPLE,2005-05-30,2005-06-04,46,331
2319,2-331-FORWARD TEMPLE,2005-06-18,2005-06-26,393,331
5615,2-331-FORWARD TEMPLE,2005-07-10,2005-07-17,173,331
10483,2-331-FORWARD TEMPLE,2005-08-01,2005-08-04,129,331
12963,2-331-FORWARD TEMPLE,2005-08-19,2005-08-23,2,331
970,2-331-FORWARD TEMPLE,2005-05-30,2005-06-09,307,331
2843,2-331-FORWARD TEMPLE,2005-06-19,2005-06-26,148,331
5877,2-331-FORWARD TEMPLE,2005-07-10,2005-07-19,537,331
8471,2-331-FORWARD TEMPLE,2005-07-29,2005-08-01,533,331
14679,2-331-FORWARD TEMPLE,2005-08-21,2005-08-23,193,331
1563,1-331-FORWARD TEMPLE,2005-06-16,2005-06-18,262,331
5419,1-331-FORWARD TEMPLE,2005-07-09,2005-07-12,226,331
10844,1-331-FORWARD TEMPLE,2005-08-01,2005-08-09,333,331
11667,1-331-FORWARD TEMPLE,2005-08-17,2005-08-26,582,331
2369,1-331-FORWARD TEMPLE,2005-06-18,2005-06-23,44,331
3736,1-331-FORWARD TEMPLE,2005-07-06,2005-07-13,23,331
9299,1-331-FORWARD TEMPLE,2005-07-30,2005-08-08,555,331
14546,1-331-FORWARD TEMPLE,2005-08-21,2005-08-23,466,331
7955,2-331-FORWARD TEMPLE,2005-07-28,2005-07-30,522,331
15143,2-331-FORWARD TEMPLE,2005-08-22,2005-08-25,274,331
8827,1-331-FORWARD TEMPLE,2005-07-29,2005-08-06,157,331
15747,1-331-FORWARD TEMPLE,2005-08-23,2005-08-31,381,331
426,1-245-DOUBLE WRATH,2005-05-27,2005-06-05,522,245
1750,1-245-DOUBLE WRATH,2005-06-16,2005-06-25,321,245
4955,1-245-DOUBLE WRATH,2005-07-08,2005-07-14,225,245
9041,1-245-DOUBLE WRATH,2005-07-30,2005-08-01,454,245
13827,1-245-DOUBLE WRATH,2005-08-20,2005-08-28,342,245
798,1-245-DOUBLE WRATH,2005-05-29,2005-06-01,134,245
2840,1-245-DOUBLE WRATH,2005-06-19,2005-06-26,236,245
3688,1-245-DOUBLE WRATH,2005-07-06,2005-07-14,380,245
10542,1-245-DOUBLE WRATH,2005-08-01,2005-08-08,465,245
15450,1-245-DOUBLE WRATH,2005-08-23,2005-08-24,322,245
1187,2-245-DOUBLE WRATH,2005-06-15,2005-06-23,334,245
5985,2-245-DOUBLE WRATH,2005-07-11,2005-07-14,506,245
7802,2-245-DOUBLE WRATH,2005-07-28,2005-07-29,298,245
11945,2-245-DOUBLE WRATH,2005-08-17,2005-08-20,380,245
2570,2-245-DOUBLE WRATH,2005-06-19,2005-06-25,5,245
4533,2-245-DOUBLE WRATH,2005-07-08,2005-07-10,474,245
9598,2-245-DOUBLE WRATH,2005-07-31,2005-08-04,468,245
13415,2-245-DOUBLE WRATH,2005-08-19,2005-08-25,181,245
4008,2-245-DOUBLE WRATH,2005-07-07,2005-07-16,505,245
8930,2-245-DOUBLE WRATH,2005-07-30,2005-08-02,202,245
11525,2-245-DOUBLE WRATH,2005-08-17,2005-08-20,174,245
6955,1-245-DOUBLE WRATH,2005-07-26,2005-08-02,469,245
13164,1-245-DOUBLE WRATH,2005-08-19,2005-08-26,145,245
11127,2-245-DOUBLE WRATH,2005-08-02,2005-08-05,351,245
12032,2-245-DOUBLE WRATH,2005-08-17,2005-08-26,141,245
429,2-25-ANGELS LIFE,2005-05-27,2005-06-05,498,25
2541,2-25-ANGELS LIFE,2005-06-19,2005-06-23,360,25
6900,2-25-ANGELS LIFE,2005-07-12,2005-07-19,292,25
7059,2-25-ANGELS LIFE,2005-07-27,2005-08-02,578,25
14119,2-25-ANGELS LIFE,2005-08-21,2005-08-27,53,25
653,1-25-ANGELS LIFE,2005-05-28,2005-06-04,327,25
2859,1-25-ANGELS LIFE,2005-06-19,2005-06-20,147,25
6159,1-25-ANGELS LIFE,2005-07-11,2005-07-13,225,25
9763,1-25-ANGELS LIFE,2005-07-31,2005-08-08,393,25
15784,1-25-ANGELS LIFE,2005-08-23,2005-08-30,425,25
2556,1-25-ANGELS LIFE,2005-06-19,2005-06-23,377,25
3915,1-25-ANGELS LIFE,2005-07-06,2005-07-10,163,25
10287,1-25-ANGELS LIFE,2005-08-01,2005-08-05,141,25
14235,1-25-ANGELS LIFE,2005-08-21,2005-08-29,558,25
3823,1-25-ANGELS LIFE,2005-07-06,2005-07-09,265,25
7603,1-25-ANGELS LIFE,2005-07-27,2005-07-29,497,25
15763,1-25-ANGELS LIFE,2005-08-23,2005-08-24,158,25
5696,2-25-ANGELS LIFE,2005-07-10,2005-07-12,96,25
10272,2-25-ANGELS LIFE,2005-08-01,2005-08-10,273,25
12973,2-25-ANGELS LIFE,2005-08-19,2005-08-22,163,25
8951,1-25-ANGELS LIFE,2005-07-30,2005-08-08,336,25
12252,1-25-ANGELS LIFE,2005-08-18,2005-08-25,350,25
430,1-417-HILLS NEIGHBORS,2005-05-27,2005-06-05,190,417
2879,1-417-HILLS NEIGHBORS,2005-06-20,2005-06-28,583,417
4576,1-417-HILLS NEIGHBORS,2005-07-08,2005-07-10,567,417
8021,1-417-HILLS NEIGHBORS,2005-07-28,2005-08-04,501,417
12542,1-417-HILLS NEIGHBORS,2005-08-18,2005-08-20,230,417
646,2-417-HILLS NEIGHBORS,2005-05-28,2005-05-31,185,417
1775,2-417-HILLS NEIGHBORS,2005-06-16,2005-06-25,123,417
4672,2-417-HILLS NEIGHBORS,2005-07-08,2005-07-16,18,417
7725,2-417-HILLS NEIGHBORS,2005-07-28,2005-08-04,326,417
14710,2-417-HILLS NEIGHBORS,2005-08-21,2005-08-30,587,417
780,1-417-HILLS NEIGHBORS,2005-05-29,2005-06-06,300,417
2899,1-417-HILLS NEIGHBORS,2005-06-20,2005-06-23,459,417
5536,1-417-HILLS NEIGHBORS,2005-07-10,2005-07-13,195,417
8163,1-417-HILLS NEIGHBORS,2005-07-28,2005-07-31,157,417
11713,1-417-HILLS NEIGHBORS,2005-08-17,2005-08-25,590,417
963,2-417-HILLS NEIGHBORS,2005-05-30,2005-06-07,225,417
1290,2-417-HILLS NEIGHBORS,2005-06-15,2005-06-24,540,417
6535,2-417-HILLS NEIGHBORS,2005-07-12,2005-07-17,446,417
10424,2-417-HILLS NEIGHBORS,2005-08-01,2005-08-06,88,417
12018,2-417-HILLS NEIGHBORS,2005-08-17,2005-08-26,319,417
4637,1-417-HILLS NEIGHBORS,2005-07-08,2005-07-11,263,417
7357,1-417-HILLS NEIGHBORS,2005-07-27,2005-08-02,438,417
14788,1-417-HILLS NEIGHBORS,2005-08-22,2005-08-29,139,417
11302,1-417-HILLS NEIGHBORS,2005-08-02,2005-08-09,51,417
15544,1-417-HILLS NEIGHBORS,2005-08-23,2005-09-01,30,417
431,1-984-WONDERFUL DROP,2005-05-27,2005-06-05,334,984
1699,1-984-WONDERFUL DROP,2005-06-16,2005-06-17,27,984
4546,1-984-WONDERFUL DROP,2005-07-08,2005-07-17,393,984
8644,1-984-WONDERFUL DROP,2005-07-29,2005-08-03,314,984
15356,1-984-WONDERFUL DROP,2005-08-22,2005-08-25,539,984
2311,1-984-WONDERFUL DROP,2005-06-18,2005-06-25,236,984
3861,1-984-WONDERFUL DROP,2005-07-06,2005-07-15,202,984
7144,1-984-WONDERFUL DROP,2005-07-27,2005-08-01,485,984
14271,1-984-WONDERFUL DROP,2005-08-21,2005-08-27,224,984
432,2-248-DOZEN LION,2005-05-27,2005-05-29,46,248
3456,2-248-DOZEN LION,2005-06-21,2005-06-28,150,248
4207,2-248-DOZEN LION,2005-07-07,2005-07-14,588,248
11032,2-248-DOZEN LION,2005-08-02,2005-08-05,359,248
12479,2-248-DOZEN LION,2005-08-18,2005-08-21,401,248
8168,2-248-DOZEN LION,2005-07-28,2005-07-30,365,248
15419,2-248-DOZEN LION,2005-08-22,2005-08-25,450,248
435,1-732-RINGS HEARTBREAKERS,2005-05-27,2005-06-02,3,732
2436,1-732-RINGS HEARTBREAKERS,2005-06-18,2005-06-21,534,732
4445,1-732-RINGS HEARTBREAKERS,2005-07-07,2005-07-16,327,732
6975,1-732-RINGS HEARTBREAKERS,2005-07-27,2005-08-02,527,732
13945,1-732-RINGS HEARTBREAKERS,2005-08-20,2005-08-26,270,732
1090,1-732-RINGS HEARTBREAKERS,2005-05-31,2005-06-02,23,732
1200,1-732-RINGS HEARTBREAKERS,2005-06-15,2005-06-21,516,732
3852,1-732-RINGS HEARTBREAKERS,2005-07-06,2005-07-11,511,732
8444,1-732-RINGS HEARTBREAKERS,2005-07-29,2005-08-05,213,732
11948,1-732-RINGS HEARTBREAKERS,2005-08-17,2005-08-25,40,732
4989,1-732-RINGS HEARTBREAKERS,2005-07-09,2005-07-17,210,732
7945,1-732-RINGS HEARTBREAKERS,2005-07-28,2005-08-03,316,732
13520,1-732-RINGS HEARTBREAKERS,2005-08-20,2005-08-22,74,732
9576,1-732-RINGS HEARTBREAKERS,2005-07-31,2005-08-05,145,732
15511,1-732-RINGS HEARTBREAKERS,2005-08-23,2005-08-31,303,732
438,2-926-UNTOUCHABLES SUNRISE,2005-05-27,2005-06-05,249,926
2862,2-926-UNTOUCHABLES SUNRISE,2005-06-19,2005-06-23,52,926
6293,2-926-UNTOUCHABLES SUNRISE,2005-07-11,2005-07-13,471,926
9722,2-926-UNTOUCHABLES SUNRISE,2005-07-31,2005-08-07,125,926
12452,2-926-UNTOUCHABLES SUNRISE,2005-08-18,2005-08-27,358,926
6362,2-926-UNTOUCHABLES SUNRISE,2005-07-11,2005-07-13,358,926
10700,2-926-UNTOUCHABLES SUNRISE,2005-08-01,2005-08-07,203,926
13913,2-926-UNTOUCHABLES SUNRISE,2005-08-20,2005-08-26,197,926
439,2-78-BLACKOUT PRIVATE,2005-05-27,2005-06-02,319,78
2575,2-78-BLACKOUT PRIVATE,2005-06-19,2005-06-24,336,78
6861,2-78-BLACKOUT PRIVATE,2005-07-12,2005-07-13,83,78
10034,2-78-BLACKOUT PRIVATE,2005-07-31,2005-08-04,442,78
14294,2-78-BLACKOUT PRIVATE,2005-08-21,2005-08-22,455,78
771,1-78-BLACKOUT PRIVATE,2005-05-29,2005-06-01,476,78
3167,1-78-BLACKOUT PRIVATE,2005-06-20,2005-06-22,464,78
4230,1-78-BLACKOUT PRIVATE,2005-07-07,2005-07-15,205,78
8200,1-78-BLACKOUT PRIVATE,2005-07-28,2005-07-29,185,78
14911,1-78-BLACKOUT PRIVATE,2005-08-22,2005-08-28,273,78
1149,1-78-BLACKOUT PRIVATE,2005-05-31,2005-06-08,326,78
2128,1-78-BLACKOUT PRIVATE,2005-06-17,2005-06-24,2,78
6151,1-78-BLACKOUT PRIVATE,2005-07-11,2005-07-12,476,78
8214,1-78-BLACKOUT PRIVATE,2005-07-28,2005-08-07,509,78
13518,1-78-BLACKOUT PRIVATE,2005-08-20,2005-08-24,528,78
3190,1-78-BLACKOUT PRIVATE,2005-06-20,2005-06-28,200,78
5983,1-78-BLACKOUT PRIVATE,2005-07-11,2005-07-15,127,78
10835,1-78-BLACKOUT PRIVATE,2005-08-01,2005-08-10,90,78
11609,1-78-BLACKOUT PRIVATE,2005-08-17,2005-08-25,73,78
4118,2-78-BLACKOUT PRIVATE,2005-07-07,2005-07-08,224,78
8850,2-78-BLACKOUT PRIVATE,2005-07-29,2005-07-31,86,78
13243,2-78-BLACKOUT PRIVATE,2005-08-19,2005-08-25,251,78
5185,2-78-BLACKOUT PRIVATE,2005-07-09,2005-07-10,53,78
8181,2-78-BLACKOUT PRIVATE,2005-07-28,2005-08-06,522,78
14398,2-78-BLACKOUT PRIVATE,2005-08-21,2005-08-23,505,78
7382,2-78-BLACKOUT PRIVATE,2005-07-27,2005-07-28,518,78
15473,2-78-BLACKOUT PRIVATE,2005-08-23,2005-08-25,259,78
441,2-346-GALAXY SWEETHEARTS,2005-05-27,2005-05-30,54,346
3270,2-346-GALAXY SWEETHEARTS,2005-06-21,2005-06-22,86,346
4266,2-346-GALAXY SWEETHEARTS,2005-07-07,2005-07-08,509,346
7568,2-346-GALAXY SWEETHEARTS,2005-07-27,2005-07-29,296,346
12412,2-346-GALAXY SWEETHEARTS,2005-08-18,2005-08-23,75,346
1054,1-346-GALAXY SWEETHEARTS,2005-05-31,2005-06-02,126,346
3196,1-346-GALAXY SWEETHEARTS,2005-06-21,2005-06-22,52,346
3487,1-346-GALAXY SWEETHEARTS,2005-07-05,2005-07-11,586,346
6941,1-346-GALAXY SWEETHEARTS,2005-07-26,2005-07-31,441,346
15402,1-346-GALAXY SWEETHEARTS,2005-08-22,2005-08-30,293,346
5937,2-346-GALAXY SWEETHEARTS,2005-07-10,2005-07-16,580,346
7691,2-346-GALAXY SWEETHEARTS,2005-07-28,2005-07-29,112,346
14889,2-346-GALAXY SWEETHEARTS,2005-08-22,2005-08-24,299,346
6966,2-346-GALAXY SWEETHEARTS,2005-07-27,2005-08-05,45,346
12490,2-346-GALAXY SWEETHEARTS,2005-08-18,2005-08-27,187,346
10330,2-346-GALAXY SWEETHEARTS,2005-08-01,2005-08-07,7,346
11258,1-346-GALAXY SWEETHEARTS,2005-08-02,2005-08-06,242,346
13041,1-346-GALAXY SWEETHEARTS,2005-08-19,2005-08-27,462,346
443,2-439-HUNCHBACK IMPOSSIBLE,2005-05-27,2005-06-04,547,439
2078,2-439-HUNCHBACK IMPOSSIBLE,2005-06-17,2005-06-19,278,439
4738,2-439-HUNCHBACK IMPOSSIBLE,2005-07-08,2005-07-17,31,439
9206,2-439-HUNCHBACK IMPOSSIBLE,2005-07-30,2005-08-03,404,439
14175,2-439-HUNCHBACK IMPOSSIBLE,2006-02-14,,452,439
763,2-439-HUNCHBACK IMPOSSIBLE,2005-05-29,2005-05-31,50,439
3379,2-439-HUNCHBACK IMPOSSIBLE,2005-06-21,2005-06-23,566,439
6124,2-439-HUNCHBACK IMPOSSIBLE,2005-07-11,2005-07-12,368,439
7370,2-439-HUNCHBACK IMPOSSIBLE,2005-07-27,2005-08-03,89,439
11931,2-439-HUNCHBACK IMPOSSIBLE,2005-08-17,2005-08-19,242,439
1368,1-439-HUNCHBACK IMPOSSIBLE,2005-06-15,2005-06-23,222,439
5039,1-439-HUNCHBACK IMPOSSIBLE,2005-07-09,2005-07-16,268,439
10059,1-439-HUNCHBACK IMPOSSIBLE,2005-07-31,2005-08-03,274,439
12395,1-439-HUNCHBACK IMPOSSIBLE,2005-08-18,2005-08-21,541,439
7154,1-439-HUNCHBACK IMPOSSIBLE,2005-07-27,2005-07-28,518,439
16048,1-439-HUNCHBACK IMPOSSIBLE,2005-08-23,2005-08-31,103,439
7713,1-439-HUNCHBACK IMPOSSIBLE,2005-07-28,2005-08-03,572,439
15139,1-439-HUNCHBACK IMPOSSIBLE,2005-08-22,2005-08-30,237,439
8248,1-439-HUNCHBACK IMPOSSIBLE,2005-07-29,2005-08-05,272,439
14985,1-439-HUNCHBACK IMPOSSIBLE,2005-08-22,2005-08-29,29,439
444,2-158-CLONES PINOCCHIO,2005-05-27,2005-06-01,239,158
1950,2-158-CLONES PINOCCHIO,2005-06-17,2005-06-22,594,158
5465,2-158-CLONES PINOCCHIO,2005-07-09,2005-07-13,503,158
9856,2-158-CLONES PINOCCHIO,2005-07-31,2005-08-07,347,158
12591,2-158-CLONES PINOCCHIO,2005-08-18,2005-08-24,546,158
932,1-158-CLONES PINOCCHIO,2005-05-30,2005-05-31,198,158
3216,1-158-CLONES PINOCCHIO,2005-06-21,2005-06-29,534,158
6868,1-158-CLONES PINOCCHIO,2005-07-12,2005-07-15,306,158
8126,1-158-CLONES PINOCCHIO,2005-07-28,2005-08-05,537,158
14939,1-158-CLONES PINOCCHIO,2005-08-22,2005-08-27,328,158
2640,2-158-CLONES PINOCCHIO,2005-06-19,2005-06-20,540,158
5386,2-158-CLONES PINOCCHIO,2005-07-09,2005-07-13,594,158
7195,2-158-CLONES PINOCCHIO,2005-07-27,2005-07-30,157,158
13904,2-158-CLONES PINOCCHIO,2005-08-20,2005-08-26,93,158
5560,1-158-CLONES PINOCCHIO,2005-07-10,2005-07-19,231,158
8438,1-158-CLONES PINOCCHIO,2005-07-29,2005-08-04,97,158
11592,1-158-CLONES PINOCCHIO,2005-08-17,2005-08-19,383,158
11428,2-158-CLONES PINOCCHIO,2005-08-02,2005-08-04,326,158
14904,2-158-CLONES PINOCCHIO,2005-08-22,2005-08-29,71,158
446,2-426-HOME PITY,2005-05-27,2005-06-03,401,426
1983,2-426-HOME PITY,2005-06-17,2005-06-24,365,426
5455,2-426-HOME PITY,2005-07-09,2005-07-18,464,426
8228,2-426-HOME PITY,2005-07-29,2005-08-03,72,426
11793,2-426-HOME PITY,2005-08-17,2005-08-25,352,426
967,2-426-HOME PITY,2005-05-30,2005-06-09,330,426
2647,2-426-HOME PITY,2005-06-19,2005-06-22,54,426
3528,2-426-HOME PITY,2005-07-06,2005-07-06,201,426
7318,2-426-HOME PITY,2005-07-27,2005-07-31,301,426
12464,2-426-HOME PITY,2005-08-18,2005-08-27,157,426
2279,2-426-HOME PITY,2005-06-18,2005-06-27,554,426
5081,2-426-HOME PITY,2005-07-09,2005-07-13,420,426
10962,2-426-HOME PITY,2005-08-02,2005-08-07,538,426
14372,2-426-HOME PITY,2005-08-21,2005-08-28,520,426
448,2-586-MOCKINGBIRD HOLLYWOOD,2005-05-27,2005-06-03,247,586
3361,2-586-MOCKINGBIRD HOLLYWOOD,2005-06-21,2005-06-26,268,586
6513,2-586-MOCKINGBIRD HOLLYWOOD,2005-07-12,2005-07-13,393,586
10446,2-586-MOCKINGBIRD HOLLYWOOD,2005-08-01,2005-08-04,95,586
14728,2-586-MOCKINGBIRD HOLLYWOOD,2005-08-21,2005-08-25,474,586
1917,1-586-MOCKINGBIRD HOLLYWOOD,2005-06-17,2005-06-24,400,586
6644,1-586-MOCKINGBIRD HOLLYWOOD,2005-07-12,2005-07-14,285,586
8906,1-586-MOCKINGBIRD HOLLYWOOD,2005-07-30,2005-08-07,560,586
12191,1-586-MOCKINGBIRD HOLLYWOOD,2005-08-18,2005-08-22,316,586
2394,1-586-MOCKINGBIRD HOLLYWOOD,2005-06-18,2005-06-26,60,586
4720,1-586-MOCKINGBIRD HOLLYWOOD,2005-07-08,2005-07-09,452,586
8872,1-586-MOCKINGBIRD HOLLYWOOD,2005-07-30,2005-08-01,186,586
13576,1-586-MOCKINGBIRD HOLLYWOOD,2005-08-20,2005-08-22,223,586
4820,2-586-MOCKINGBIRD HOLLYWOOD,2005-07-08,2005-07-17,172,586
10498,2-586-MOCKINGBIRD HOLLYWOOD,2005-08-01,2005-08-03,355,586
14963,2-586-MOCKINGBIRD HOLLYWOOD,2005-08-22,2005-08-31,384,586
9971,2-586-MOCKINGBIRD HOLLYWOOD,2005-07-31,2005-08-09,573,586
11861,2-586-MOCKINGBIRD HOLLYWOOD,2005-08-17,2005-08-21,232,586
10585,1-586-MOCKINGBIRD HOLLYWOOD,2005-08-01,2005-08-09,228,586
14415,1-586-MOCKINGBIRD HOLLYWOOD,2006-02-14,,561,586
11237,1-586-MOCKINGBIRD HOLLYWOOD,2005-08-02,2005-08-05,426,586
14023,1-586-MOCKINGBIRD HOLLYWOOD,2005-08-20,2005-08-23,304,586
11355,2-586-MOCKINGBIRD HOLLYWOOD,2005-08-02,2005-08-05,185,586
14106,2-586-MOCKINGBIRD HOLLYWOOD,2005-08-21,2005-08-27,315,586
449,1-540-LUCKY FLYING,2005-05-27,2005-06-04,172,540
1901,1-540-LUCKY FLYING,2005-06-17,2005-06-25,292,540
6882,1-540-LUCKY FLYING,2005-07-12,2005-07-14,166,540
9822,1-540-LUCKY FLYING,2005-07-31,2005-08-05,381,540
14907,1-540-LUCKY FLYING,2005-08-22,2005-08-25,116,540
828,1-540-LUCKY FLYING,2005-05-29,2005-05-30,217,540
1977,1-540-LUCKY FLYING,2005-06-17,2005-06-23,459,540
6509,1-540-LUCKY FLYING,2005-07-12,2005-07-13,427,540
9294,1-540-LUCKY FLYING,2005-07-30,2005-08-07,433,540
15619,1-540-LUCKY FLYING,2005-08-23,2005-08-26,3,540
5429,1-540-LUCKY FLYING,2005-07-09,2005-07-18,105,540
9194,1-540-LUCKY FLYING,2005-07-30,2005-08-06,294,540
15138,1-540-LUCKY FLYING,2005-08-22,2005-08-27,50,540
450,1-296-EXPRESS LONELY,2005-05-27,2005-06-05,247,296
2798,1-296-EXPRESS LONELY,2005-06-19,2005-06-23,180,296
5566,1-296-EXPRESS LONELY,2005-07-10,2005-07-13,124,296
7512,1-296-EXPRESS LONELY,2005-07-27,2005-08-05,352,296
11664,1-296-EXPRESS LONELY,2005-08-17,2005-08-18,433,296
3076,1-296-EXPRESS LONELY,2005-06-20,2005-06-28,109,296
4376,1-296-EXPRESS LONELY,2005-07-07,2005-07-11,151,296
7340,1-296-EXPRESS LONELY,2005-07-27,2005-07-30,567,296
15869,1-296-EXPRESS LONELY,2005-08-23,2005-08-27,357,296
8753,1-296-EXPRESS LONELY,2005-07-29,2005-07-31,560,296
15678,1-296-EXPRESS LONELY,2005-08-23,2005-08-27,413,296
9207,1-296-EXPRESS LONELY,2005-07-30,2005-07-31,345,296
11580,1-296-EXPRESS LONELY,2005-08-17,2005-08-21,436,296
451,2-45-ATTRACTION NEWTON,2005-05-27,2005-05-29,87,45
2882,2-45-ATTRACTION NEWTON,2005-06-20,2005-06-21,152,45
6136,2-45-ATTRACTION NEWTON,2005-07-11,2005-07-14,346,45
11321,2-45-ATTRACTION NEWTON,2005-08-02,2005-08-04,266,45
13718,2-45-ATTRACTION NEWTON,2005-08-20,2005-08-29,19,45
2582,1-45-ATTRACTION NEWTON,2005-06-19,2005-06-26,267,45
6642,1-45-ATTRACTION NEWTON,2005-07-12,2005-07-13,441,45
10459,1-45-ATTRACTION NEWTON,2005-08-01,2005-08-03,131,45
14747,1-45-ATTRACTION NEWTON,2005-08-21,2005-08-26,153,45
2617,1-45-ATTRACTION NEWTON,2005-06-19,2005-06-27,313,45
3583,1-45-ATTRACTION NEWTON,2005-07-06,2005-07-14,574,45
11311,1-45-ATTRACTION NEWTON,2005-08-02,2005-08-03,197,45
12814,1-45-ATTRACTION NEWTON,2005-08-19,2005-08-21,465,45
2790,1-45-ATTRACTION NEWTON,2005-06-19,2005-06-21,97,45
4998,1-45-ATTRACTION NEWTON,2005-07-09,2005-07-10,534,45
7636,1-45-ATTRACTION NEWTON,2005-07-28,2005-08-03,51,45
14036,1-45-ATTRACTION NEWTON,2005-08-20,2005-08-23,256,45
2850,2-45-ATTRACTION NEWTON,2005-06-19,2005-06-28,262,45
4052,2-45-ATTRACTION NEWTON,2005-07-07,2005-07-13,442,45
11048,2-45-ATTRACTION NEWTON,2005-08-02,2005-08-04,491,45
13480,2-45-ATTRACTION NEWTON,2005-08-20,2005-08-27,16,45
4033,1-45-ATTRACTION NEWTON,2005-07-07,2005-07-16,453,45
9707,1-45-ATTRACTION NEWTON,2005-07-31,2005-08-08,351,45
11571,1-45-ATTRACTION NEWTON,2005-08-17,2005-08-17,296,45
452,2-656-PAPI NECKLACE,2005-05-27,2005-05-30,127,656
2892,2-656-PAPI NECKLACE,2005-06-20,2005-06-21,430,656
5817,2-656-PAPI NECKLACE,2005-07-10,2005-07-18,28,656
11013,2-656-PAPI NECKLACE,2005-08-02,2005-08-10,527,656
11953,2-656-PAPI NECKLACE,2005-08-17,2005-08-23,399,656
5531,2-656-PAPI NECKLACE,2005-07-10,2005-07-15,173,656
7453,2-656-PAPI NECKLACE,2005-07-27,2005-07-29,29,656
11562,2-656-PAPI NECKLACE,2005-08-17,2005-08-26,424,656
453,2-967-WEEKEND PERSONAL,2005-05-27,2005-05-29,529,967
1704,2-967-WEEKEND PERSONAL,2005-06-16,2005-06-24,488,967
4519,2-967-WEEKEND PERSONAL,2005-07-08,2005-07-12,459,967
7751,2-967-WEEKEND PERSONAL,2005-07-28,2005-08-05,176,967
13411,2-967-WEEKEND PERSONAL,2005-08-19,2005-08-26,21,967
2131,1-967-WEEKEND PERSONAL,2005-06-17,2005-06-25,85,967
4150,1-967-WEEKEND PERSONAL,2005-07-07,2005-07-08,188,967
9274,1-967-WEEKEND PERSONAL,2005-07-30,2005-08-06,47,967
13527,1-967-WEEKEND PERSONAL,2005-08-20,2005-08-25,521,967
3033,1-967-WEEKEND PERSONAL,2005-06-20,2005-06-26,107,967
6002,1-967-WEEKEND PERSONAL,2005-07-11,2005-07-12,45,967
7777,1-967-WEEKEND PERSONAL,2005-07-28,2005-07-29,287,967
12237,1-967-WEEKEND PERSONAL,2005-08-18,2005-08-25,381,967
4354,1-967-WEEKEND PERSONAL,2005-07-07,2005-07-15,208,967
9823,1-967-WEEKEND PERSONAL,2005-07-31,2005-08-07,129,967
15411,1-967-WEEKEND PERSONAL,2005-08-22,2005-08-26,461,967
10623,2-967-WEEKEND PERSONAL,2005-08-01,2005-08-03,494,967
13935,2-967-WEEKEND PERSONAL,2005-08-20,2005-08-24,205,967
457,2-516-LEGEND JEDI,2005-05-27,2005-06-02,300,516
1810,2-516-LEGEND JEDI,2005-06-16,2005-06-21,7,516
3886,2-516-LEGEND JEDI,2005-07-06,2005-07-08,326,516
7673,2-516-LEGEND JEDI,2005-07-28,2005-08-06,409,516
14087,2-516-LEGEND JEDI,2005-08-20,2005-08-26,289,516
7319,2-516-LEGEND JEDI,2005-07-27,2005-08-04,576,516
13232,2-516-LEGEND JEDI,2005-08-19,2005-08-28,206,516
7393,2-516-LEGEND JEDI,2005-07-27,2005-08-02,181,516
14645,2-516-LEGEND JEDI,2005-08-21,2005-08-25,334,516
458,1-736-ROBBERY BRIGHT,2005-05-27,2005-06-06,565,736
2197,1-736-ROBBERY BRIGHT,2005-06-18,2005-06-19,103,736
3619,1-736-ROBBERY BRIGHT,2005-07-06,2005-07-11,526,736
10788,1-736-ROBBERY BRIGHT,2005-08-01,2005-08-03,160,736
14713,1-736-ROBBERY BRIGHT,2005-08-21,2005-08-23,148,736
1374,1-736-ROBBERY BRIGHT,2005-06-15,2005-06-22,120,736
5232,1-736-ROBBERY BRIGHT,2005-07-09,2005-07-14,175,736
9702,1-736-ROBBERY BRIGHT,2005-07-31,2005-08-02,525,736
12653,1-736-ROBBERY BRIGHT,2005-08-18,2005-08-26,78,736
9052,1-736-ROBBERY BRIGHT,2005-07-30,2005-08-03,408,736
12767,1-736-ROBBERY BRIGHT,2005-08-18,2005-08-28,432,736
9899,1-736-ROBBERY BRIGHT,2005-07-31,2005-08-08,168,736
13389,1-736-ROBBERY BRIGHT,2005-08-19,2005-08-25,257,736
459,2-130-CELEBRITY HORN,2005-05-27,2005-05-29,468,130
2320,2-130-CELEBRITY HORN,2005-06-18,2005-06-24,552,130
4143,2-130-CELEBRITY HORN,2005-07-07,2005-07-13,238,130
9480,2-130-CELEBRITY HORN,2005-07-30,2005-08-04,373,130
13530,2-130-CELEBRITY HORN,2005-08-20,2005-08-23,156,130
595,1-130-CELEBRITY HORN,2005-05-28,2005-06-05,294,130
1562,1-130-CELEBRITY HORN,2005-06-16,2005-06-23,395,130
6055,1-130-CELEBRITY HORN,2005-07-11,2005-07-18,125,130
9211,1-130-CELEBRITY HORN,2005-07-30,2005-08-07,57,130
13759,1-130-CELEBRITY HORN,2005-08-20,2005-08-29,269,130
598,2-130-CELEBRITY HORN,2005-05-28,2005-06-03,159,130
2458,2-130-CELEBRITY HORN,2005-06-18,2005-06-21,572,130
3565,2-130-CELEBRITY HORN,2005-07-06,2005-07-13,97,130
8539,2-130-CELEBRITY HORN,2005-07-29,2005-07-30,325,130
13563,2-130-CELEBRITY HORN,2005-08-20,2005-08-24,366,130
3402,2-130-CELEBRITY HORN,2005-06-21,2005-06-30,187,130
4691,2-130-CELEBRITY HORN,2005-07-08,2005-07-09,126,130
10808,2-130-CELEBRITY HORN,2005-08-01,2005-08-09,480,130
11742,2-130-CELEBRITY HORN,2005-08-17,2005-08-23,470,130
3596,1-130-CELEBRITY HORN,2005-07-06,2005-07-07,419,130
9099,1-130-CELEBRITY HORN,2005-07-30,2005-08-01,250,130
13626,1-130-CELEBRITY HORN,2005-08-20,2005-08-29,524,130
10894,2-130-CELEBRITY HORN,2005-08-02,2005-08-09,51,130
15817,2-130-CELEBRITY HORN,2005-08-23,2005-08-25,348,130
460,2-921-UNCUT SUICIDES,2005-05-27,2005-05-28,240,921
1366,2-921-UNCUT SUICIDES,2005-06-15,2005-06-24,576,921
5551,2-921-UNCUT SUICIDES,2005-07-10,2005-07-18,44,921
10432,2-921-UNCUT SUICIDES,2005-08-01,2005-08-08,450,921
15562,2-921-UNCUT SUICIDES,2005-08-23,2005-08-27,149,921
1412,1-921-UNCUT SUICIDES,2005-06-15,2005-06-18,166,921
4392,1-921-UNCUT SUICIDES,2005-07-07,2005-07-13,491,921
9560,1-921-UNCUT SUICIDES,2005-07-31,2005-08-07,471,921
15437,1-921-UNCUT SUICIDES,2005-08-23,2005-08-30,368,921
4932,2-921-UNCUT SUICIDES,2005-07-08,2005-07-15,558,921
10283,2-921-UNCUT SUICIDES,2005-08-01,2005-08-07,462,921
13579,2-921-UNCUT SUICIDES,2005-08-20,2005-08-28,333,921
8627,1-921-UNCUT SUICIDES,2005-07-29,2005-08-05,226,921
12322,1-921-UNCUT SUICIDES,2005-08-18,2005-08-23,365,921
462,2-502-KNOCK WARLOCK,2005-05-27,2005-06-03,364,502
2019,2-502-KNOCK WARLOCK,2005-06-17,2005-06-23,528,502
4516,2-502-KNOCK WARLOCK,2005-07-08,2005-07-14,497,502
10810,2-502-KNOCK WARLOCK,2005-08-01,2005-08-06,376,502
15054,2-502-KNOCK WARLOCK,2005-08-22,2005-08-25,44,502
654,1-502-KNOCK WARLOCK,2005-05-28,2005-05-30,23,502
2955,1-502-KNOCK WARLOCK,2005-06-20,2005-06-25,244,502
6904,1-502-KNOCK WARLOCK,2005-07-12,2005-07-17,465,502
7405,1-502-KNOCK WARLOCK,2005-07-27,2005-08-01,42,502
14489,1-502-KNOCK WARLOCK,2005-08-21,2005-08-30,9,502
1024,1-502-KNOCK WARLOCK,2005-05-31,2005-06-09,457,502
1433,1-502-KNOCK WARLOCK,2005-06-15,2005-06-16,88,502
5808,1-502-KNOCK WARLOCK,2005-07-10,2005-07-14,170,502
9781,1-502-KNOCK WARLOCK,2005-07-31,2005-08-09,155,502
14464,1-502-KNOCK WARLOCK,2005-08-21,2005-08-25,121,502
4337,2-502-KNOCK WARLOCK,2005-07-07,2005-07-14,464,502
9384,2-502-KNOCK WARLOCK,2005-07-30,2005-08-08,220,502
13072,2-502-KNOCK WARLOCK,2005-08-19,2005-08-22,447,502
7569,2-502-KNOCK WARLOCK,2005-07-27,2005-08-05,528,502
12688,2-502-KNOCK WARLOCK,2005-08-18,2005-08-26,65,502
8518,1-502-KNOCK WARLOCK,2005-07-29,2005-08-02,385,502
12157,1-502-KNOCK WARLOCK,2005-08-18,2005-08-22,569,502
10949,1-502-KNOCK WARLOCK,2005-08-02,2005-08-06,389,502
13399,1-502-KNOCK WARLOCK,2005-08-19,2005-08-25,21,502
464,1-290-EVERYONE CRAFT,2005-05-27,2005-05-30,193,290
2494,1-290-EVERYONE CRAFT,2005-06-18,2005-06-25,434,290
4284,1-290-EVERYONE CRAFT,2005-07-07,2005-07-09,521,290
11157,1-290-EVERYONE CRAFT,2005-08-02,2005-08-06,244,290
13766,1-290-EVERYONE CRAFT,2005-08-20,2005-08-27,189,290
939,1-290-EVERYONE CRAFT,2005-05-30,2005-06-01,367,290
1245,1-290-EVERYONE CRAFT,2005-06-15,2005-06-22,234,290
3822,1-290-EVERYONE CRAFT,2005-07-06,2005-07-07,241,290
8302,1-290-EVERYONE CRAFT,2005-07-29,2005-07-30,103,290
15952,1-290-EVERYONE CRAFT,2005-08-23,2005-08-28,224,290
5519,1-290-EVERYONE CRAFT,2005-07-10,2005-07-11,85,290
7360,1-290-EVERYONE CRAFT,2005-07-27,2005-08-02,467,290
16044,1-290-EVERYONE CRAFT,2005-08-23,2005-08-25,468,290
465,2-4-AFFAIR PREJUDICE,2005-05-27,2005-06-02,261,4
1716,2-4-AFFAIR PREJUDICE,2005-06-16,2005-06-19,24,4
4789,2-4-AFFAIR PREJUDICE,2005-07-08,2005-07-15,73,4
12726,2-4-AFFAIR PREJUDICE,2005-08-18,2005-08-19,397,4
995,1-4-AFFAIR PREJUDICE,2005-05-31,2005-06-06,150,4
2090,1-4-AFFAIR PREJUDICE,2005-06-17,2005-06-22,197,4
5682,1-4-AFFAIR PREJUDICE,2005-07-10,2005-07-12,302,4
6970,1-4-AFFAIR PREJUDICE,2005-07-27,2005-08-03,418,4
11714,1-4-AFFAIR PREJUDICE,2005-08-17,2005-08-18,151,4
3506,1-4-AFFAIR PREJUDICE,2005-07-06,2005-07-07,459,4
9863,1-4-AFFAIR PREJUDICE,2005-07-31,2005-08-08,239,4
15174,1-4-AFFAIR PREJUDICE,2005-08-22,2005-08-31,111,4
4802,2-4-AFFAIR PREJUDICE,2005-07-08,2005-07-15,562,4
8002,2-4-AFFAIR PREJUDICE,2005-07-28,2005-07-31,449,4
13943,2-4-AFFAIR PREJUDICE,2005-08-20,2005-08-24,464,4
6348,2-4-AFFAIR PREJUDICE,2005-07-11,2005-07-19,66,4
9359,2-4-AFFAIR PREJUDICE,2005-07-30,2005-07-31,501,4
15542,2-4-AFFAIR PREJUDICE,2006-02-14,,111,4
6493,1-4-AFFAIR PREJUDICE,2005-07-12,2005-07-16,184,4
8931,1-4-AFFAIR PREJUDICE,2005-07-30,2005-08-02,268,4
15352,1-4-AFFAIR PREJUDICE,2005-08-22,2005-08-31,560,4
8331,1-4-AFFAIR PREJUDICE,2005-07-29,2005-08-04,148,4
15199,1-4-AFFAIR PREJUDICE,2005-08-22,2005-08-25,216,4
467,2-75-BIRD INDEPENDENCE,2005-05-27,2005-06-01,557,75
1294,2-75-BIRD INDEPENDENCE,2005-06-15,2005-06-19,327,75
6576,2-75-BIRD INDEPENDENCE,2005-07-12,2005-07-16,362,75
9673,2-75-BIRD INDEPENDENCE,2005-07-31,2005-08-09,27,75
15035,2-75-BIRD INDEPENDENCE,2005-08-22,2005-08-28,513,75
1840,2-75-BIRD INDEPENDENCE,2005-06-16,2005-06-21,404,75
5034,2-75-BIRD INDEPENDENCE,2005-07-09,2005-07-11,148,75
9959,2-75-BIRD INDEPENDENCE,2005-07-31,2005-08-03,199,75
14197,2-75-BIRD INDEPENDENCE,2005-08-21,2005-08-30,469,75
8947,2-75-BIRD INDEPENDENCE,2005-07-30,2005-08-04,24,75
16037,2-75-BIRD INDEPENDENCE,2005-08-23,2005-09-01,45,75
469,2-975-WILLOW TRACY,2005-05-27,2005-06-05,154,975
3036,2-975-WILLOW TRACY,2005-06-20,2005-06-29,399,975
4889,2-975-WILLOW TRACY,2005-07-08,2005-07-13,5,975
9460,2-975-WILLOW TRACY,2005-07-30,2005-08-08,580,975
12305,2-975-WILLOW TRACY,2005-08-18,2005-08-22,534,975
1613,1-975-WILLOW TRACY,2005-06-16,2005-06-24,573,975
5527,1-975-WILLOW TRACY,2005-07-10,2005-07-15,554,975
8435,1-975-WILLOW TRACY,2005-07-29,2005-08-02,520,975
14895,1-975-WILLOW TRACY,2005-08-22,2005-08-27,340,975
5623,2-975-WILLOW TRACY,2005-07-10,2005-07-14,229,975
7677,2-975-WILLOW TRACY,2005-07-28,2005-07-31,566,975
15004,2-975-WILLOW TRACY,2005-08-22,2005-08-28,375,975
7068,2-975-WILLOW TRACY,2005-07-27,2005-07-30,568,975
15698,2-975-WILLOW TRACY,2005-08-23,2005-08-28,395,975
8804,1-975-WILLOW TRACY,2005-07-29,2005-08-01,363,975
12431,1-975-WILLOW TRACY,2005-08-18,2005-08-22,89,975
470,2-352-GATHERING CALENDAR,2005-05-27,2005-06-04,504,352
3430,2-352-GATHERING CALENDAR,2005-06-21,2005-06-22,503,352
6121,2-352-GATHERING CALENDAR,2005-07-11,2005-07-16,347,352
11117,2-352-GATHERING CALENDAR,2005-08-02,2005-08-05,474,352
14811,2-352-GATHERING CALENDAR,2005-08-22,2005-08-26,53,352
7756,2-352-GATHERING CALENDAR,2005-07-28,2005-08-05,469,352
14574,2-352-GATHERING CALENDAR,2005-08-21,2005-08-26,62,352
8567,2-352-GATHERING CALENDAR,2005-07-29,2005-08-03,594,352
14353,2-352-GATHERING CALENDAR,2005-08-21,2005-08-22,129,352
11486,2-352-GATHERING CALENDAR,2005-08-02,2005-08-09,236,352
11986,2-352-GATHERING CALENDAR,2005-08-17,2005-08-18,352,352
471,2-629-NOTORIOUS REUNION,2005-05-27,2005-05-31,209,629
1888,2-629-NOTORIOUS REUNION,2005-06-17,2005-06-22,405,629
3520,2-629-NOTORIOUS REUNION,2005-07-06,2005-07-14,102,629
8128,2-629-NOTORIOUS REUNION,2005-07-28,2005-08-06,71,629
14864,2-629-NOTORIOUS REUNION,2005-08-22,2005-08-22,460,629
1971,2-629-NOTORIOUS REUNION,2005-06-17,2005-06-25,357,629
6654,2-629-NOTORIOUS REUNION,2005-07-12,2005-07-20,458,629
9836,2-629-NOTORIOUS REUNION,2005-07-31,2005-08-09,313,629
13448,2-629-NOTORIOUS REUNION,2005-08-20,2005-08-25,327,629
5767,2-629-NOTORIOUS REUNION,2005-07-10,2005-07-17,32,629
9938,2-629-NOTORIOUS REUNION,2005-07-31,2005-08-09,63,629
15072,2-629-NOTORIOUS REUNION,2005-08-22,2005-08-30,405,629
11289,2-629-NOTORIOUS REUNION,2005-08-02,2005-08-11,10,629
15001,2-629-NOTORIOUS REUNION,2005-08-22,2005-08-27,186,629
473,2-174-CONFIDENTIAL INTERVIEW,2005-05-27,2005-06-05,105,174
2168,2-174-CONFIDENTIAL INTERVIEW,2005-06-17,2005-06-20,308,174
6873,2-174-CONFIDENTIAL INTERVIEW,2005-07-12,2005-07-17,161,174
7214,2-174-CONFIDENTIAL INTERVIEW,2005-07-27,2005-08-03,309,174
13848,2-174-CONFIDENTIAL INTERVIEW,2005-08-20,2005-08-25,447,174
667,1-174-CONFIDENTIAL INTERVIEW,2005-05-28,2005-05-31,596,174
3121,1-174-CONFIDENTIAL INTERVIEW,2005-06-20,2005-06-21,132,174
5326,1-174-CONFIDENTIAL INTERVIEW,2005-07-09,2005-07-13,1,174
7648,1-174-CONFIDENTIAL INTERVIEW,2005-07-28,2005-08-04,310,174
11884,1-174-CONFIDENTIAL INTERVIEW,2005-08-17,2005-08-25,178,174
692,2-174-CONFIDENTIAL INTERVIEW,2005-05-29,2005-06-02,18,174
2481,2-174-CONFIDENTIAL INTERVIEW,2005-06-18,2005-06-23,322,174
5835,2-174-CONFIDENTIAL INTERVIEW,2005-07-10,2005-07-17,11,174
8798,2-174-CONFIDENTIAL INTERVIEW,2005-07-29,2005-08-05,513,174
14744,2-174-CONFIDENTIAL INTERVIEW,2005-08-21,2005-08-29,213,174
3165,1-174-CONFIDENTIAL INTERVIEW,2005-06-20,2005-06-22,85,174
5643,1-174-CONFIDENTIAL INTERVIEW,2005-07-10,2005-07-14,34,174
11372,1-174-CONFIDENTIAL INTERVIEW,2005-08-02,2005-08-07,327,174
14180,1-174-CONFIDENTIAL INTERVIEW,2005-08-21,2005-08-24,262,174
5405,2-174-CONFIDENTIAL INTERVIEW,2005-07-09,2005-07-18,45,174
11135,2-174-CONFIDENTIAL INTERVIEW,2005-08-02,2005-08-04,32,174
12426,2-174-CONFIDENTIAL INTERVIEW,2005-08-18,2005-08-22,75,174
6823,1-174-CONFIDENTIAL INTERVIEW,2005-07-12,2005-07-17,557,174
7292,1-174-CONFIDENTIAL INTERVIEW,2005-07-27,2005-08-01,468,174
12533,1-174-CONFIDENTIAL INTERVIEW,2005-08-18,2005-08-20,331,174
7125,2-174-CONFIDENTIAL INTERVIEW,2005-07-27,2005-08-04,460,174
15833,2-174-CONFIDENTIAL INTERVIEW,2005-08-23,2005-08-31,349,174
9350,1-174-CONFIDENTIAL INTERVIEW,2005-07-30,2005-08-02,434,174
14643,1-174-CONFIDENTIAL INTERVIEW,2005-08-21,2005-08-29,119,174
474,2-322-FLATLINERS KILLER,2005-05-27,2005-05-31,274,322
1698,2-322-FLATLINERS KILLER,2005-06-16,2005-06-21,407,322
6508,2-322-FLATLINERS KILLER,2005-07-12,2005-07-17,597,322
9110,2-322-FLATLINERS KILLER,2005-07-30,2005-08-03,317,322
12275,2-322-FLATLINERS KILLER,2005-08-18,2005-08-25,507,322
876,1-322-FLATLINERS KILLER,2005-05-30,2005-06-07,339,322
1990,1-322-FLATLINERS KILLER,2005-06-17,2005-06-24,571,322
5646,1-322-FLATLINERS KILLER,2005-07-10,2005-07-14,166,322
8395,1-322-FLATLINERS KILLER,2005-07-29,2005-07-31,535,322
15204,1-322-FLATLINERS KILLER,2005-08-22,2005-08-26,317,322
1842,1-322-FLATLINERS KILLER,2005-06-16,2005-06-26,426,322
4315,1-322-FLATLINERS KILLER,2005-07-07,2005-07-09,195,322
10277,1-322-FLATLINERS KILLER,2005-08-01,2005-08-05,176,322
11973,1-322-FLATLINERS KILLER,2005-08-17,2005-08-21,131,322
2287,1-322-FLATLINERS KILLER,2005-06-18,2005-06-27,317,322
6880,1-322-FLATLINERS KILLER,2005-07-12,2005-07-17,229,322
7826,1-322-FLATLINERS KILLER,2005-07-28,2005-08-05,214,322
13671,1-322-FLATLINERS KILLER,2005-08-20,2005-08-26,201,322
9416,1-322-FLATLINERS KILLER,2005-07-30,2005-08-02,265,322
13989,1-322-FLATLINERS KILLER,2005-08-20,2005-08-28,252,322
10925,2-322-FLATLINERS KILLER,2005-08-02,2005-08-03,98,322
12600,2-322-FLATLINERS KILLER,2005-08-18,2005-08-25,171,322
477,2-531-LOSE INCH,2005-05-27,2005-06-02,161,531
3169,2-531-LOSE INCH,2005-06-20,2005-06-25,50,531
5421,2-531-LOSE INCH,2005-07-09,2005-07-10,33,531
7631,2-531-LOSE INCH,2005-07-28,2005-08-01,132,531
13058,2-531-LOSE INCH,2005-08-19,2005-08-26,24,531
1748,2-531-LOSE INCH,2005-06-16,2005-06-18,473,531
4635,2-531-LOSE INCH,2005-07-08,2005-07-14,65,531
7345,2-531-LOSE INCH,2005-07-27,2005-08-03,572,531
14949,2-531-LOSE INCH,2005-08-22,2005-08-25,111,531
2214,1-531-LOSE INCH,2005-06-18,2005-06-18,366,531
3496,1-531-LOSE INCH,2005-07-05,2005-07-09,295,531
8146,1-531-LOSE INCH,2005-07-28,2005-07-31,476,531
11722,1-531-LOSE INCH,2005-08-17,2005-08-22,321,531
4641,2-531-LOSE INCH,2005-07-08,2005-07-17,26,531
6943,2-531-LOSE INCH,2005-07-26,2005-07-30,21,531
12324,2-531-LOSE INCH,2005-08-18,2005-08-20,221,531
5506,1-531-LOSE INCH,2005-07-10,2005-07-18,117,531
7158,1-531-LOSE INCH,2005-07-27,2005-08-03,38,531
13442,1-531-LOSE INCH,2005-08-19,2005-08-27,356,531
6022,2-531-LOSE INCH,2005-07-11,2005-07-13,469,531
10451,2-531-LOSE INCH,2005-08-01,2005-08-03,9,531
12393,2-531-LOSE INCH,2005-08-18,2005-08-26,396,531
6740,1-531-LOSE INCH,2005-07-12,2005-07-14,139,531
7994,1-531-LOSE INCH,2005-07-28,2005-07-30,21,531
15033,1-531-LOSE INCH,2005-08-22,2005-08-28,168,531
7241,1-531-LOSE INCH,2005-07-27,2005-07-28,354,531
12049,1-531-LOSE INCH,2005-08-17,2005-08-26,178,531
478,2-93-BRANNIGAN SUNRISE,2005-05-27,2005-05-31,557,93
1339,2-93-BRANNIGAN SUNRISE,2005-06-15,2005-06-19,162,93
6857,2-93-BRANNIGAN SUNRISE,2005-07-12,2005-07-13,196,93
7379,2-93-BRANNIGAN SUNRISE,2005-07-27,2005-07-30,415,93
12199,2-93-BRANNIGAN SUNRISE,2005-08-18,2005-08-22,96,93
627,2-93-BRANNIGAN SUNRISE,2005-05-28,2005-06-04,241,93
2032,2-93-BRANNIGAN SUNRISE,2005-06-17,2005-06-18,316,93
4921,2-93-BRANNIGAN SUNRISE,2005-07-08,2005-07-10,109,93
11290,2-93-BRANNIGAN SUNRISE,2005-08-02,2005-08-09,582,93
15871,2-93-BRANNIGAN SUNRISE,2005-08-23,2005-09-01,57,93
11295,2-93-BRANNIGAN SUNRISE,2005-08-02,2005-08-10,67,93
11859,2-93-BRANNIGAN SUNRISE,2005-08-17,2005-08-21,144,93
480,2-457-INDEPENDENCE HOTEL,2005-05-27,2005-06-04,220,457
2111,2-457-INDEPENDENCE HOTEL,2005-06-17,2005-06-19,76,457
4488,2-457-INDEPENDENCE HOTEL,2005-07-08,2005-07-13,89,457
9555,2-457-INDEPENDENCE HOTEL,2005-07-31,2005-08-03,382,457
13309,2-457-INDEPENDENCE HOTEL,2005-08-19,2005-08-28,91,457
2696,2-457-INDEPENDENCE HOTEL,2005-06-19,2005-06-28,597,457
5379,2-457-INDEPENDENCE HOTEL,2005-07-09,2005-07-10,475,457
8524,2-457-INDEPENDENCE HOTEL,2005-07-29,2005-08-03,124,457
14916,2-457-INDEPENDENCE HOTEL,2005-08-22,2005-08-24,80,457
4919,1-457-INDEPENDENCE HOTEL,2005-07-08,2005-07-11,157,457
9298,1-457-INDEPENDENCE HOTEL,2005-07-30,2005-08-07,208,457
15242,1-457-INDEPENDENCE HOTEL,2005-08-22,2005-08-27,364,457
5104,2-457-INDEPENDENCE HOTEL,2005-07-09,2005-07-14,14,457
7197,2-457-INDEPENDENCE HOTEL,2005-07-27,2005-07-31,577,457
12016,2-457-INDEPENDENCE HOTEL,2005-08-17,2005-08-21,327,457
8528,1-457-INDEPENDENCE HOTEL,2005-07-29,2005-08-07,428,457
15025,1-457-INDEPENDENCE HOTEL,2005-08-22,2005-08-24,257,457
9212,2-457-INDEPENDENCE HOTEL,2005-07-30,2005-08-06,73,457
11926,2-457-INDEPENDENCE HOTEL,2005-08-17,2005-08-22,516,457
481,1-15-ALIEN CENTER,2005-05-27,2005-05-30,445,15
2699,1-15-ALIEN CENTER,2005-06-19,2005-06-24,267,15
4443,1-15-ALIEN CENTER,2005-07-07,2005-07-16,389,15
10362,1-15-ALIEN CENTER,2005-08-01,2005-08-10,181,15
13874,1-15-ALIEN CENTER,2005-08-20,2005-08-21,86,15
505,1-15-ALIEN CENTER,2005-05-28,2005-05-29,111,15
2074,1-15-ALIEN CENTER,2005-06-17,2005-06-20,495,15
6090,1-15-ALIEN CENTER,2005-07-11,2005-07-20,241,15
11262,1-15-ALIEN CENTER,2005-08-02,2005-08-05,348,15
15565,1-15-ALIEN CENTER,2005-08-23,2005-08-30,546,15
1277,2-15-ALIEN CENTER,2005-06-15,2005-06-22,464,15
4333,2-15-ALIEN CENTER,2005-07-07,2005-07-08,113,15
10230,2-15-ALIEN CENTER,2005-08-01,2005-08-05,398,15
11708,2-15-ALIEN CENTER,2005-08-17,2005-08-22,582,15
3826,2-15-ALIEN CENTER,2005-07-06,2005-07-13,451,15
9263,2-15-ALIEN CENTER,2005-07-30,2005-08-04,410,15
14061,2-15-ALIEN CENTER,2005-08-20,2005-08-22,53,15
5036,2-15-ALIEN CENTER,2005-07-09,2005-07-17,573,15
8863,2-15-ALIEN CENTER,2005-07-29,2005-08-04,47,15
12730,2-15-ALIEN CENTER,2005-08-18,2005-08-22,7,15
6965,2-15-ALIEN CENTER,2005-07-27,2005-07-28,185,15
15957,2-15-ALIEN CENTER,2005-08-23,2005-08-31,418,15
482,2-908-TRAP GUYS,2005-05-27,2005-06-01,546,908
3212,2-908-TRAP GUYS,2005-06-21,2005-06-30,21,908
4880,2-908-TRAP GUYS,2005-07-08,2005-07-13,269,908
9472,2-908-TRAP GUYS,2005-07-30,2005-08-01,404,908
14995,2-908-TRAP GUYS,2005-08-22,2005-08-24,482,908
1264,1-908-TRAP GUYS,2005-06-15,2005-06-18,439,908
5681,1-908-TRAP GUYS,2005-07-10,2005-07-18,50,908
10830,1-908-TRAP GUYS,2005-08-01,2005-08-06,148,908
15415,1-908-TRAP GUYS,2005-08-22,2005-09-01,204,908
2005,2-908-TRAP GUYS,2005-06-17,2005-06-19,234,908
5969,2-908-TRAP GUYS,2005-07-11,2005-07-18,433,908
8057,2-908-TRAP GUYS,2005-07-28,2005-08-03,483,908
13960,2-908-TRAP GUYS,2005-08-20,2005-08-29,459,908
6415,1-908-TRAP GUYS,2005-07-11,2005-07-19,84,908
8939,1-908-TRAP GUYS,2005-07-30,2005-08-01,598,908
13359,1-908-TRAP GUYS,2005-08-19,2005-08-27,434,908
483,1-330-FORRESTER COMANCHEROS,2005-05-27,2005-05-28,32,330
3055,1-330-FORRESTER COMANCHEROS,2005-06-20,2005-06-27,23,330
3590,1-330-FORRESTER COMANCHEROS,2005-07-06,2005-07-10,283,330
10953,1-330-FORRESTER COMANCHEROS,2005-08-02,2005-08-11,483,330
13358,1-330-FORRESTER COMANCHEROS,2005-08-19,2005-08-24,439,330
1276,1-330-FORRESTER COMANCHEROS,2005-06-15,2005-06-24,388,330
4288,1-330-FORRESTER COMANCHEROS,2005-07-07,2005-07-13,64,330
10433,1-330-FORRESTER COMANCHEROS,2005-08-01,2005-08-05,517,330
13909,1-330-FORRESTER COMANCHEROS,2005-08-20,2005-08-21,309,330
2034,2-330-FORRESTER COMANCHEROS,2005-06-17,2005-06-22,587,330
4956,2-330-FORRESTER COMANCHEROS,2005-07-08,2005-07-18,477,330
10514,2-330-FORRESTER COMANCHEROS,2005-08-01,2005-08-03,7,330
12897,2-330-FORRESTER COMANCHEROS,2006-02-14,,178,330
2113,1-330-FORRESTER COMANCHEROS,2005-06-17,2005-06-24,406,330
3610,1-330-FORRESTER COMANCHEROS,2005-07-06,2005-07-13,348,330
10870,1-330-FORRESTER COMANCHEROS,2005-08-02,2005-08-02,33,330
13592,1-330-FORRESTER COMANCHEROS,2005-08-20,2005-08-23,470,330
2484,2-330-FORRESTER COMANCHEROS,2005-06-18,2005-06-24,515,330
5820,2-330-FORRESTER COMANCHEROS,2005-07-10,2005-07-16,485,330
8053,2-330-FORRESTER COMANCHEROS,2005-07-28,2005-08-03,526,330
12644,2-330-FORRESTER COMANCHEROS,2005-08-18,2005-08-26,300,330
2780,2-330-FORRESTER COMANCHEROS,2005-06-19,2005-06-28,360,330
4204,2-330-FORRESTER COMANCHEROS,2005-07-07,2005-07-15,569,330
8012,2-330-FORRESTER COMANCHEROS,2005-07-28,2005-08-05,343,330
14987,2-330-FORRESTER COMANCHEROS,2005-08-22,2005-08-24,138,330
10782,1-330-FORRESTER COMANCHEROS,2005-08-01,2005-08-03,577,330
12391,1-330-FORRESTER COMANCHEROS,2005-08-18,2005-08-22,307,330
484,2-684-PIZZA JUMANJI,2005-05-27,2005-05-29,491,684
1601,2-684-PIZZA JUMANJI,2005-06-16,2005-06-21,428,684
3764,2-684-PIZZA JUMANJI,2005-07-06,2005-07-13,470,684
10697,2-684-PIZZA JUMANJI,2005-08-01,2005-08-07,519,684
12861,2-684-PIZZA JUMANJI,2005-08-19,2005-08-22,287,684
9435,2-684-PIZZA JUMANJI,2005-07-30,2005-08-05,301,684
14265,2-684-PIZZA JUMANJI,2005-08-21,2005-08-23,134,684
485,2-522-LIFE TWISTED,2005-05-27,2005-05-28,105,522
2165,2-522-LIFE TWISTED,2005-06-17,2005-06-21,471,522
6481,2-522-LIFE TWISTED,2005-07-12,2005-07-20,128,522
11169,2-522-LIFE TWISTED,2005-08-02,2005-08-07,329,522
15769,2-522-LIFE TWISTED,2005-08-23,2005-08-28,276,522
1083,2-522-LIFE TWISTED,2005-05-31,2005-06-05,556,522
1343,2-522-LIFE TWISTED,2005-06-15,2005-06-21,416,522
4439,2-522-LIFE TWISTED,2005-07-07,2005-07-10,521,522
7531,2-522-LIFE TWISTED,2005-07-27,2005-08-06,221,522
13113,2-522-LIFE TWISTED,2005-08-19,2005-08-23,573,522
487,2-826-SPEED SUIT,2005-05-28,2005-05-28,569,826
1194,2-826-SPEED SUIT,2005-06-15,2005-06-21,402,826
6013,2-826-SPEED SUIT,2005-07-11,2005-07-14,543,826
8297,2-826-SPEED SUIT,2005-07-29,2005-07-31,349,826
13849,2-826-SPEED SUIT,2005-08-20,2005-08-24,261,826
3262,2-826-SPEED SUIT,2005-06-21,2005-06-28,9,826
4237,2-826-SPEED SUIT,2005-07-07,2005-07-15,477,826
10467,2-826-SPEED SUIT,2005-08-01,2005-08-09,412,826
12048,2-826-SPEED SUIT,2005-08-17,2005-08-27,466,826
490,2-771-SCORPION APOLLO,2005-05-28,2005-05-30,95,771
2421,2-771-SCORPION APOLLO,2005-06-18,2005-06-23,26,771
5585,2-771-SCORPION APOLLO,2005-07-10,2005-07-15,63,771
8494,2-771-SCORPION APOLLO,2005-07-29,2005-07-31,92,771
16040,2-771-SCORPION APOLLO,2005-08-23,2005-09-02,195,771
824,1-771-SCORPION APOLLO,2005-05-29,2005-05-31,357,771
2670,1-771-SCORPION APOLLO,2005-06-19,2005-06-21,457,771
4046,1-771-SCORPION APOLLO,2005-07-07,2005-07-14,491,771
8612,1-771-SCORPION APOLLO,2005-07-29,2005-08-06,392,771
15974,1-771-SCORPION APOLLO,2005-08-23,2005-08-27,201,771
1721,2-771-SCORPION APOLLO,2005-06-16,2005-06-23,485,771
6536,2-771-SCORPION APOLLO,2005-07-12,2005-07-18,289,771
9343,2-771-SCORPION APOLLO,2005-07-30,2005-08-02,53,771
15493,2-771-SCORPION APOLLO,2005-08-23,2005-08-25,308,771
4231,2-771-SCORPION APOLLO,2005-07-07,2005-07-13,194,771
7006,2-771-SCORPION APOLLO,2005-07-27,2005-08-03,264,771
15518,2-771-SCORPION APOLLO,2005-08-23,2005-08-24,410,771
7748,2-771-SCORPION APOLLO,2005-07-28,2005-07-31,415,771
13350,2-771-SCORPION APOLLO,2005-08-19,2005-08-27,214,771
8831,1-771-SCORPION APOLLO,2005-07-29,2005-08-08,13,771
14370,1-771-SCORPION APOLLO,2005-08-21,2005-08-27,161,771
9516,1-771-SCORPION APOLLO,2005-07-31,2005-08-07,424,771
15274,1-771-SCORPION APOLLO,2005-08-22,2005-08-23,515,771
491,1-293-EXORCIST STING,2005-05-28,2005-05-29,196,293
3161,1-293-EXORCIST STING,2005-06-20,2005-06-21,373,293
5690,1-293-EXORCIST STING,2005-07-10,2005-07-19,362,293
10107,1-293-EXORCIST STING,2005-07-31,2005-08-09,414,293
13266,1-293-EXORCIST STING,2005-08-19,2005-08-21,571,293
7244,2-293-EXORCIST STING,2005-07-27,2005-07-30,339,293
11523,2-293-EXORCIST STING,2005-08-17,2005-08-24,421,293
9739,2-293-EXORCIST STING,2005-07-31,2005-08-04,343,293
12160,2-293-EXORCIST STING,2005-08-18,2005-08-19,481,293
10162,2-293-EXORCIST STING,2005-07-31,2005-08-07,475,293
14207,2-293-EXORCIST STING,2005-08-21,2005-08-29,569,293
10426,1-293-EXORCIST STING,2005-08-01,2005-08-09,305,293
14377,1-293-EXORCIST STING,2005-08-21,2005-08-29,6,293
492,1-435-HOTEL HAPPINESS,2005-05-28,2005-05-28,228,435
2248,1-435-HOTEL HAPPINESS,2005-06-18,2005-06-19,446,435
5010,1-435-HOTEL HAPPINESS,2005-07-09,2005-07-14,574,435
8416,1-435-HOTEL HAPPINESS,2005-07-29,2005-08-05,315,435
15288,1-435-HOTEL HAPPINESS,2005-08-22,2005-08-26,475,435
2937,1-435-HOTEL HAPPINESS,2005-06-20,2005-06-27,15,435
4515,1-435-HOTEL HAPPINESS,2005-07-08,2005-07-10,229,435
11192,1-435-HOTEL HAPPINESS,2005-08-02,2005-08-07,349,435
13011,1-435-HOTEL HAPPINESS,2005-08-19,2005-08-24,529,435
495,1-226-DESTINY SATURDAY,2005-05-28,2005-05-29,526,226
1396,1-226-DESTINY SATURDAY,2005-06-15,2005-06-17,103,226
6065,1-226-DESTINY SATURDAY,2005-07-11,2005-07-17,562,226
11213,1-226-DESTINY SATURDAY,2005-08-02,2005-08-05,584,226
14163,1-226-DESTINY SATURDAY,2005-08-21,2005-08-21,204,226
3312,2-226-DESTINY SATURDAY,2005-06-21,2005-06-27,554,226
6451,2-226-DESTINY SATURDAY,2005-07-12,2005-07-16,381,226
7095,2-226-DESTINY SATURDAY,2005-07-27,2005-08-05,551,226
11661,2-226-DESTINY SATURDAY,2005-08-17,2005-08-25,27,226
4111,2-226-DESTINY SATURDAY,2005-07-07,2005-07-13,515,226
7654,2-226-DESTINY SATURDAY,2005-07-28,2005-07-31,360,226
12569,2-226-DESTINY SATURDAY,2005-08-18,2005-08-24,29,226
9335,1-226-DESTINY SATURDAY,2005-07-30,2005-08-01,522,226
13628,1-226-DESTINY SATURDAY,2005-08-20,2005-08-22,500,226
10070,2-226-DESTINY SATURDAY,2005-07-31,2005-08-03,325,226
12549,2-226-DESTINY SATURDAY,2005-08-18,2005-08-21,377,226
497,2-578-MILLION ACE,2005-05-28,2005-06-03,20,578
2132,2-578-MILLION ACE,2005-06-17,2005-06-20,186,578
4352,2-578-MILLION ACE,2005-07-07,2005-07-16,249,578
9174,2-578-MILLION ACE,2005-07-30,2005-07-31,144,578
15487,2-578-MILLION ACE,2005-08-23,2005-08-25,469,578
786,2-578-MILLION ACE,2005-05-29,2005-06-07,439,578
3106,2-578-MILLION ACE,2005-06-20,2005-06-24,201,578
5004,2-578-MILLION ACE,2005-07-09,2005-07-09,382,578
8310,2-578-MILLION ACE,2005-07-29,2005-08-06,238,578
11874,2-578-MILLION ACE,2005-08-17,2005-08-18,467,578
822,1-578-MILLION ACE,2005-05-29,2005-06-07,480,578
2374,1-578-MILLION ACE,2005-06-18,2005-06-22,71,578
6290,1-578-MILLION ACE,2005-07-11,2005-07-19,66,578
8274,1-578-MILLION ACE,2005-07-29,2005-08-01,340,578
14787,1-578-MILLION ACE,2005-08-22,2005-08-28,38,578
3532,2-578-MILLION ACE,2005-07-06,2005-07-11,274,578
7551,2-578-MILLION ACE,2005-07-27,2005-07-31,304,578
14940,2-578-MILLION ACE,2005-08-22,2005-08-24,46,578
8030,1-578-MILLION ACE,2005-07-28,2005-07-31,30,578
14590,1-578-MILLION ACE,2005-08-21,2005-08-28,526,578
499,2-519-LIBERTY MAGNIFICENT,2005-05-28,2005-06-05,199,519
3445,2-519-LIBERTY MAGNIFICENT,2005-06-21,2005-06-29,74,519
3508,2-519-LIBERTY MAGNIFICENT,2005-07-06,2005-07-10,34,519
11332,2-519-LIBERTY MAGNIFICENT,2005-08-02,2005-08-04,467,519
14164,2-519-LIBERTY MAGNIFICENT,2005-08-21,2005-08-29,274,519
6602,2-519-LIBERTY MAGNIFICENT,2005-07-12,2005-07-20,214,519
7451,2-519-LIBERTY MAGNIFICENT,2005-07-27,2005-08-03,29,519
13269,2-519-LIBERTY MAGNIFICENT,2005-08-19,2005-08-20,461,519
10252,2-519-LIBERTY MAGNIFICENT,2005-08-01,2005-08-10,86,519
13958,2-519-LIBERTY MAGNIFICENT,2005-08-20,2005-08-28,33,519
11470,2-519-LIBERTY MAGNIFICENT,2005-08-02,2005-08-05,346,519
15589,2-519-LIBERTY MAGNIFICENT,2005-08-23,2005-08-30,22,519
501,1-131-CENTER DINOSAUR,2005-05-28,2005-05-30,162,131
3185,1-131-CENTER DINOSAUR,2005-06-20,2005-06-27,234,131
5463,1-131-CENTER DINOSAUR,2005-07-09,2005-07-11,374,131
8308,1-131-CENTER DINOSAUR,2005-07-29,2005-08-04,582,131
13813,1-131-CENTER DINOSAUR,2005-08-20,2005-08-25,455,131
740,1-131-CENTER DINOSAUR,2005-05-29,2005-06-04,89,131
1217,1-131-CENTER DINOSAUR,2005-06-15,2005-06-18,203,131
3677,1-131-CENTER DINOSAUR,2005-07-06,2005-07-08,5,131
7817,1-131-CENTER DINOSAUR,2005-07-28,2005-07-30,259,131
12085,1-131-CENTER DINOSAUR,2005-08-17,2005-08-21,31,131
881,1-131-CENTER DINOSAUR,2005-05-30,2005-06-02,242,131
3397,1-131-CENTER DINOSAUR,2005-06-21,2005-06-22,552,131
4685,1-131-CENTER DINOSAUR,2005-07-08,2005-07-12,590,131
9499,1-131-CENTER DINOSAUR,2005-07-30,2005-08-01,461,131
13366,1-131-CENTER DINOSAUR,2005-08-19,2005-08-21,259,131
1939,2-131-CENTER DINOSAUR,2005-06-17,2005-06-25,11,131
5723,2-131-CENTER DINOSAUR,2005-07-10,2005-07-11,33,131
11182,2-131-CENTER DINOSAUR,2005-08-02,2005-08-06,54,131
13328,2-131-CENTER DINOSAUR,2005-08-19,2005-08-20,462,131
3722,2-131-CENTER DINOSAUR,2005-07-06,2005-07-13,83,131
8614,2-131-CENTER DINOSAUR,2005-07-29,2005-08-04,552,131
15655,2-131-CENTER DINOSAUR,2006-02-14,,359,131
8859,1-131-CENTER DINOSAUR,2005-07-29,2005-08-07,216,131
13627,1-131-CENTER DINOSAUR,2005-08-20,2005-08-29,329,131
502,2-688-POLISH BROOKLYN,2005-05-28,2005-05-31,179,688
2737,2-688-POLISH BROOKLYN,2005-06-19,2005-06-26,513,688
4658,2-688-POLISH BROOKLYN,2005-07-08,2005-07-10,166,688
10225,2-688-POLISH BROOKLYN,2005-08-01,2005-08-06,498,688
12362,2-688-POLISH BROOKLYN,2005-08-18,2005-08-20,367,688
708,2-688-POLISH BROOKLYN,2005-05-29,2005-05-31,127,688
1382,2-688-POLISH BROOKLYN,2005-06-15,2005-06-22,455,688
4164,2-688-POLISH BROOKLYN,2005-07-07,2005-07-14,295,688
10728,2-688-POLISH BROOKLYN,2005-08-01,2005-08-04,309,688
15573,2-688-POLISH BROOKLYN,2005-08-23,2005-08-27,561,688
805,2-688-POLISH BROOKLYN,2005-05-29,2005-06-07,232,688
2712,2-688-POLISH BROOKLYN,2005-06-19,2005-06-22,411,688
3621,2-688-POLISH BROOKLYN,2005-07-06,2005-07-11,171,688
9900,2-688-POLISH BROOKLYN,2005-07-31,2005-08-07,453,688
15786,2-688-POLISH BROOKLYN,2005-08-23,2005-08-27,371,688
4072,2-688-POLISH BROOKLYN,2005-07-07,2005-07-12,310,688
8583,2-688-POLISH BROOKLYN,2005-07-29,2005-08-04,191,688
15507,2-688-POLISH BROOKLYN,2005-08-23,2005-08-27,563,688
503,2-659-PARK CITIZEN,2005-05-28,2005-05-28,288,659
1219,2-659-PARK CITIZEN,2005-06-15,2005-06-20,330,659
5135,2-659-PARK CITIZEN,2005-07-09,2005-07-16,538,659
7869,2-659-PARK CITIZEN,2005-07-28,2005-08-03,298,659
13706,2-659-PARK CITIZEN,2005-08-20,2005-08-28,363,659
6614,2-659-PARK CITIZEN,2005-07-12,2005-07-18,144,659
7236,2-659-PARK CITIZEN,2005-07-27,2005-08-03,218,659
14009,2-659-PARK CITIZEN,2005-08-20,2005-08-21,382,659
504,2-452-ILLUSION AMELIE,2005-05-28,2005-05-30,170,452
2267,2-452-ILLUSION AMELIE,2005-06-18,2005-06-20,218,452
6186,2-452-ILLUSION AMELIE,2005-07-11,2005-07-17,128,452
8404,2-452-ILLUSION AMELIE,2005-07-29,2005-08-07,65,452
15928,2-452-ILLUSION AMELIE,2005-08-23,2005-09-01,75,452
1110,2-452-ILLUSION AMELIE,2005-05-31,2005-06-07,355,452
1966,2-452-ILLUSION AMELIE,2005-06-17,2005-06-20,6,452
3910,2-452-ILLUSION AMELIE,2005-07-06,2005-07-10,248,452
10668,2-452-ILLUSION AMELIE,2005-08-01,2005-08-02,58,452
14434,2-452-ILLUSION AMELIE,2005-08-21,2005-08-24,549,452
3894,2-452-ILLUSION AMELIE,2005-07-06,2005-07-12,149,452
11394,2-452-ILLUSION AMELIE,2005-08-02,2005-08-06,257,452
15546,2-452-ILLUSION AMELIE,2005-08-23,2005-09-01,223,452
7915,2-452-ILLUSION AMELIE,2005-07-28,2005-08-04,186,452
16047,2-452-ILLUSION AMELIE,2005-08-23,2005-08-25,114,452
506,2-145-CHISUM BEHAVIOR,2005-05-28,2005-06-05,469,145
2901,2-145-CHISUM BEHAVIOR,2005-06-20,2005-06-23,25,145
4004,2-145-CHISUM BEHAVIOR,2005-07-07,2005-07-11,574,145
9873,2-145-CHISUM BEHAVIOR,2005-07-31,2005-08-06,442,145
13536,2-145-CHISUM BEHAVIOR,2005-08-20,2005-08-25,183,145
1139,2-145-CHISUM BEHAVIOR,2005-05-31,2005-06-06,562,145
3413,2-145-CHISUM BEHAVIOR,2005-06-21,2005-06-30,322,145
4116,2-145-CHISUM BEHAVIOR,2005-07-07,2005-07-11,352,145
7423,2-145-CHISUM BEHAVIOR,2005-07-27,2005-07-29,277,145
13686,2-145-CHISUM BEHAVIOR,2005-08-20,2005-08-24,306,145
5000,2-145-CHISUM BEHAVIOR,2005-07-09,2005-07-14,146,145
7982,2-145-CHISUM BEHAVIOR,2005-07-28,2005-07-29,71,145
11969,2-145-CHISUM BEHAVIOR,2005-08-17,2005-08-19,550,145
507,2-790-SHOOTIST SUPERFLY,2005-05-28,2005-06-02,421,790
1504,2-790-SHOOTIST SUPERFLY,2005-06-15,2005-06-24,423,790
5174,2-790-SHOOTIST SUPERFLY,2005-07-09,2005-07-15,47,790
9565,2-790-SHOOTIST SUPERFLY,2005-07-31,2005-08-04,485,790
12657,2-790-SHOOTIST SUPERFLY,2005-08-18,2005-08-21,100,790
2348,2-790-SHOOTIST SUPERFLY,2005-06-18,2005-06-24,449,790
3724,2-790-SHOOTIST SUPERFLY,2005-07-06,2005-07-14,468,790
8904,2-790-SHOOTIST SUPERFLY,2005-07-30,2005-08-04,575,790
14621,2-790-SHOOTIST SUPERFLY,2005-08-21,2005-08-23,344,790
3113,2-790-SHOOTIST SUPERFLY,2005-06-20,2005-06-23,517,790
3867,2-790-SHOOTIST SUPERFLY,2005-07-06,2005-07-13,580,790
7115,2-790-SHOOTIST SUPERFLY,2005-07-27,2005-08-02,359,790
12036,2-790-SHOOTIST SUPERFLY,2005-08-17,2005-08-18,85,790
4208,1-790-SHOOTIST SUPERFLY,2005-07-07,2005-07-09,441,790
11023,1-790-SHOOTIST SUPERFLY,2005-08-02,2005-08-10,6,790
14720,1-790-SHOOTIST SUPERFLY,2005-08-21,2005-08-25,395,790
4602,1-790-SHOOTIST SUPERFLY,2005-07-08,2005-07-10,129,790
9309,1-790-SHOOTIST SUPERFLY,2005-07-30,2005-08-07,30,790
15560,1-790-SHOOTIST SUPERFLY,2005-08-23,2005-09-01,107,790
5113,1-790-SHOOTIST SUPERFLY,2005-07-09,2005-07-13,282,790
7507,1-790-SHOOTIST SUPERFLY,2005-07-27,2005-08-02,512,790
14718,1-790-SHOOTIST SUPERFLY,2005-08-21,2005-08-26,340,790
9864,1-790-SHOOTIST SUPERFLY,2005-07-31,2005-08-02,394,790
12734,1-790-SHOOTIST SUPERFLY,2005-08-18,2005-08-25,121,790
508,2-910-TREATMENT JEKYLL,2005-05-28,2005-06-05,434,910
1572,2-910-TREATMENT JEKYLL,2005-06-16,2005-06-20,560,910
5457,2-910-TREATMENT JEKYLL,2005-07-09,2005-07-12,433,910
9805,2-910-TREATMENT JEKYLL,2005-07-31,2005-08-03,36,910
14171,2-910-TREATMENT JEKYLL,2005-08-21,2005-08-24,320,910
7797,2-910-TREATMENT JEKYLL,2005-07-28,2005-07-31,370,910
14208,2-910-TREATMENT JEKYLL,2005-08-21,2005-08-22,299,910
510,2-945-VIRGINIAN PLUTO,2005-05-28,2005-05-30,113,945
1361,2-945-VIRGINIAN PLUTO,2005-06-15,2005-06-19,115,945
6856,2-945-VIRGINIAN PLUTO,2005-07-12,2005-07-14,275,945
10705,2-945-VIRGINIAN PLUTO,2005-08-01,2005-08-04,381,945
15113,2-945-VIRGINIAN PLUTO,2005-08-22,2005-08-27,424,945
776,2-945-VIRGINIAN PLUTO,2005-05-29,2005-06-03,113,945
2299,2-945-VIRGINIAN PLUTO,2005-06-18,2005-06-26,28,945
3808,2-945-VIRGINIAN PLUTO,2005-07-06,2005-07-07,314,945
10456,2-945-VIRGINIAN PLUTO,2005-08-01,2005-08-06,81,945
14108,2-945-VIRGINIAN PLUTO,2005-08-21,2005-08-21,243,945
2179,1-945-VIRGINIAN PLUTO,2005-06-18,2005-06-19,338,945
6249,1-945-VIRGINIAN PLUTO,2005-07-11,2005-07-14,30,945
10300,1-945-VIRGINIAN PLUTO,2005-08-01,2005-08-04,207,945
14204,1-945-VIRGINIAN PLUTO,2006-02-14,,287,945
3097,2-945-VIRGINIAN PLUTO,2005-06-20,2005-06-23,280,945
6149,2-945-VIRGINIAN PLUTO,2005-07-11,2005-07-17,26,945
10841,2-945-VIRGINIAN PLUTO,2005-08-01,2005-08-07,102,945
13842,2-945-VIRGINIAN PLUTO,2005-08-20,2005-08-29,180,945
3160,1-945-VIRGINIAN PLUTO,2005-06-20,2005-06-29,561,945
3739,1-945-VIRGINIAN PLUTO,2005-07-06,2005-07-09,157,945
7758,1-945-VIRGINIAN PLUTO,2005-07-28,2005-08-03,356,945
11999,1-945-VIRGINIAN PLUTO,2005-08-17,2005-08-20,125,945
5289,1-945-VIRGINIAN PLUTO,2005-07-09,2005-07-12,30,945
9199,1-945-VIRGINIAN PLUTO,2005-07-30,2005-08-01,580,945
15512,1-945-VIRGINIAN PLUTO,2005-08-23,2005-08-25,25,945
7825,2-945-VIRGINIAN PLUTO,2005-07-28,2005-08-06,348,945
13424,2-945-VIRGINIAN PLUTO,2005-08-19,2005-08-23,216,945
7956,1-945-VIRGINIAN PLUTO,2005-07-28,2005-08-06,118,945
13216,1-945-VIRGINIAN PLUTO,2005-08-19,2005-08-25,422,945
512,1-470-ISHTAR ROCKETEER,2005-05-28,2005-06-05,231,470
2141,1-470-ISHTAR ROCKETEER,2005-06-17,2005-06-19,86,470
4960,1-470-ISHTAR ROCKETEER,2005-07-08,2005-07-18,434,470
8488,1-470-ISHTAR ROCKETEER,2005-07-29,2005-08-02,478,470
15250,1-470-ISHTAR ROCKETEER,2005-08-22,2005-08-27,143,470
9620,1-470-ISHTAR ROCKETEER,2005-07-31,2005-08-08,576,470
14053,1-470-ISHTAR ROCKETEER,2005-08-20,2005-08-26,5,470
513,2-50-BAKED CLEOPATRA,2005-05-28,2005-05-29,489,50
2589,2-50-BAKED CLEOPATRA,2005-06-19,2005-06-21,164,50
4502,2-50-BAKED CLEOPATRA,2005-07-08,2005-07-15,470,50
9777,2-50-BAKED CLEOPATRA,2005-07-31,2005-08-08,539,50
15853,2-50-BAKED CLEOPATRA,2005-08-23,2005-08-24,500,50
4110,2-50-BAKED CLEOPATRA,2005-07-07,2005-07-12,486,50
7062,2-50-BAKED CLEOPATRA,2005-07-27,2005-08-03,469,50
14548,2-50-BAKED CLEOPATRA,2005-08-21,2005-08-25,299,50
5151,1-50-BAKED CLEOPATRA,2005-07-09,2005-07-10,228,50
8723,1-50-BAKED CLEOPATRA,2005-07-29,2005-08-06,39,50
13952,1-50-BAKED CLEOPATRA,2006-02-14,,199,50
6820,1-50-BAKED CLEOPATRA,2005-07-12,2005-07-14,243,50
9322,1-50-BAKED CLEOPATRA,2005-07-30,2005-08-06,439,50
15921,1-50-BAKED CLEOPATRA,2005-08-23,2005-08-30,522,50
8687,1-50-BAKED CLEOPATRA,2005-07-29,2005-08-01,117,50
14408,1-50-BAKED CLEOPATRA,2005-08-21,2005-08-27,593,50
514,2-369-GOODFELLAS SALUTE,2005-05-28,2005-06-05,597,369
3400,2-369-GOODFELLAS SALUTE,2005-06-21,2005-06-25,298,369
5107,2-369-GOODFELLAS SALUTE,2005-07-09,2005-07-10,21,369
7103,2-369-GOODFELLAS SALUTE,2005-07-27,2005-07-29,403,369
14748,2-369-GOODFELLAS SALUTE,2005-08-21,2005-08-28,81,369
1121,1-369-GOODFELLAS SALUTE,2005-05-31,2005-06-06,74,369
2612,1-369-GOODFELLAS SALUTE,2005-06-19,2005-06-25,287,369
6338,1-369-GOODFELLAS SALUTE,2005-07-11,2005-07-18,54,369
9932,1-369-GOODFELLAS SALUTE,2005-07-31,2005-08-05,264,369
15083,1-369-GOODFELLAS SALUTE,2005-08-22,2005-08-28,397,369
1161,1-369-GOODFELLAS SALUTE,2005-06-14,2005-06-21,285,369
4821,1-369-GOODFELLAS SALUTE,2005-07-08,2005-07-11,172,369
11305,1-369-GOODFELLAS SALUTE,2005-08-02,2005-08-08,341,369
13012,1-369-GOODFELLAS SALUTE,2005-08-19,2005-08-26,145,369
1336,2-369-GOODFELLAS SALUTE,2005-06-15,2005-06-23,290,369
5790,2-369-GOODFELLAS SALUTE,2005-07-10,2005-07-14,235,369
8922,2-369-GOODFELLAS SALUTE,2005-07-30,2005-08-08,446,369
15540,2-369-GOODFELLAS SALUTE,2005-08-23,2005-08-31,197,369
2578,2-369-GOODFELLAS SALUTE,2005-06-19,2005-06-26,267,369
3887,2-369-GOODFELLAS SALUTE,2005-07-06,2005-07-07,530,369
8134,2-369-GOODFELLAS SALUTE,2005-07-28,2005-08-03,41,369
14795,2-369-GOODFELLAS SALUTE,2005-08-22,2005-08-26,303,369
4226,1-369-GOODFELLAS SALUTE,2005-07-07,2005-07-09,57,369
10418,1-369-GOODFELLAS SALUTE,2005-08-01,2005-08-04,248,369
11703,1-369-GOODFELLAS SALUTE,2005-08-17,2005-08-20,279,369
4693,2-369-GOODFELLAS SALUTE,2005-07-08,2005-07-14,221,369
10864,2-369-GOODFELLAS SALUTE,2005-08-02,2005-08-08,134,369
13616,2-369-GOODFELLAS SALUTE,2005-08-20,2005-08-27,194,369
5976,1-369-GOODFELLAS SALUTE,2005-07-11,2005-07-20,505,369
7228,1-369-GOODFELLAS SALUTE,2005-07-27,2005-07-29,481,369
15923,1-369-GOODFELLAS SALUTE,2005-08-23,2005-08-26,276,369
517,2-52-BALLROOM MOCKINGBIRD,2005-05-28,2005-05-29,403,52
2234,2-52-BALLROOM MOCKINGBIRD,2005-06-18,2005-06-24,182,52
4088,2-52-BALLROOM MOCKINGBIRD,2005-07-07,2005-07-15,66,52
10450,2-52-BALLROOM MOCKINGBIRD,2005-08-01,2005-08-08,380,52
15180,2-52-BALLROOM MOCKINGBIRD,2005-08-22,2005-08-24,532,52
6702,2-52-BALLROOM MOCKINGBIRD,2005-07-12,2005-07-13,164,52
8399,2-52-BALLROOM MOCKINGBIRD,2005-07-29,2005-08-04,286,52
15087,2-52-BALLROOM MOCKINGBIRD,2005-08-22,2005-08-27,404,52
519,2-778-SECRETS PARADISE,2005-05-28,2005-06-03,245,778
2180,2-778-SECRETS PARADISE,2005-06-18,2005-06-25,497,778
3649,2-778-SECRETS PARADISE,2005-07-06,2005-07-12,24,778
8079,2-778-SECRETS PARADISE,2005-07-28,2005-07-29,432,778
13946,2-778-SECRETS PARADISE,2005-08-20,2005-08-28,529,778
982,1-778-SECRETS PARADISE,2005-05-30,2005-06-02,524,778
1451,1-778-SECRETS PARADISE,2005-06-15,2005-06-19,18,778
3789,1-778-SECRETS PARADISE,2005-07-06,2005-07-14,595,778
8896,1-778-SECRETS PARADISE,2005-07-30,2005-07-31,205,778
15344,1-778-SECRETS PARADISE,2005-08-22,2005-08-27,193,778
4128,2-778-SECRETS PARADISE,2005-07-07,2005-07-14,492,778
7876,2-778-SECRETS PARADISE,2005-07-28,2005-08-04,577,778
14192,2-778-SECRETS PARADISE,2005-08-21,2005-08-28,26,778
6514,1-778-SECRETS PARADISE,2005-07-12,2005-07-20,73,778
10973,1-778-SECRETS PARADISE,2005-08-02,2005-08-08,127,778
14617,1-778-SECRETS PARADISE,2005-08-21,2005-08-24,51,778
7896,1-778-SECRETS PARADISE,2005-07-28,2005-08-04,389,778
12340,1-778-SECRETS PARADISE,2005-08-18,2005-08-20,239,778
9787,1-778-SECRETS PARADISE,2005-07-31,2005-08-09,272,778
14724,1-778-SECRETS PARADISE,2005-08-21,2005-08-23,552,778
520,1-842-STATE WASTELAND,2005-05-28,2005-06-04,161,842
2610,1-842-STATE WASTELAND,2005-06-19,2005-06-25,542,842
4165,1-842-STATE WASTELAND,2005-07-07,2005-07-15,66,842
9828,1-842-STATE WASTELAND,2005-07-31,2005-08-02,376,842
12494,1-842-STATE WASTELAND,2005-08-18,2005-08-26,522,842
1315,1-842-STATE WASTELAND,2005-06-15,2005-06-21,405,842
3843,1-842-STATE WASTELAND,2005-07-06,2005-07-07,62,842
9988,1-842-STATE WASTELAND,2005-07-31,2005-08-07,243,842
13577,1-842-STATE WASTELAND,2006-02-14,,448,842
9034,2-842-STATE WASTELAND,2005-07-30,2005-08-08,144,842
13768,2-842-STATE WASTELAND,2005-08-20,2005-08-27,198,842
10531,2-842-STATE WASTELAND,2005-08-01,2005-08-04,459,842
15348,2-842-STATE WASTELAND,2005-08-22,2005-08-24,587,842
521,1-524-LION UNCUT,2005-05-28,2005-05-28,374,524
3050,1-524-LION UNCUT,2005-06-20,2005-06-29,557,524
5145,1-524-LION UNCUT,2005-07-09,2005-07-10,204,524
9782,1-524-LION UNCUT,2005-07-31,2005-08-06,438,524
15127,1-524-LION UNCUT,2005-08-22,2005-08-26,287,524
2789,2-524-LION UNCUT,2005-06-19,2005-06-21,514,524
6776,2-524-LION UNCUT,2005-07-12,2005-07-20,348,524
11269,2-524-LION UNCUT,2005-08-02,2005-08-08,297,524
12024,2-524-LION UNCUT,2005-08-17,2005-08-21,484,524
6339,2-524-LION UNCUT,2005-07-11,2005-07-18,145,524
10377,2-524-LION UNCUT,2005-08-01,2005-08-10,559,524
11882,2-524-LION UNCUT,2005-08-17,2005-08-26,234,524
7394,2-524-LION UNCUT,2005-07-27,2005-08-04,30,524
12232,2-524-LION UNCUT,2005-08-18,2005-08-19,87,524
7860,2-524-LION UNCUT,2005-07-28,2005-08-05,241,524
11776,2-524-LION UNCUT,2005-08-17,2005-08-20,306,524
10004,1-524-LION UNCUT,2005-07-31,2005-08-03,570,524
15522,1-524-LION UNCUT,2005-08-23,2005-08-30,468,524
523,1-415-HIGH ENCINO,2005-05-28,2005-05-31,138,415
1638,1-415-HIGH ENCINO,2005-06-16,2005-06-18,181,415
5550,1-415-HIGH ENCINO,2005-07-10,2005-07-16,254,415
9467,1-415-HIGH ENCINO,2005-07-30,2005-08-08,202,415
14530,1-415-HIGH ENCINO,2005-08-21,2005-08-26,77,415
2095,1-415-HIGH ENCINO,2005-06-17,2005-06-23,8,415
4356,1-415-HIGH ENCINO,2005-07-07,2005-07-16,318,415
10316,1-415-HIGH ENCINO,2005-08-01,2005-08-06,469,415
11923,1-415-HIGH ENCINO,2005-08-17,2005-08-18,72,415
2150,2-415-HIGH ENCINO,2005-06-17,2005-06-21,406,415
6316,2-415-HIGH ENCINO,2005-07-11,2005-07-19,526,415
7971,2-415-HIGH ENCINO,2005-07-28,2005-08-02,445,415
12230,2-415-HIGH ENCINO,2005-08-18,2005-08-27,231,415
3253,1-415-HIGH ENCINO,2005-06-21,2005-06-27,405,415
4346,1-415-HIGH ENCINO,2005-07-07,2005-07-10,520,415
7039,1-415-HIGH ENCINO,2005-07-27,2005-08-01,99,415
15215,1-415-HIGH ENCINO,2005-08-22,2005-08-25,344,415
4160,2-415-HIGH ENCINO,2005-07-07,2005-07-15,326,415
7038,2-415-HIGH ENCINO,2005-07-27,2005-07-31,518,415
15157,2-415-HIGH ENCINO,2005-08-22,2005-08-29,580,415
10484,2-415-HIGH ENCINO,2005-08-01,2005-08-03,400,415
14692,2-415-HIGH ENCINO,2005-08-21,2005-08-28,192,415
524,1-428-HOMICIDE PEACH,2005-05-28,2005-05-31,223,428
1935,1-428-HOMICIDE PEACH,2005-06-17,2005-06-20,295,428
4642,1-428-HOMICIDE PEACH,2005-07-08,2005-07-10,30,428
10674,1-428-HOMICIDE PEACH,2005-08-01,2005-08-08,340,428
13728,1-428-HOMICIDE PEACH,2005-08-20,2005-08-23,157,428
2050,1-428-HOMICIDE PEACH,2005-06-17,2005-06-18,549,428
4908,1-428-HOMICIDE PEACH,2005-07-08,2005-07-17,160,428
7113,1-428-HOMICIDE PEACH,2005-07-27,2005-07-30,534,428
15668,1-428-HOMICIDE PEACH,2005-08-23,2005-08-29,38,428
3288,1-428-HOMICIDE PEACH,2005-06-21,2005-06-30,299,428
5150,1-428-HOMICIDE PEACH,2005-07-09,2005-07-16,410,428
9831,1-428-HOMICIDE PEACH,2005-07-31,2005-08-04,192,428
13115,1-428-HOMICIDE PEACH,2005-08-19,2005-08-20,84,428
3355,1-428-HOMICIDE PEACH,2005-06-21,2005-06-23,275,428
3928,1-428-HOMICIDE PEACH,2005-07-06,2005-07-08,411,428
10099,1-428-HOMICIDE PEACH,2005-07-31,2005-08-02,220,428
14833,1-428-HOMICIDE PEACH,2005-08-22,2005-08-28,551,428
4347,2-428-HOMICIDE PEACH,2005-07-07,2005-07-14,344,428
8897,2-428-HOMICIDE PEACH,2005-07-30,2005-08-01,459,428
12272,2-428-HOMICIDE PEACH,2005-08-18,2005-08-24,15,428
10443,2-428-HOMICIDE PEACH,2005-08-01,2005-08-04,403,428
14577,2-428-HOMICIDE PEACH,2005-08-21,2005-08-26,126,428
525,1-395-HANDICAP BOONDOCK,2005-05-28,2005-06-06,14,395
3446,1-395-HANDICAP BOONDOCK,2005-06-21,2005-06-26,174,395
5923,1-395-HANDICAP BOONDOCK,2005-07-10,2005-07-13,401,395
11303,1-395-HANDICAP BOONDOCK,2005-08-02,2005-08-05,417,395
11531,1-395-HANDICAP BOONDOCK,2005-08-17,2005-08-20,278,395
549,1-395-HANDICAP BOONDOCK,2005-05-28,2005-06-02,159,395
2345,1-395-HANDICAP BOONDOCK,2005-06-18,2005-06-22,6,395
4781,1-395-HANDICAP BOONDOCK,2005-07-08,2005-07-16,593,395
10703,1-395-HANDICAP BOONDOCK,2005-08-01,2005-08-07,181,395
13953,1-395-HANDICAP BOONDOCK,2005-08-20,2005-08-28,371,395
778,1-395-HANDICAP BOONDOCK,2005-05-29,2005-06-05,535,395
1438,1-395-HANDICAP BOONDOCK,2005-06-15,2005-06-17,82,395
3943,1-395-HANDICAP BOONDOCK,2005-07-06,2005-07-07,566,395
10837,1-395-HANDICAP BOONDOCK,2005-08-01,2005-08-07,410,395
12850,1-395-HANDICAP BOONDOCK,2005-08-19,2005-08-20,440,395
880,2-395-HANDICAP BOONDOCK,2005-05-30,2005-06-02,460,395
2984,2-395-HANDICAP BOONDOCK,2005-06-20,2005-06-22,435,395
6767,2-395-HANDICAP BOONDOCK,2005-07-12,2005-07-17,208,395
8793,2-395-HANDICAP BOONDOCK,2005-07-29,2005-08-02,167,395
11741,2-395-HANDICAP BOONDOCK,2005-08-17,2005-08-20,473,395
1782,2-395-HANDICAP BOONDOCK,2005-06-16,2005-06-22,498,395
3885,2-395-HANDICAP BOONDOCK,2005-07-06,2005-07-12,282,395
10921,2-395-HANDICAP BOONDOCK,2005-08-02,2005-08-09,555,395
11604,2-395-HANDICAP BOONDOCK,2005-08-17,2005-08-19,388,395
2237,2-395-HANDICAP BOONDOCK,2005-06-18,2005-06-27,205,395
6489,2-395-HANDICAP BOONDOCK,2005-07-12,2005-07-17,268,395
8717,2-395-HANDICAP BOONDOCK,2005-07-29,2005-08-01,260,395
15252,2-395-HANDICAP BOONDOCK,2005-08-22,2005-08-25,453,395
527,1-59-BEAR GRACELAND,2005-05-28,2005-06-02,169,59
1549,1-59-BEAR GRACELAND,2005-06-16,2005-06-18,69,59
6374,1-59-BEAR GRACELAND,2005-07-11,2005-07-17,244,59
9868,1-59-BEAR GRACELAND,2005-07-31,2005-08-01,378,59
15739,1-59-BEAR GRACELAND,2005-08-23,2005-08-29,74,59
719,2-59-BEAR GRACELAND,2005-05-29,2005-06-01,245,59
1539,2-59-BEAR GRACELAND,2005-06-16,2005-06-23,390,59
4407,2-59-BEAR GRACELAND,2005-07-07,2005-07-11,20,59
7692,2-59-BEAR GRACELAND,2005-07-28,2005-07-30,392,59
14247,2-59-BEAR GRACELAND,2005-08-21,2005-08-26,302,59
1079,2-59-BEAR GRACELAND,2005-05-31,2005-06-08,312,59
2486,2-59-BEAR GRACELAND,2005-06-18,2005-06-22,15,59
3504,2-59-BEAR GRACELAND,2005-07-06,2005-07-10,209,59
11491,2-59-BEAR GRACELAND,2005-08-02,2005-08-11,307,59
14136,2-59-BEAR GRACELAND,2005-08-21,2005-08-28,135,59
2410,1-59-BEAR GRACELAND,2005-06-18,2005-06-20,381,59
6064,1-59-BEAR GRACELAND,2005-07-11,2005-07-19,297,59
10024,1-59-BEAR GRACELAND,2005-07-31,2005-08-09,129,59
12274,1-59-BEAR GRACELAND,2005-08-18,2005-08-27,47,59
5595,1-59-BEAR GRACELAND,2005-07-10,2005-07-16,572,59
11000,1-59-BEAR GRACELAND,2005-08-02,2005-08-07,265,59
15086,1-59-BEAR GRACELAND,2005-08-22,2005-08-30,494,59
528,2-361-GLEAMING JAWBREAKER,2005-05-28,2005-06-03,359,361
2154,2-361-GLEAMING JAWBREAKER,2005-06-17,2005-06-24,30,361
4494,2-361-GLEAMING JAWBREAKER,2005-07-08,2005-07-16,349,361
10394,2-361-GLEAMING JAWBREAKER,2005-08-01,2005-08-05,128,361
13143,2-361-GLEAMING JAWBREAKER,2005-08-19,2005-08-25,371,361
1313,2-361-GLEAMING JAWBREAKER,2005-06-15,2005-06-23,448,361
5214,2-361-GLEAMING JAWBREAKER,2005-07-09,2005-07-17,290,361
9950,2-361-GLEAMING JAWBREAKER,2005-07-31,2005-08-08,572,361
14808,2-361-GLEAMING JAWBREAKER,2005-08-22,2005-08-29,362,361
1798,1-361-GLEAMING JAWBREAKER,2005-06-16,2005-06-20,429,361
6227,1-361-GLEAMING JAWBREAKER,2005-07-11,2005-07-18,210,361
11113,1-361-GLEAMING JAWBREAKER,2005-08-02,2005-08-07,231,361
12770,1-361-GLEAMING JAWBREAKER,2005-08-18,2005-08-26,575,361
1875,1-361-GLEAMING JAWBREAKER,2005-06-17,2005-06-22,528,361
5529,1-361-GLEAMING JAWBREAKER,2005-07-10,2005-07-15,590,361
10957,1-361-GLEAMING JAWBREAKER,2005-08-02,2005-08-10,447,361
15897,1-361-GLEAMING JAWBREAKER,2005-08-23,2005-08-30,15,361
3123,2-361-GLEAMING JAWBREAKER,2005-06-20,2005-06-29,289,361
6359,2-361-GLEAMING JAWBREAKER,2005-07-11,2005-07-16,30,361
8584,2-361-GLEAMING JAWBREAKER,2005-07-29,2005-07-31,482,361
13222,2-361-GLEAMING JAWBREAKER,2005-08-19,2005-08-26,91,361
4028,1-361-GLEAMING JAWBREAKER,2005-07-07,2005-07-15,344,361
10387,1-361-GLEAMING JAWBREAKER,2005-08-01,2005-08-08,87,361
12295,1-361-GLEAMING JAWBREAKER,2005-08-18,2005-08-26,532,361
4718,1-361-GLEAMING JAWBREAKER,2005-07-08,2005-07-17,535,361
7298,1-361-GLEAMING JAWBREAKER,2005-07-27,2005-07-30,121,361
13513,1-361-GLEAMING JAWBREAKER,2005-08-20,2005-08-22,454,361
7109,2-361-GLEAMING JAWBREAKER,2005-07-27,2005-08-04,406,361
12645,2-361-GLEAMING JAWBREAKER,2006-02-14,,457,361
530,1-733-RIVER OUTLAW,2005-05-28,2005-06-01,312,733
2635,1-733-RIVER OUTLAW,2005-06-19,2005-06-26,105,733
6609,1-733-RIVER OUTLAW,2005-07-12,2005-07-19,133,733
9901,1-733-RIVER OUTLAW,2005-07-31,2005-08-03,277,733
13747,1-733-RIVER OUTLAW,2005-08-20,2005-08-29,74,733
3174,1-733-RIVER OUTLAW,2005-06-20,2005-06-22,107,733
5783,1-733-RIVER OUTLAW,2005-07-10,2005-07-16,385,733
8249,1-733-RIVER OUTLAW,2005-07-29,2005-08-07,57,733
14568,1-733-RIVER OUTLAW,2005-08-21,2005-08-22,582,733
5049,2-733-RIVER OUTLAW,2005-07-09,2005-07-11,144,733
9415,2-733-RIVER OUTLAW,2005-07-30,2005-08-05,139,733
13685,2-733-RIVER OUTLAW,2005-08-20,2005-08-27,260,733
7293,1-733-RIVER OUTLAW,2005-07-27,2005-07-30,5,733
13599,1-733-RIVER OUTLAW,2005-08-20,2005-08-29,150,733
8245,1-733-RIVER OUTLAW,2005-07-29,2005-08-05,555,733
15407,1-733-RIVER OUTLAW,2006-02-14,,42,733
11333,2-733-RIVER OUTLAW,2005-08-02,2005-08-07,225,733
15622,2-733-RIVER OUTLAW,2005-08-23,2005-09-01,302,733
11377,2-733-RIVER OUTLAW,2005-08-02,2005-08-08,119,733
15992,2-733-RIVER OUTLAW,2005-08-23,2005-08-24,589,733
531,1-247-DOWNHILL ENOUGH,2005-05-28,2005-05-29,589,247
1734,1-247-DOWNHILL ENOUGH,2005-06-16,2005-06-22,94,247
6771,1-247-DOWNHILL ENOUGH,2005-07-12,2005-07-17,396,247
8665,1-247-DOWNHILL ENOUGH,2005-07-29,2005-08-01,265,247
14598,1-247-DOWNHILL ENOUGH,2005-08-21,2005-08-29,359,247
721,2-247-DOWNHILL ENOUGH,2005-05-29,2005-05-31,44,247
3066,2-247-DOWNHILL ENOUGH,2005-06-20,2005-06-26,268,247
4649,2-247-DOWNHILL ENOUGH,2005-07-08,2005-07-15,221,247
11315,2-247-DOWNHILL ENOUGH,2005-08-02,2005-08-05,13,247
13688,2-247-DOWNHILL ENOUGH,2005-08-20,2005-08-28,572,247
894,2-247-DOWNHILL ENOUGH,2005-05-30,2005-06-07,400,247
3267,2-247-DOWNHILL ENOUGH,2005-06-21,2005-06-29,134,247
5737,2-247-DOWNHILL ENOUGH,2005-07-10,2005-07-13,218,247
8159,2-247-DOWNHILL ENOUGH,2005-07-28,2005-08-04,47,247
13678,2-247-DOWNHILL ENOUGH,2005-08-20,2005-08-27,337,247
4280,2-247-DOWNHILL ENOUGH,2005-07-07,2005-07-13,593,247
11413,2-247-DOWNHILL ENOUGH,2005-08-02,2005-08-05,297,247
12231,2-247-DOWNHILL ENOUGH,2005-08-18,2005-08-24,231,247
6922,1-247-DOWNHILL ENOUGH,2005-07-12,2005-07-14,371,247
10152,1-247-DOWNHILL ENOUGH,2005-07-31,2005-08-08,244,247
15924,1-247-DOWNHILL ENOUGH,2005-08-23,2005-08-27,541,247
6954,1-247-DOWNHILL ENOUGH,2005-07-26,2005-07-28,584,247
15900,1-247-DOWNHILL ENOUGH,2005-08-23,2005-08-27,562,247
10076,2-247-DOWNHILL ENOUGH,2005-07-31,2005-08-10,555,247
12819,2-247-DOWNHILL ENOUGH,2005-08-19,2005-08-22,542,247
533,1-938-VELVET TERMINATOR,2005-05-28,2005-06-01,528,938
3173,1-938-VELVET TERMINATOR,2005-06-20,2005-06-27,33,938
4489,1-938-VELVET TERMINATOR,2005-07-08,2005-07-09,259,938
10398,1-938-VELVET TERMINATOR,2005-08-01,2005-08-04,174,938
11872,1-938-VELVET TERMINATOR,2005-08-17,2005-08-21,113,938
644,1-938-VELVET TERMINATOR,2005-05-28,2005-06-04,316,938
3023,1-938-VELVET TERMINATOR,2005-06-20,2005-06-21,106,938
3761,1-938-VELVET TERMINATOR,2005-07-06,2005-07-08,464,938
10166,1-938-VELVET TERMINATOR,2005-07-31,2005-08-07,484,938
15941,1-938-VELVET TERMINATOR,2005-08-23,2005-08-31,424,938
1589,1-938-VELVET TERMINATOR,2005-06-16,2005-06-24,293,938
6849,1-938-VELVET TERMINATOR,2005-07-12,2005-07-19,479,938
11119,1-938-VELVET TERMINATOR,2005-08-02,2005-08-10,489,938
12857,1-938-VELVET TERMINATOR,2005-08-19,2005-08-20,443,938
2027,2-938-VELVET TERMINATOR,2005-06-17,2005-06-23,265,938
3644,2-938-VELVET TERMINATOR,2005-07-06,2005-07-11,403,938
9016,2-938-VELVET TERMINATOR,2005-07-30,2005-08-04,312,938
12581,2-938-VELVET TERMINATOR,2005-08-18,2005-08-23,70,938
2540,1-938-VELVET TERMINATOR,2005-06-19,2005-06-20,363,938
6102,1-938-VELVET TERMINATOR,2005-07-11,2005-07-17,146,938
7055,1-938-VELVET TERMINATOR,2005-07-27,2005-07-30,154,938
14528,1-938-VELVET TERMINATOR,2005-08-21,2005-08-26,46,938
2991,2-938-VELVET TERMINATOR,2005-06-20,2005-06-23,472,938
6260,2-938-VELVET TERMINATOR,2005-07-11,2005-07-13,454,938
8636,2-938-VELVET TERMINATOR,2005-07-29,2005-08-02,252,938
12965,2-938-VELVET TERMINATOR,2005-08-19,2005-08-22,430,938
534,2-220-DEER VIRGINIAN,2005-05-28,2005-06-06,184,220
2006,2-220-DEER VIRGINIAN,2005-06-17,2005-06-19,215,220
5953,2-220-DEER VIRGINIAN,2005-07-10,2005-07-14,386,220
7858,2-220-DEER VIRGINIAN,2005-07-28,2005-08-05,144,220
14303,2-220-DEER VIRGINIAN,2005-08-21,2005-08-24,475,220
616,2-220-DEER VIRGINIAN,2005-05-28,2005-06-02,471,220
1510,2-220-DEER VIRGINIAN,2005-06-15,2005-06-24,338,220
5026,2-220-DEER VIRGINIAN,2005-07-09,2005-07-13,463,220
11425,2-220-DEER VIRGINIAN,2005-08-02,2005-08-03,419,220
13764,2-220-DEER VIRGINIAN,2005-08-20,2005-08-27,386,220
1162,1-220-DEER VIRGINIAN,2005-06-14,2005-06-23,310,220
4120,1-220-DEER VIRGINIAN,2005-07-07,2005-07-16,559,220
10763,1-220-DEER VIRGINIAN,2005-08-01,2005-08-05,276,220
15308,1-220-DEER VIRGINIAN,2005-08-22,2005-08-26,329,220
1907,1-220-DEER VIRGINIAN,2005-06-17,2005-06-23,66,220
5155,1-220-DEER VIRGINIAN,2005-07-09,2005-07-14,523,220
7380,1-220-DEER VIRGINIAN,2005-07-27,2005-08-03,348,220
15568,1-220-DEER VIRGINIAN,2005-08-23,2005-08-27,556,220
4414,2-220-DEER VIRGINIAN,2005-07-07,2005-07-12,434,220
8954,2-220-DEER VIRGINIAN,2005-07-30,2005-08-06,137,220
12870,2-220-DEER VIRGINIAN,2005-08-19,2005-08-27,86,220
5125,2-220-DEER VIRGINIAN,2005-07-09,2005-07-12,263,220
7147,2-220-DEER VIRGINIAN,2005-07-27,2005-08-01,192,220
13034,2-220-DEER VIRGINIAN,2005-08-19,2005-08-20,387,220
5311,1-220-DEER VIRGINIAN,2005-07-09,2005-07-18,107,220
7772,1-220-DEER VIRGINIAN,2005-07-28,2005-08-01,552,220
13161,1-220-DEER VIRGINIAN,2006-02-14,,175,220
8618,1-220-DEER VIRGINIAN,2005-07-29,2005-08-06,270,220
13238,1-220-DEER VIRGINIAN,2005-08-19,2005-08-23,348,220
537,2-680-PINOCCHIO SIMON,2005-05-28,2005-06-05,315,680
2159,2-680-PINOCCHIO SIMON,2005-06-17,2005-06-25,465,680
3608,2-680-PINOCCHIO SIMON,2005-07-06,2005-07-10,368,680
11094,2-680-PINOCCHIO SIMON,2005-08-02,2005-08-03,18,680
13016,2-680-PINOCCHIO SIMON,2005-08-19,2005-08-23,175,680
2763,2-680-PINOCCHIO SIMON,2005-06-19,2005-06-21,276,680
4090,2-680-PINOCCHIO SIMON,2005-07-07,2005-07-08,67,680
6976,2-680-PINOCCHIO SIMON,2005-07-27,2005-07-31,41,680
15673,2-680-PINOCCHIO SIMON,2005-08-23,2005-08-29,321,680
3067,2-680-PINOCCHIO SIMON,2005-06-20,2005-06-28,349,680
4031,2-680-PINOCCHIO SIMON,2005-07-07,2005-07-14,143,680
8570,2-680-PINOCCHIO SIMON,2005-07-29,2005-08-06,131,680
14586,2-680-PINOCCHIO SIMON,2005-08-21,2005-08-26,182,680
5442,1-680-PINOCCHIO SIMON,2005-07-09,2005-07-19,29,680
7407,1-680-PINOCCHIO SIMON,2005-07-27,2005-08-01,410,680
16019,1-680-PINOCCHIO SIMON,2005-08-23,2005-08-27,278,680
8626,1-680-PINOCCHIO SIMON,2005-07-29,2005-08-02,148,680
12687,1-680-PINOCCHIO SIMON,2005-08-18,2005-08-27,285,680
9685,2-680-PINOCCHIO SIMON,2005-07-31,2005-08-04,165,680
13470,2-680-PINOCCHIO SIMON,2005-08-20,2005-08-21,141,680
539,2-751-RUNAWAY TENENBAUMS,2005-05-28,2005-05-30,161,751
3299,2-751-RUNAWAY TENENBAUMS,2005-06-21,2005-06-27,199,751
4043,2-751-RUNAWAY TENENBAUMS,2005-07-07,2005-07-10,204,751
8045,2-751-RUNAWAY TENENBAUMS,2005-07-28,2005-08-03,368,751
13640,2-751-RUNAWAY TENENBAUMS,2005-08-20,2005-08-21,541,751
3791,2-751-RUNAWAY TENENBAUMS,2005-07-06,2005-07-14,452,751
9090,2-751-RUNAWAY TENENBAUMS,2005-07-30,2005-08-08,104,751
14264,2-751-RUNAWAY TENENBAUMS,2005-08-21,2005-08-25,295,751
541,1-363-GO PURPLE,2005-05-28,2005-06-02,535,363
2741,1-363-GO PURPLE,2005-06-19,2005-06-20,36,363
5596,1-363-GO PURPLE,2005-07-10,2005-07-11,240,363
6968,1-363-GO PURPLE,2005-07-27,2005-07-30,370,363
12595,1-363-GO PURPLE,2005-08-18,2005-08-19,286,363
1747,1-363-GO PURPLE,2005-06-16,2005-06-25,273,363
3620,1-363-GO PURPLE,2005-07-06,2005-07-08,88,363
11247,1-363-GO PURPLE,2005-08-02,2005-08-06,441,363
12997,1-363-GO PURPLE,2005-08-19,2005-08-24,311,363
3264,2-363-GO PURPLE,2005-06-21,2005-06-23,340,363
4034,2-363-GO PURPLE,2005-07-07,2005-07-09,354,363
8632,2-363-GO PURPLE,2005-07-29,2005-08-07,563,363
15486,2-363-GO PURPLE,2005-08-23,2005-08-29,502,363
3730,2-363-GO PURPLE,2005-07-06,2005-07-15,355,363
7276,2-363-GO PURPLE,2005-07-27,2005-08-01,314,363
11723,2-363-GO PURPLE,2005-08-17,2005-08-22,341,363
8933,2-363-GO PURPLE,2005-07-30,2005-08-02,260,363
15272,2-363-GO PURPLE,2005-08-22,2005-08-28,422,363
11298,1-363-GO PURPLE,2005-08-02,2005-08-06,35,363
15808,1-363-GO PURPLE,2005-08-23,2005-08-27,446,363
543,2-116-CANDIDATE PERDITION,2005-05-28,2005-06-06,493,116
1681,2-116-CANDIDATE PERDITION,2005-06-16,2005-06-19,255,116
6736,2-116-CANDIDATE PERDITION,2005-07-12,2005-07-15,342,116
11158,2-116-CANDIDATE PERDITION,2005-08-02,2005-08-10,190,116
14535,2-116-CANDIDATE PERDITION,2005-08-21,2005-08-29,412,116
5425,2-116-CANDIDATE PERDITION,2005-07-09,2005-07-16,37,116
7278,2-116-CANDIDATE PERDITION,2005-07-27,2005-08-01,592,116
14269,2-116-CANDIDATE PERDITION,2005-08-21,2005-08-30,241,116
5717,2-116-CANDIDATE PERDITION,2005-07-10,2005-07-13,15,116
9617,2-116-CANDIDATE PERDITION,2005-07-31,2005-08-02,102,116
12562,2-116-CANDIDATE PERDITION,2005-08-18,2005-08-23,212,116
6473,1-116-CANDIDATE PERDITION,2005-07-12,2005-07-20,594,116
7164,1-116-CANDIDATE PERDITION,2005-07-27,2005-08-04,284,116
13071,1-116-CANDIDATE PERDITION,2005-08-19,2005-08-26,578,116
10294,2-116-CANDIDATE PERDITION,2005-08-01,2005-08-09,28,116
15896,2-116-CANDIDATE PERDITION,2005-08-23,2005-08-31,585,116
11112,1-116-CANDIDATE PERDITION,2005-08-02,2005-08-03,207,116
13798,1-116-CANDIDATE PERDITION,2006-02-14,,15,116
547,1-448-IDAHO LOVE,2005-05-28,2005-06-06,506,448
2642,1-448-IDAHO LOVE,2005-06-19,2005-06-25,4,448
4137,1-448-IDAHO LOVE,2005-07-07,2005-07-11,485,448
8295,1-448-IDAHO LOVE,2005-07-29,2005-07-30,406,448
12155,1-448-IDAHO LOVE,2005-08-18,2005-08-18,315,448
1670,2-448-IDAHO LOVE,2005-06-16,2005-06-19,328,448
6222,2-448-IDAHO LOVE,2005-07-11,2005-07-13,386,448
9810,2-448-IDAHO LOVE,2005-07-31,2005-08-01,545,448
12946,2-448-IDAHO LOVE,2005-08-19,2005-08-20,444,448
6467,2-448-IDAHO LOVE,2005-07-12,2005-07-20,457,448
10350,2-448-IDAHO LOVE,2005-08-01,2005-08-05,78,448
12022,2-448-IDAHO LOVE,2005-08-17,2005-08-18,461,448
6585,1-448-IDAHO LOVE,2005-07-12,2005-07-21,136,448
8517,1-448-IDAHO LOVE,2005-07-29,2005-08-06,274,448
11539,1-448-IDAHO LOVE,2005-08-17,2005-08-19,264,448
9456,2-448-IDAHO LOVE,2005-07-30,2005-08-05,534,448
13672,2-448-IDAHO LOVE,2005-08-20,2005-08-22,201,448
548,2-810-SLUMS DUCK,2005-05-28,2005-06-05,450,810
1999,2-810-SLUMS DUCK,2005-06-17,2005-06-23,111,810
4513,2-810-SLUMS DUCK,2005-07-08,2005-07-14,182,810
10578,2-810-SLUMS DUCK,2005-08-01,2005-08-07,113,810
15148,2-810-SLUMS DUCK,2005-08-22,2005-08-31,359,810
1015,1-810-SLUMS DUCK,2005-05-31,2005-06-07,526,810
1516,1-810-SLUMS DUCK,2005-06-15,2005-06-17,530,810
5604,1-810-SLUMS DUCK,2005-07-10,2005-07-12,78,810
10884,1-810-SLUMS DUCK,2005-08-02,2005-08-03,569,810
11966,1-810-SLUMS DUCK,2005-08-17,2005-08-20,283,810
1811,1-810-SLUMS DUCK,2005-06-16,2005-06-21,235,810
6571,1-810-SLUMS DUCK,2005-07-12,2005-07-15,140,810
9265,1-810-SLUMS DUCK,2005-07-30,2005-08-02,560,810
14899,1-810-SLUMS DUCK,2005-08-22,2005-08-31,304,810
5706,1-810-SLUMS DUCK,2005-07-10,2005-07-16,255,810
11001,1-810-SLUMS DUCK,2005-08-02,2005-08-11,5,810
13986,1-810-SLUMS DUCK,2005-08-20,2005-08-22,152,810
5714,2-810-SLUMS DUCK,2005-07-10,2005-07-18,17,810
10250,2-810-SLUMS DUCK,2005-08-01,2005-08-07,116,810
12043,2-810-SLUMS DUCK,2005-08-17,2005-08-22,592,810
7330,2-810-SLUMS DUCK,2005-07-27,2005-08-04,237,810
14259,2-810-SLUMS DUCK,2005-08-21,2005-08-22,583,810
10108,1-810-SLUMS DUCK,2005-07-31,2005-08-01,326,810
11792,1-810-SLUMS DUCK,2005-08-17,2005-08-26,376,810
550,1-793-SHRUNK DIVINE,2005-05-28,2005-06-06,432,793
2941,1-793-SHRUNK DIVINE,2005-06-20,2005-06-26,135,793
4103,1-793-SHRUNK DIVINE,2005-07-07,2005-07-12,91,793
11180,1-793-SHRUNK DIVINE,2005-08-02,2005-08-11,534,793
12137,1-793-SHRUNK DIVINE,2005-08-17,2005-08-27,109,793
5772,1-793-SHRUNK DIVINE,2005-07-10,2005-07-17,21,793
7457,1-793-SHRUNK DIVINE,2005-07-27,2005-07-30,510,793
15846,1-793-SHRUNK DIVINE,2005-08-23,2005-08-27,47,793
6446,1-793-SHRUNK DIVINE,2005-07-12,2005-07-14,473,793
8375,1-793-SHRUNK DIVINE,2005-07-29,2005-08-04,125,793
14224,1-793-SHRUNK DIVINE,2005-08-21,2005-08-27,323,793
6783,1-793-SHRUNK DIVINE,2005-07-12,2005-07-13,506,793
8462,1-793-SHRUNK DIVINE,2005-07-29,2005-08-04,200,793
15945,1-793-SHRUNK DIVINE,2005-08-23,2005-08-28,43,793
552,2-5-AFRICAN EGG,2005-05-28,2005-06-04,106,5
1614,2-5-AFRICAN EGG,2005-06-16,2005-06-23,489,5
6615,2-5-AFRICAN EGG,2005-07-12,2005-07-20,438,5
11129,2-5-AFRICAN EGG,2005-08-02,2005-08-04,566,5
12926,2-5-AFRICAN EGG,2005-08-19,2005-08-26,336,5
2255,2-5-AFRICAN EGG,2005-06-18,2005-06-26,410,5
5362,2-5-AFRICAN EGG,2005-07-09,2005-07-18,266,5
7793,2-5-AFRICAN EGG,2005-07-28,2005-08-03,32,5
13043,2-5-AFRICAN EGG,2005-08-19,2005-08-27,127,5
5030,2-5-AFRICAN EGG,2005-07-09,2005-07-17,497,5
9851,2-5-AFRICAN EGG,2005-07-31,2005-08-08,49,5
15458,2-5-AFRICAN EGG,2006-02-14,,590,5
554,2-425-HOLY TADPOLE,2005-05-28,2005-05-31,376,425
1402,2-425-HOLY TADPOLE,2005-06-15,2005-06-24,381,425
5936,2-425-HOLY TADPOLE,2005-07-10,2005-07-15,522,425
9962,2-425-HOLY TADPOLE,2005-07-31,2005-08-02,576,425
13670,2-425-HOLY TADPOLE,2005-08-20,2005-08-29,147,425
3069,2-425-HOLY TADPOLE,2005-06-20,2005-06-28,237,425
5423,2-425-HOLY TADPOLE,2005-07-09,2005-07-17,440,425
8592,2-425-HOLY TADPOLE,2005-07-29,2005-08-04,271,425
13039,2-425-HOLY TADPOLE,2005-08-19,2005-08-20,370,425
557,2-34-ARABIA DOGMA,2005-05-28,2005-06-03,444,34
1579,2-34-ARABIA DOGMA,2005-06-16,2005-06-21,35,34
6743,2-34-ARABIA DOGMA,2005-07-12,2005-07-13,261,34
11098,2-34-ARABIA DOGMA,2005-08-02,2005-08-11,570,34
12118,2-34-ARABIA DOGMA,2005-08-17,2005-08-26,89,34
1881,2-34-ARABIA DOGMA,2005-06-17,2005-06-18,134,34
5344,2-34-ARABIA DOGMA,2005-07-09,2005-07-10,197,34
8454,2-34-ARABIA DOGMA,2005-07-29,2005-08-03,244,34
11941,2-34-ARABIA DOGMA,2005-08-17,2005-08-24,566,34
9005,2-34-ARABIA DOGMA,2005-07-30,2005-08-03,204,34
13645,2-34-ARABIA DOGMA,2005-08-20,2005-08-23,387,34
10670,2-34-ARABIA DOGMA,2005-08-01,2005-08-10,512,34
13294,2-34-ARABIA DOGMA,2005-08-19,2005-08-20,534,34
558,1-905-TRAINSPOTTING STRANGERS,2005-05-28,2005-06-06,442,905
1298,1-905-TRAINSPOTTING STRANGERS,2005-06-15,2005-06-16,334,905
4273,1-905-TRAINSPOTTING STRANGERS,2005-07-07,2005-07-13,159,905
9361,1-905-TRAINSPOTTING STRANGERS,2005-07-30,2005-08-06,335,905
14652,1-905-TRAINSPOTTING STRANGERS,2005-08-21,2005-08-23,453,905
3759,1-905-TRAINSPOTTING STRANGERS,2005-07-06,2005-07-10,378,905
9205,1-905-TRAINSPOTTING STRANGERS,2005-07-30,2005-08-08,259,905
11980,1-905-TRAINSPOTTING STRANGERS,2005-08-17,2005-08-20,589,905
5085,1-905-TRAINSPOTTING STRANGERS,2005-07-09,2005-07-13,437,905
9377,1-905-TRAINSPOTTING STRANGERS,2005-07-30,2005-08-05,421,905
15958,1-905-TRAINSPOTTING STRANGERS,2005-08-23,2005-08-30,492,905
560,1-140-CHEAPER CLYDE,2005-05-28,2005-06-04,463,140
1370,1-140-CHEAPER CLYDE,2005-06-15,2005-06-22,396,140
5283,1-140-CHEAPER CLYDE,2005-07-09,2005-07-17,295,140
8234,1-140-CHEAPER CLYDE,2005-07-29,2005-08-03,227,140
12788,1-140-CHEAPER CLYDE,2005-08-19,2005-08-27,90,140
885,2-140-CHEAPER CLYDE,2005-05-30,2005-06-03,62,140
2496,2-140-CHEAPER CLYDE,2005-06-18,2005-06-20,527,140
5448,2-140-CHEAPER CLYDE,2005-07-09,2005-07-15,463,140
9979,2-140-CHEAPER CLYDE,2005-07-31,2005-08-08,576,140
12079,2-140-CHEAPER CLYDE,2005-08-17,2005-08-24,230,140
956,2-140-CHEAPER CLYDE,2005-05-30,2005-06-07,296,140
2917,2-140-CHEAPER CLYDE,2005-06-20,2005-06-24,451,140
4073,2-140-CHEAPER CLYDE,2005-07-07,2005-07-10,290,140
10994,2-140-CHEAPER CLYDE,2005-08-02,2005-08-11,323,140
13933,2-140-CHEAPER CLYDE,2005-08-20,2005-08-22,159,140
6610,1-140-CHEAPER CLYDE,2005-07-12,2005-07-21,353,140
9267,1-140-CHEAPER CLYDE,2005-07-30,2005-08-04,409,140
15182,1-140-CHEAPER CLYDE,2005-08-22,2005-08-25,443,140
10214,2-140-CHEAPER CLYDE,2005-08-01,2005-08-01,597,140
15320,2-140-CHEAPER CLYDE,2005-08-22,2005-08-28,407,140
561,1-206-DANCING FEVER,2005-05-28,2005-06-05,77,206
2700,1-206-DANCING FEVER,2005-06-19,2005-06-27,180,206
5022,1-206-DANCING FEVER,2005-07-09,2005-07-17,499,206
10005,1-206-DANCING FEVER,2005-07-31,2005-08-09,454,206
14659,1-206-DANCING FEVER,2005-08-21,2005-08-26,119,206
726,2-206-DANCING FEVER,2005-05-29,2005-06-05,452,206
2746,2-206-DANCING FEVER,2005-06-19,2005-06-28,562,206
6497,2-206-DANCING FEVER,2005-07-12,2005-07-17,222,206
9497,2-206-DANCING FEVER,2005-07-30,2005-08-04,595,206
13693,2-206-DANCING FEVER,2005-08-20,2005-08-24,552,206
1676,2-206-DANCING FEVER,2005-06-16,2005-06-21,171,206
6210,2-206-DANCING FEVER,2005-07-11,2005-07-17,209,206
7620,2-206-DANCING FEVER,2005-07-28,2005-07-31,580,206
14113,2-206-DANCING FEVER,2005-08-21,2005-08-23,288,206
2133,2-206-DANCING FEVER,2005-06-17,2005-06-23,268,206
4923,2-206-DANCING FEVER,2005-07-08,2005-07-17,18,206
8325,2-206-DANCING FEVER,2005-07-29,2005-08-06,362,206
13926,2-206-DANCING FEVER,2005-08-20,2005-08-28,158,206
5652,1-206-DANCING FEVER,2005-07-10,2005-07-19,42,206
11287,1-206-DANCING FEVER,2005-08-02,2005-08-09,55,206
15080,1-206-DANCING FEVER,2005-08-22,2005-08-23,133,206
7287,1-206-DANCING FEVER,2005-07-27,2005-07-31,198,206
12769,1-206-DANCING FEVER,2005-08-18,2005-08-25,504,206
8447,2-206-DANCING FEVER,2005-07-29,2005-08-05,11,206
12578,2-206-DANCING FEVER,2005-08-18,2005-08-21,514,206
9713,1-206-DANCING FEVER,2005-07-31,2005-08-07,158,206
12360,1-206-DANCING FEVER,2005-08-18,2005-08-26,123,206
562,2-744-ROOTS REMEMBER,2005-05-28,2005-06-02,102,744
1964,2-744-ROOTS REMEMBER,2005-06-17,2005-06-21,53,744
3645,2-744-ROOTS REMEMBER,2005-07-06,2005-07-10,236,744
9246,2-744-ROOTS REMEMBER,2005-07-30,2005-08-02,185,744
11908,2-744-ROOTS REMEMBER,2005-08-17,2005-08-24,314,744
867,1-744-ROOTS REMEMBER,2005-05-30,2005-06-01,99,744
2929,1-744-ROOTS REMEMBER,2005-06-20,2005-06-25,333,744
4319,1-744-ROOTS REMEMBER,2005-07-07,2005-07-10,25,744
9484,1-744-ROOTS REMEMBER,2005-07-30,2005-08-02,26,744
13773,1-744-ROOTS REMEMBER,2005-08-20,2005-08-26,64,744
6752,2-744-ROOTS REMEMBER,2005-07-12,2005-07-20,453,744
7859,2-744-ROOTS REMEMBER,2005-07-28,2005-08-04,547,744
12090,2-744-ROOTS REMEMBER,2005-08-17,2005-08-20,391,744
8710,2-744-ROOTS REMEMBER,2005-07-29,2005-07-30,566,744
15872,2-744-ROOTS REMEMBER,2005-08-23,2005-08-31,212,744
10913,1-744-ROOTS REMEMBER,2005-08-02,2005-08-09,565,744
13815,1-744-ROOTS REMEMBER,2005-08-20,2005-08-29,582,744
563,1-11-ALAMO VIDEOTAPE,2005-05-28,2005-06-06,324,11
2517,1-11-ALAMO VIDEOTAPE,2005-06-19,2005-06-25,74,11
5461,1-11-ALAMO VIDEOTAPE,2005-07-09,2005-07-10,244,11
8365,1-11-ALAMO VIDEOTAPE,2005-07-29,2005-07-30,280,11
13395,1-11-ALAMO VIDEOTAPE,2005-08-19,2005-08-22,80,11
633,2-11-ALAMO VIDEOTAPE,2005-05-28,2005-06-03,360,11
2033,2-11-ALAMO VIDEOTAPE,2005-06-17,2005-06-20,90,11
4785,2-11-ALAMO VIDEOTAPE,2005-07-08,2005-07-11,474,11
10045,2-11-ALAMO VIDEOTAPE,2005-07-31,2005-08-07,118,11
13544,2-11-ALAMO VIDEOTAPE,2005-08-20,2005-08-27,538,11
1326,2-11-ALAMO VIDEOTAPE,2005-06-15,2005-06-22,548,11
5692,2-11-ALAMO VIDEOTAPE,2005-07-10,2005-07-15,244,11
8596,2-11-ALAMO VIDEOTAPE,2005-07-29,2005-08-04,233,11
11631,2-11-ALAMO VIDEOTAPE,2005-08-17,2005-08-24,168,11
4027,1-11-ALAMO VIDEOTAPE,2005-07-07,2005-07-10,116,11
11254,1-11-ALAMO VIDEOTAPE,2005-08-02,2005-08-08,315,11
14887,1-11-ALAMO VIDEOTAPE,2005-08-22,2005-08-31,421,11
5418,1-11-ALAMO VIDEOTAPE,2005-07-09,2005-07-14,114,11
7635,1-11-ALAMO VIDEOTAPE,2005-07-28,2005-08-01,413,11
12380,1-11-ALAMO VIDEOTAPE,2005-08-18,2005-08-25,215,11
10119,1-11-ALAMO VIDEOTAPE,2005-07-31,2005-08-02,351,11
12780,1-11-ALAMO VIDEOTAPE,2005-08-18,2005-08-20,373,11
11069,2-11-ALAMO VIDEOTAPE,2005-08-02,2005-08-08,4,11
12537,2-11-ALAMO VIDEOTAPE,2005-08-18,2005-08-25,56,11
565,1-327-FOOL MOCKINGBIRD,2005-05-28,2005-06-01,288,327
1209,1-327-FOOL MOCKINGBIRD,2005-06-15,2005-06-21,146,327
6079,1-327-FOOL MOCKINGBIRD,2005-07-11,2005-07-17,119,327
9427,1-327-FOOL MOCKINGBIRD,2005-07-30,2005-08-05,85,327
12753,1-327-FOOL MOCKINGBIRD,2005-08-18,2005-08-27,470,327
1128,2-327-FOOL MOCKINGBIRD,2005-05-31,2005-06-05,311,327
2245,2-327-FOOL MOCKINGBIRD,2005-06-18,2005-06-24,194,327
5543,2-327-FOOL MOCKINGBIRD,2005-07-10,2005-07-17,71,327
10831,2-327-FOOL MOCKINGBIRD,2005-08-01,2005-08-07,78,327
11503,2-327-FOOL MOCKINGBIRD,2005-08-16,2005-08-25,526,327
2381,1-327-FOOL MOCKINGBIRD,2005-06-18,2005-06-22,167,327
4717,1-327-FOOL MOCKINGBIRD,2005-07-08,2005-07-11,453,327
7729,1-327-FOOL MOCKINGBIRD,2005-07-28,2005-07-30,89,327
12080,1-327-FOOL MOCKINGBIRD,2005-08-17,2005-08-19,394,327
3236,1-327-FOOL MOCKINGBIRD,2005-06-21,2005-06-29,550,327
4189,1-327-FOOL MOCKINGBIRD,2005-07-07,2005-07-14,386,327
8814,1-327-FOOL MOCKINGBIRD,2005-07-29,2005-08-01,487,327
14024,1-327-FOOL MOCKINGBIRD,2005-08-20,2005-08-29,87,327
6791,2-327-FOOL MOCKINGBIRD,2005-07-12,2005-07-20,144,327
10017,2-327-FOOL MOCKINGBIRD,2005-07-31,2005-08-05,424,327
13649,2-327-FOOL MOCKINGBIRD,2005-08-20,2005-08-23,259,327
7716,1-327-FOOL MOCKINGBIRD,2005-07-28,2005-08-04,284,327
14986,1-327-FOOL MOCKINGBIRD,2005-08-22,2005-08-23,278,327
566,2-944-VIRGIN DAISY,2005-05-28,2005-06-05,253,944
3347,2-944-VIRGIN DAISY,2005-06-21,2005-06-28,448,944
4632,2-944-VIRGIN DAISY,2005-07-08,2005-07-15,393,944
8125,2-944-VIRGIN DAISY,2005-07-28,2005-07-30,96,944
14886,2-944-VIRGIN DAISY,2005-08-22,2005-08-23,379,944
3314,2-944-VIRGIN DAISY,2005-06-21,2005-06-22,185,944
6345,2-944-VIRGIN DAISY,2005-07-11,2005-07-20,532,944
7699,2-944-VIRGIN DAISY,2005-07-28,2005-08-01,53,944
15304,2-944-VIRGIN DAISY,2005-08-22,2005-08-28,112,944
6185,2-944-VIRGIN DAISY,2005-07-11,2005-07-18,294,944
11015,2-944-VIRGIN DAISY,2005-08-02,2005-08-08,138,944
11615,2-944-VIRGIN DAISY,2005-08-17,2005-08-23,436,944
6199,1-944-VIRGIN DAISY,2005-07-11,2005-07-18,80,944
7192,1-944-VIRGIN DAISY,2005-07-27,2005-07-30,532,944
14703,1-944-VIRGIN DAISY,2005-08-21,2005-08-22,29,944
8682,1-944-VIRGIN DAISY,2005-07-29,2005-08-03,348,944
15026,1-944-VIRGIN DAISY,2005-08-22,2005-08-28,66,944
567,1-728-REUNION WITCHES,2005-05-28,2005-06-01,184,728
1603,1-728-REUNION WITCHES,2005-06-16,2005-06-17,395,728
6573,1-728-REUNION WITCHES,2005-07-12,2005-07-13,239,728
9748,1-728-REUNION WITCHES,2005-07-31,2005-08-02,550,728
15635,1-728-REUNION WITCHES,2005-08-23,2005-08-27,4,728
1148,1-728-REUNION WITCHES,2005-05-31,2005-06-02,235,728
1251,1-728-REUNION WITCHES,2005-06-15,2005-06-23,442,728
5264,1-728-REUNION WITCHES,2005-07-09,2005-07-12,545,728
10052,1-728-REUNION WITCHES,2005-07-31,2005-08-07,39,728
12732,1-728-REUNION WITCHES,2005-08-18,2005-08-19,535,728
2526,2-728-REUNION WITCHES,2005-06-19,2005-06-28,500,728
3579,2-728-REUNION WITCHES,2005-07-06,2005-07-08,485,728
8451,2-728-REUNION WITCHES,2005-07-29,2005-08-06,495,728
11751,2-728-REUNION WITCHES,2005-08-17,2005-08-26,51,728
4977,2-728-REUNION WITCHES,2005-07-09,2005-07-10,584,728
11126,2-728-REUNION WITCHES,2005-08-02,2005-08-04,47,728
12514,2-728-REUNION WITCHES,2005-08-18,2005-08-23,400,728
6025,1-728-REUNION WITCHES,2005-07-11,2005-07-11,113,728
10586,1-728-REUNION WITCHES,2005-08-01,2005-08-06,583,728
11846,1-728-REUNION WITCHES,2005-08-17,2005-08-22,283,728
568,1-483-JERICHO MULAN,2005-05-28,2005-05-31,155,483
2972,1-483-JERICHO MULAN,2005-06-20,2005-06-21,531,483
6278,1-483-JERICHO MULAN,2005-07-11,2005-07-19,558,483
10495,1-483-JERICHO MULAN,2005-08-01,2005-08-06,41,483
13804,1-483-JERICHO MULAN,2005-08-20,2005-08-29,19,483
2444,1-483-JERICHO MULAN,2005-06-18,2005-06-27,576,483
5523,1-483-JERICHO MULAN,2005-07-10,2005-07-18,125,483
9550,1-483-JERICHO MULAN,2005-07-31,2005-08-08,583,483
12614,1-483-JERICHO MULAN,2005-08-18,2005-08-26,60,483
4317,2-483-JERICHO MULAN,2005-07-07,2005-07-08,110,483
8796,2-483-JERICHO MULAN,2005-07-29,2005-08-04,74,483
15029,2-483-JERICHO MULAN,2005-08-22,2005-08-25,139,483
4345,2-483-JERICHO MULAN,2005-07-07,2005-07-15,225,483
10996,2-483-JERICHO MULAN,2005-08-02,2005-08-06,26,483
14479,2-483-JERICHO MULAN,2005-08-21,2005-08-29,324,483
6957,1-483-JERICHO MULAN,2005-07-27,2005-07-29,518,483
15926,1-483-JERICHO MULAN,2005-08-23,2005-08-24,151,483
569,2-989-WORKING MICROCOSMOS,2005-05-28,2005-06-03,56,989
2975,2-989-WORKING MICROCOSMOS,2005-06-20,2005-06-21,46,989
6462,2-989-WORKING MICROCOSMOS,2005-07-12,2005-07-19,414,989
10836,2-989-WORKING MICROCOSMOS,2005-08-01,2005-08-07,217,989
15057,2-989-WORKING MICROCOSMOS,2005-08-22,2005-08-28,20,989
962,2-989-WORKING MICROCOSMOS,2005-05-30,2005-06-05,520,989
1292,2-989-WORKING MICROCOSMOS,2005-06-15,2005-06-21,178,989
4108,2-989-WORKING MICROCOSMOS,2005-07-07,2005-07-08,66,989
8871,2-989-WORKING MICROCOSMOS,2005-07-30,2005-08-08,382,989
15488,2-989-WORKING MICROCOSMOS,2005-08-23,2005-08-29,385,989
1258,1-989-WORKING MICROCOSMOS,2005-06-15,2005-06-18,320,989
6201,1-989-WORKING MICROCOSMOS,2005-07-11,2005-07-12,559,989
10527,1-989-WORKING MICROCOSMOS,2005-08-01,2005-08-05,431,989
12669,1-989-WORKING MICROCOSMOS,2005-08-18,2005-08-24,433,989
2665,1-989-WORKING MICROCOSMOS,2005-06-19,2005-06-26,133,989
5028,1-989-WORKING MICROCOSMOS,2005-07-09,2005-07-14,30,989
8668,1-989-WORKING MICROCOSMOS,2005-07-29,2005-08-01,71,989
12928,1-989-WORKING MICROCOSMOS,2005-08-19,2005-08-24,353,989
3356,1-989-WORKING MICROCOSMOS,2005-06-21,2005-06-26,403,989
3799,1-989-WORKING MICROCOSMOS,2005-07-06,2005-07-10,251,989
8955,1-989-WORKING MICROCOSMOS,2005-07-30,2005-08-04,405,989
14127,1-989-WORKING MICROCOSMOS,2005-08-21,2005-08-22,550,989
6886,1-989-WORKING MICROCOSMOS,2005-07-12,2005-07-18,429,989
8348,1-989-WORKING MICROCOSMOS,2005-07-29,2005-08-05,174,989
14520,1-989-WORKING MICROCOSMOS,2005-08-21,2005-08-30,150,989
570,1-249-DRACULA CRYSTAL,2005-05-28,2005-05-30,21,249
3135,1-249-DRACULA CRYSTAL,2005-06-20,2005-06-29,12,249
6919,1-249-DRACULA CRYSTAL,2005-07-12,2005-07-18,540,249
9355,1-249-DRACULA CRYSTAL,2005-07-30,2005-08-03,201,249
15995,1-249-DRACULA CRYSTAL,2005-08-23,2005-08-30,377,249
703,2-249-DRACULA CRYSTAL,2005-05-29,2005-06-03,269,249
2007,2-249-DRACULA CRYSTAL,2005-06-17,2005-06-21,572,249
5558,2-249-DRACULA CRYSTAL,2005-07-10,2005-07-14,96,249
9386,2-249-DRACULA CRYSTAL,2005-07-30,2005-08-05,189,249
12229,2-249-DRACULA CRYSTAL,2005-08-18,2005-08-22,382,249
1851,1-249-DRACULA CRYSTAL,2005-06-17,2005-06-22,451,249
5218,1-249-DRACULA CRYSTAL,2005-07-09,2005-07-13,83,249
10487,1-249-DRACULA CRYSTAL,2005-08-01,2005-08-07,577,249
13928,1-249-DRACULA CRYSTAL,2005-08-20,2005-08-21,244,249
6494,2-249-DRACULA CRYSTAL,2005-07-12,2005-07-20,57,249
11361,2-249-DRACULA CRYSTAL,2005-08-02,2005-08-03,547,249
14689,2-249-DRACULA CRYSTAL,2005-08-21,2005-08-22,463,249
10299,2-249-DRACULA CRYSTAL,2005-08-01,2005-08-04,369,249
12170,2-249-DRACULA CRYSTAL,2005-08-18,2005-08-25,289,249
11218,2-249-DRACULA CRYSTAL,2005-08-02,2005-08-10,500,249
13977,2-249-DRACULA CRYSTAL,2005-08-20,2005-08-24,115,249
572,1-414-HELLFIGHTERS SIERRA,2005-05-28,2005-06-02,337,414
3157,1-414-HELLFIGHTERS SIERRA,2005-06-20,2005-06-23,245,414
5319,1-414-HELLFIGHTERS SIERRA,2005-07-09,2005-07-18,282,414
7178,1-414-HELLFIGHTERS SIERRA,2005-07-27,2005-07-29,31,414
15379,1-414-HELLFIGHTERS SIERRA,2005-08-22,2005-08-31,148,414
2009,2-414-HELLFIGHTERS SIERRA,2005-06-17,2005-06-18,119,414
5516,2-414-HELLFIGHTERS SIERRA,2005-07-10,2005-07-15,581,414
7362,2-414-HELLFIGHTERS SIERRA,2005-07-27,2005-08-01,419,414
15126,2-414-HELLFIGHTERS SIERRA,2005-08-22,2005-08-28,459,414
4141,2-414-HELLFIGHTERS SIERRA,2005-07-07,2005-07-11,456,414
7237,2-414-HELLFIGHTERS SIERRA,2005-07-27,2005-07-31,29,414
12410,2-414-HELLFIGHTERS SIERRA,2005-08-18,2005-08-27,210,414
5730,2-414-HELLFIGHTERS SIERRA,2005-07-10,2005-07-11,301,414
8966,2-414-HELLFIGHTERS SIERRA,2005-07-30,2005-07-31,522,414
15618,2-414-HELLFIGHTERS SIERRA,2005-08-23,2005-08-29,60,414
6879,1-414-HELLFIGHTERS SIERRA,2005-07-12,2005-07-20,416,414
8236,1-414-HELLFIGHTERS SIERRA,2005-07-29,2005-07-31,369,414
15840,1-414-HELLFIGHTERS SIERRA,2005-08-23,2005-08-24,316,414
10022,1-414-HELLFIGHTERS SIERRA,2005-07-31,2005-08-04,115,414
15329,1-414-HELLFIGHTERS SIERRA,2005-08-22,2005-08-23,521,414
576,1-407-HAWK CHILL,2005-05-28,2005-06-04,588,407
1995,1-407-HAWK CHILL,2005-06-17,2005-06-26,10,407
3582,1-407-HAWK CHILL,2005-07-06,2005-07-11,297,407
8549,1-407-HAWK CHILL,2005-07-29,2005-08-06,206,407
14012,1-407-HAWK CHILL,2005-08-20,2005-08-23,274,407
10610,1-407-HAWK CHILL,2005-08-01,2005-08-03,396,407
12326,1-407-HAWK CHILL,2005-08-18,2005-08-19,114,407
577,1-83-BLUES INSTINCT,2005-05-28,2005-06-01,6,83
2949,1-83-BLUES INSTINCT,2005-06-20,2005-06-29,78,83
6672,1-83-BLUES INSTINCT,2005-07-12,2005-07-13,439,83
8489,1-83-BLUES INSTINCT,2005-07-29,2005-08-02,265,83
11612,1-83-BLUES INSTINCT,2005-08-17,2005-08-20,526,83
591,2-83-BLUES INSTINCT,2005-05-28,2005-05-29,19,83
2954,2-83-BLUES INSTINCT,2005-06-20,2005-06-23,336,83
4805,2-83-BLUES INSTINCT,2005-07-08,2005-07-09,453,83
10555,2-83-BLUES INSTINCT,2005-08-01,2005-08-10,487,83
14917,2-83-BLUES INSTINCT,2005-08-22,2005-08-29,289,83
1347,1-83-BLUES INSTINCT,2005-06-15,2005-06-16,190,83
5467,1-83-BLUES INSTINCT,2005-07-09,2005-07-16,543,83
8763,1-83-BLUES INSTINCT,2005-07-29,2005-08-04,510,83
14007,1-83-BLUES INSTINCT,2005-08-20,2005-08-28,284,83
2581,1-83-BLUES INSTINCT,2005-06-19,2005-06-23,456,83
3686,1-83-BLUES INSTINCT,2005-07-06,2005-07-09,548,83
7015,1-83-BLUES INSTINCT,2005-07-27,2005-07-28,34,83
14443,1-83-BLUES INSTINCT,2005-08-21,2005-08-29,447,83
5591,2-83-BLUES INSTINCT,2005-07-10,2005-07-16,374,83
7161,2-83-BLUES INSTINCT,2005-07-27,2005-08-03,572,83
15725,2-83-BLUES INSTINCT,2005-08-23,2005-08-26,599,83
578,2-645-OTHERS SOUP,2005-05-28,2005-06-02,173,645
3240,2-645-OTHERS SOUP,2005-06-21,2005-06-30,405,645
6284,2-645-OTHERS SOUP,2005-07-11,2005-07-15,177,645
7086,2-645-OTHERS SOUP,2005-07-27,2005-08-05,595,645
14064,2-645-OTHERS SOUP,2005-08-20,2005-08-22,103,645
784,1-645-OTHERS SOUP,2005-05-29,2005-06-01,352,645
3140,1-645-OTHERS SOUP,2005-06-20,2005-06-24,53,645
3489,1-645-OTHERS SOUP,2005-07-05,2005-07-15,397,645
8047,1-645-OTHERS SOUP,2005-07-28,2005-08-03,292,645
12820,1-645-OTHERS SOUP,2005-08-19,2005-08-21,127,645
1032,1-645-OTHERS SOUP,2005-05-31,2005-06-02,236,645
1514,1-645-OTHERS SOUP,2005-06-15,2005-06-19,410,645
5068,1-645-OTHERS SOUP,2005-07-09,2005-07-13,10,645
9304,1-645-OTHERS SOUP,2005-07-30,2005-08-02,296,645
15764,1-645-OTHERS SOUP,2005-08-23,2005-08-25,8,645
1706,1-645-OTHERS SOUP,2005-06-16,2005-06-25,26,645
6895,1-645-OTHERS SOUP,2005-07-12,2005-07-19,599,645
9106,1-645-OTHERS SOUP,2005-07-30,2005-08-02,148,645
15700,1-645-OTHERS SOUP,2005-08-23,2005-08-24,552,645
8970,2-645-OTHERS SOUP,2005-07-30,2005-08-07,313,645
13522,2-645-OTHERS SOUP,2005-08-20,2005-08-28,343,645
11034,2-645-OTHERS SOUP,2005-08-02,2005-08-09,586,645
12073,2-645-OTHERS SOUP,2005-08-17,2005-08-21,173,645
579,1-763-SATISFACTION CONFIDENTIAL,2005-05-28,2005-06-02,181,763
2181,1-763-SATISFACTION CONFIDENTIAL,2005-06-18,2005-06-25,176,763
6592,1-763-SATISFACTION CONFIDENTIAL,2005-07-12,2005-07-19,273,763
9692,1-763-SATISFACTION CONFIDENTIAL,2005-07-31,2005-08-07,295,763
15345,1-763-SATISFACTION CONFIDENTIAL,2005-08-22,2005-08-26,277,763
2966,2-763-SATISFACTION CONFIDENTIAL,2005-06-20,2005-06-29,511,763
6019,2-763-SATISFACTION CONFIDENTIAL,2005-07-11,2005-07-13,9,763
7774,2-763-SATISFACTION CONFIDENTIAL,2005-07-28,2005-08-03,259,763
11858,2-763-SATISFACTION CONFIDENTIAL,2005-08-17,2005-08-19,503,763
5159,1-763-SATISFACTION CONFIDENTIAL,2005-07-09,2005-07-10,213,763
9180,1-763-SATISFACTION CONFIDENTIAL,2005-07-30,2005-08-01,442,763
14862,1-763-SATISFACTION CONFIDENTIAL,2005-08-22,2005-08-28,78,763
5712,1-763-SATISFACTION CONFIDENTIAL,2005-07-10,2005-07-12,304,763
9624,1-763-SATISFACTION CONFIDENTIAL,2005-07-31,2005-08-06,7,763
11589,1-763-SATISFACTION CONFIDENTIAL,2005-08-17,2005-08-25,554,763
7452,2-763-SATISFACTION CONFIDENTIAL,2005-07-27,2005-08-04,285,763
12145,2-763-SATISFACTION CONFIDENTIAL,2005-08-18,2005-08-26,5,763
581,1-303-FANTASY TROOPERS,2005-05-28,2005-06-04,186,303
2958,1-303-FANTASY TROOPERS,2005-06-20,2005-06-29,260,303
3604,1-303-FANTASY TROOPERS,2005-07-06,2005-07-07,242,303
7089,1-303-FANTASY TROOPERS,2005-07-27,2005-07-30,446,303
12836,1-303-FANTASY TROOPERS,2005-08-19,2005-08-23,196,303
659,2-303-FANTASY TROOPERS,2005-05-28,2005-05-31,207,303
1617,2-303-FANTASY TROOPERS,2005-06-16,2005-06-25,83,303
5865,2-303-FANTASY TROOPERS,2005-07-10,2005-07-12,126,303
9248,2-303-FANTASY TROOPERS,2005-07-30,2005-08-05,2,303
14422,2-303-FANTASY TROOPERS,2005-08-21,2005-08-25,361,303
717,2-303-FANTASY TROOPERS,2005-05-29,2005-05-30,412,303
2431,2-303-FANTASY TROOPERS,2005-06-18,2005-06-25,295,303
3906,2-303-FANTASY TROOPERS,2005-07-06,2005-07-15,293,303
10298,2-303-FANTASY TROOPERS,2005-08-01,2005-08-05,323,303
13145,2-303-FANTASY TROOPERS,2005-08-19,2005-08-23,72,303
832,1-303-FANTASY TROOPERS,2005-05-29,2005-06-07,159,303
2690,1-303-FANTASY TROOPERS,2005-06-19,2005-06-27,391,303
6840,1-303-FANTASY TROOPERS,2005-07-12,2005-07-21,323,303
10148,1-303-FANTASY TROOPERS,2005-07-31,2005-08-05,63,303
12304,1-303-FANTASY TROOPERS,2005-08-18,2005-08-24,228,303
5074,1-303-FANTASY TROOPERS,2005-07-09,2005-07-12,12,303
8258,1-303-FANTASY TROOPERS,2005-07-29,2005-08-04,370,303
15110,1-303-FANTASY TROOPERS,2005-08-22,2005-08-26,72,303
5240,1-303-FANTASY TROOPERS,2005-07-09,2005-07-10,350,303
8630,1-303-FANTASY TROOPERS,2005-07-29,2005-08-03,406,303
11643,1-303-FANTASY TROOPERS,2005-08-17,2005-08-24,197,303
582,2-1000-ZORRO ARK,2005-05-28,2005-05-29,198,1000
2799,2-1000-ZORRO ARK,2005-06-19,2005-06-21,576,1000
5274,2-1000-ZORRO ARK,2005-07-09,2005-07-14,108,1000
8289,2-1000-ZORRO ARK,2005-07-29,2005-08-06,459,1000
12458,2-1000-ZORRO ARK,2005-08-18,2005-08-22,277,1000
711,2-1000-ZORRO ARK,2005-05-29,2005-05-31,215,1000
1493,2-1000-ZORRO ARK,2005-06-15,2005-06-17,235,1000
6712,2-1000-ZORRO ARK,2005-07-12,2005-07-20,226,1000
9701,2-1000-ZORRO ARK,2005-07-31,2005-08-01,401,1000
12894,2-1000-ZORRO ARK,2005-08-19,2005-08-25,541,1000
1084,1-1000-ZORRO ARK,2005-05-31,2005-06-01,12,1000
1537,1-1000-ZORRO ARK,2005-06-16,2005-06-20,594,1000
5972,1-1000-ZORRO ARK,2005-07-11,2005-07-17,30,1000
9644,1-1000-ZORRO ARK,2005-07-31,2005-08-09,441,1000
12854,1-1000-ZORRO ARK,2005-08-19,2005-08-24,362,1000
2061,1-1000-ZORRO ARK,2005-06-17,2005-06-24,108,1000
4260,1-1000-ZORRO ARK,2005-07-07,2005-07-08,305,1000
11159,1-1000-ZORRO ARK,2005-08-02,2005-08-05,249,1000
14599,1-1000-ZORRO ARK,2005-08-21,2005-08-22,599,1000
2307,1-1000-ZORRO ARK,2005-06-18,2005-06-23,47,1000
4666,1-1000-ZORRO ARK,2005-07-08,2005-07-16,120,1000
9793,1-1000-ZORRO ARK,2005-07-31,2005-08-03,295,1000
12281,1-1000-ZORRO ARK,2005-08-18,2005-08-21,417,1000
6664,2-1000-ZORRO ARK,2005-07-12,2005-07-15,351,1000
11453,2-1000-ZORRO ARK,2005-08-02,2005-08-08,84,1000
12456,2-1000-ZORRO ARK,2005-08-18,2005-08-21,85,1000
6901,1-1000-ZORRO ARK,2005-07-12,2005-07-16,158,1000
8419,1-1000-ZORRO ARK,2005-07-29,2005-08-06,37,1000
13236,1-1000-ZORRO ARK,2005-08-19,2005-08-27,267,1000
10479,2-1000-ZORRO ARK,2005-08-01,2005-08-06,275,1000
15916,2-1000-ZORRO ARK,2005-08-23,2005-08-31,327,1000
586,1-200-CURTAIN VIDEOTAPE,2005-05-28,2005-05-29,77,200
2086,1-200-CURTAIN VIDEOTAPE,2005-06-17,2005-06-21,326,200
3488,1-200-CURTAIN VIDEOTAPE,2005-07-05,2005-07-15,349,200
8724,1-200-CURTAIN VIDEOTAPE,2005-07-29,2005-08-01,372,200
13376,1-200-CURTAIN VIDEOTAPE,2005-08-19,2005-08-22,40,200
936,2-200-CURTAIN VIDEOTAPE,2005-05-30,2005-06-07,469,200
2535,2-200-CURTAIN VIDEOTAPE,2005-06-19,2005-06-28,130,200
6911,2-200-CURTAIN VIDEOTAPE,2005-07-12,2005-07-18,361,200
7940,2-200-CURTAIN VIDEOTAPE,2005-07-28,2005-07-29,409,200
14623,2-200-CURTAIN VIDEOTAPE,2005-08-21,2005-08-26,33,200
2395,1-200-CURTAIN VIDEOTAPE,2005-06-18,2005-06-27,544,200
4763,1-200-CURTAIN VIDEOTAPE,2005-07-08,2005-07-15,465,200
8281,1-200-CURTAIN VIDEOTAPE,2005-07-29,2005-08-04,441,200
15615,1-200-CURTAIN VIDEOTAPE,2005-08-23,2005-08-30,584,200
3994,2-200-CURTAIN VIDEOTAPE,2005-07-06,2005-07-14,487,200
8709,2-200-CURTAIN VIDEOTAPE,2005-07-29,2005-08-02,199,200
15717,2-200-CURTAIN VIDEOTAPE,2006-02-14,,208,200
5075,2-200-CURTAIN VIDEOTAPE,2005-07-09,2005-07-12,170,200
7601,2-200-CURTAIN VIDEOTAPE,2005-07-27,2005-07-29,228,200
12297,2-200-CURTAIN VIDEOTAPE,2005-08-18,2005-08-21,436,200
6834,1-200-CURTAIN VIDEOTAPE,2005-07-12,2005-07-19,533,200
8726,1-200-CURTAIN VIDEOTAPE,2005-07-29,2005-08-06,409,200
16018,1-200-CURTAIN VIDEOTAPE,2005-08-23,2005-08-30,439,200
7895,1-200-CURTAIN VIDEOTAPE,2005-07-28,2005-08-02,67,200
14084,1-200-CURTAIN VIDEOTAPE,2005-08-20,2005-08-24,37,200
10721,2-200-CURTAIN VIDEOTAPE,2005-08-01,2005-08-09,18,200
12298,2-200-CURTAIN VIDEOTAPE,2005-08-18,2005-08-27,46,200
588,1-19-AMADEUS HOLY,2005-05-28,2005-05-29,89,19
2867,1-19-AMADEUS HOLY,2005-06-20,2005-06-23,483,19
6030,1-19-AMADEUS HOLY,2005-07-11,2005-07-16,36,19
7788,1-19-AMADEUS HOLY,2005-07-28,2005-08-03,487,19
14310,1-19-AMADEUS HOLY,2005-08-21,2005-08-22,177,19
1735,2-19-AMADEUS HOLY,2005-06-16,2005-06-20,4,19
3474,2-19-AMADEUS HOLY,2005-07-05,2005-07-08,594,19
9259,2-19-AMADEUS HOLY,2005-07-30,2005-08-06,138,19
12786,2-19-AMADEUS HOLY,2006-02-14,,512,19
2649,2-19-AMADEUS HOLY,2005-06-19,2005-06-21,153,19
6651,2-19-AMADEUS HOLY,2005-07-12,2005-07-15,447,19
8631,2-19-AMADEUS HOLY,2005-07-29,2005-08-05,559,19
11727,2-19-AMADEUS HOLY,2005-08-17,2005-08-19,6,19
3150,1-19-AMADEUS HOLY,2005-06-20,2005-06-26,34,19
5072,1-19-AMADEUS HOLY,2005-07-09,2005-07-18,254,19
9080,1-19-AMADEUS HOLY,2005-07-30,2005-08-06,276,19
14603,1-19-AMADEUS HOLY,2005-08-21,2005-08-28,26,19
10509,1-19-AMADEUS HOLY,2005-08-01,2005-08-10,504,19
14349,1-19-AMADEUS HOLY,2005-08-21,2005-08-30,119,19
10895,1-19-AMADEUS HOLY,2005-08-02,2005-08-03,77,19
12268,1-19-AMADEUS HOLY,2005-08-18,2005-08-23,39,19
589,1-920-UNBREAKABLE KARATE,2005-05-28,2005-06-03,308,920
2038,1-920-UNBREAKABLE KARATE,2005-06-17,2005-06-19,138,920
6531,1-920-UNBREAKABLE KARATE,2005-07-12,2005-07-16,510,920
10774,1-920-UNBREAKABLE KARATE,2005-08-01,2005-08-08,407,920
14452,1-920-UNBREAKABLE KARATE,2005-08-21,2005-08-27,325,920
605,1-920-UNBREAKABLE KARATE,2005-05-28,2005-06-01,501,920
2536,1-920-UNBREAKABLE KARATE,2005-06-19,2005-06-27,163,920
4107,1-920-UNBREAKABLE KARATE,2005-07-07,2005-07-14,206,920
11073,1-920-UNBREAKABLE KARATE,2005-08-02,2005-08-03,234,920
15271,1-920-UNBREAKABLE KARATE,2005-08-22,2005-08-30,59,920
1472,2-920-UNBREAKABLE KARATE,2005-06-15,2005-06-24,373,920
4590,2-920-UNBREAKABLE KARATE,2005-07-08,2005-07-14,580,920
10959,2-920-UNBREAKABLE KARATE,2005-08-02,2005-08-11,431,920
12841,2-920-UNBREAKABLE KARATE,2005-08-19,2005-08-24,257,920
2678,1-920-UNBREAKABLE KARATE,2005-06-19,2005-06-21,258,920
4604,1-920-UNBREAKABLE KARATE,2005-07-08,2005-07-14,402,920
10545,1-920-UNBREAKABLE KARATE,2005-08-01,2005-08-04,425,920
12626,1-920-UNBREAKABLE KARATE,2005-08-18,2005-08-26,361,920
5792,2-920-UNBREAKABLE KARATE,2005-07-10,2005-07-19,92,920
11395,2-920-UNBREAKABLE KARATE,2005-08-02,2005-08-10,225,920
11706,2-920-UNBREAKABLE KARATE,2005-08-17,2005-08-18,414,920
590,2-104-BUGSY SONG,2005-05-28,2005-06-02,462,104
1184,2-104-BUGSY SONG,2005-06-15,2005-06-22,295,104
3493,2-104-BUGSY SONG,2005-07-05,2005-07-15,169,104
8713,2-104-BUGSY SONG,2005-07-29,2005-08-02,433,104
12862,2-104-BUGSY SONG,2005-08-19,2005-08-26,198,104
2426,2-104-BUGSY SONG,2005-06-18,2005-06-22,543,104
4252,2-104-BUGSY SONG,2005-07-07,2005-07-09,154,104
9862,2-104-BUGSY SONG,2005-07-31,2005-08-01,513,104
14158,2-104-BUGSY SONG,2005-08-21,2005-08-28,114,104
10025,2-104-BUGSY SONG,2005-07-31,2005-08-07,565,104
14556,2-104-BUGSY SONG,2005-08-21,2005-08-29,265,104
592,1-139-CHASING FIGHT,2005-05-28,2005-05-29,244,139
2341,1-139-CHASING FIGHT,2005-06-18,2005-06-27,31,139
4329,1-139-CHASING FIGHT,2005-07-07,2005-07-15,504,139
11166,1-139-CHASING FIGHT,2005-08-02,2005-08-11,11,139
15558,1-139-CHASING FIGHT,2005-08-23,2005-09-01,474,139
2106,2-139-CHASING FIGHT,2005-06-17,2005-06-23,66,139
6715,2-139-CHASING FIGHT,2005-07-12,2005-07-15,386,139
9566,2-139-CHASING FIGHT,2005-07-31,2005-08-02,346,139
12352,2-139-CHASING FIGHT,2006-02-14,,155,139
4236,2-139-CHASING FIGHT,2005-07-07,2005-07-08,213,139
10332,2-139-CHASING FIGHT,2005-08-01,2005-08-10,258,139
15484,2-139-CHASING FIGHT,2005-08-23,2005-08-24,342,139
5698,1-139-CHASING FIGHT,2005-07-10,2005-07-16,46,139
9492,1-139-CHASING FIGHT,2005-07-30,2005-08-08,126,139
11573,1-139-CHASING FIGHT,2005-08-17,2005-08-19,146,139
6240,1-139-CHASING FIGHT,2005-07-11,2005-07-20,524,139
9997,1-139-CHASING FIGHT,2005-07-31,2005-08-02,579,139
15626,1-139-CHASING FIGHT,2005-08-23,2005-08-28,370,139
8175,1-139-CHASING FIGHT,2005-07-28,2005-08-07,429,139
12811,1-139-CHASING FIGHT,2005-08-19,2005-08-24,54,139
594,1-608-MURDER ANTITRUST,2005-05-28,2005-05-30,538,608
2315,1-608-MURDER ANTITRUST,2005-06-18,2005-06-22,372,608
4951,1-608-MURDER ANTITRUST,2005-07-08,2005-07-16,28,608
8323,1-608-MURDER ANTITRUST,2005-07-29,2005-08-06,87,608
15973,1-608-MURDER ANTITRUST,2005-08-23,2005-09-01,343,608
1126,1-608-MURDER ANTITRUST,2005-05-31,2005-06-04,431,608
1274,1-608-MURDER ANTITRUST,2005-06-15,2005-06-20,430,608
5162,1-608-MURDER ANTITRUST,2005-07-09,2005-07-17,43,608
8762,1-608-MURDER ANTITRUST,2005-07-29,2005-08-04,463,608
14482,1-608-MURDER ANTITRUST,2005-08-21,2005-08-27,23,608
1393,2-608-MURDER ANTITRUST,2005-06-15,2005-06-19,177,608
5913,2-608-MURDER ANTITRUST,2005-07-10,2005-07-13,277,608
7903,2-608-MURDER ANTITRUST,2005-07-28,2005-07-31,588,608
14694,2-608-MURDER ANTITRUST,2005-08-21,2005-08-23,363,608
1435,2-608-MURDER ANTITRUST,2005-06-15,2005-06-24,510,608
5446,2-608-MURDER ANTITRUST,2005-07-09,2005-07-11,454,608
8218,2-608-MURDER ANTITRUST,2005-07-28,2005-08-02,578,608
12603,2-608-MURDER ANTITRUST,2005-08-18,2005-08-25,119,608
4448,2-608-MURDER ANTITRUST,2005-07-07,2005-07-13,536,608
10553,2-608-MURDER ANTITRUST,2005-08-01,2005-08-06,415,608
12884,2-608-MURDER ANTITRUST,2005-08-19,2005-08-28,348,608
9042,2-608-MURDER ANTITRUST,2005-07-30,2005-08-04,398,608
16002,2-608-MURDER ANTITRUST,2005-08-23,2005-08-27,73,608
596,1-179-CONQUERER NUTS,2005-05-28,2005-05-29,589,179
1242,1-179-CONQUERER NUTS,2005-06-15,2005-06-22,141,179
4220,1-179-CONQUERER NUTS,2005-07-07,2005-07-10,513,179
9135,1-179-CONQUERER NUTS,2005-07-30,2005-08-03,161,179
15084,1-179-CONQUERER NUTS,2005-08-22,2005-08-23,287,179
707,1-179-CONQUERER NUTS,2005-05-29,2005-05-30,252,179
1552,1-179-CONQUERER NUTS,2005-06-16,2005-06-21,518,179
4507,1-179-CONQUERER NUTS,2005-07-08,2005-07-14,505,179
9689,1-179-CONQUERER NUTS,2005-07-31,2005-08-04,498,179
13689,1-179-CONQUERER NUTS,2005-08-20,2005-08-22,336,179
1765,1-179-CONQUERER NUTS,2005-06-16,2005-06-19,273,179
6604,1-179-CONQUERER NUTS,2005-07-12,2005-07-16,365,179
7791,1-179-CONQUERER NUTS,2005-07-28,2005-07-30,514,179
15358,1-179-CONQUERER NUTS,2005-08-22,2005-08-31,448,179
7750,1-179-CONQUERER NUTS,2005-07-28,2005-08-06,220,179
13560,1-179-CONQUERER NUTS,2005-08-20,2005-08-28,56,179
601,2-708-QUILLS BULL,2005-05-28,2005-06-04,429,708
1967,2-708-QUILLS BULL,2005-06-17,2005-06-21,558,708
6134,2-708-QUILLS BULL,2005-07-11,2005-07-18,305,708
8595,2-708-QUILLS BULL,2005-07-29,2005-08-07,423,708
11851,2-708-QUILLS BULL,2005-08-17,2005-08-20,376,708
658,2-708-QUILLS BULL,2005-05-28,2005-06-06,103,708
1604,2-708-QUILLS BULL,2005-06-16,2005-06-17,272,708
6207,2-708-QUILLS BULL,2005-07-11,2005-07-14,143,708
8111,2-708-QUILLS BULL,2005-07-28,2005-07-29,148,708
13446,2-708-QUILLS BULL,2005-08-20,2005-08-22,488,708
2353,1-708-QUILLS BULL,2005-06-18,2005-06-19,361,708
6382,1-708-QUILLS BULL,2005-07-11,2005-07-17,336,708
8934,1-708-QUILLS BULL,2005-07-30,2005-08-01,494,708
15660,1-708-QUILLS BULL,2005-08-23,2005-08-28,388,708
8546,1-708-QUILLS BULL,2005-07-29,2005-08-03,418,708
11669,1-708-QUILLS BULL,2005-08-17,2005-08-22,487,708
603,1-715-RANGE MOONWALKER,2005-05-28,2005-05-29,537,715
1536,1-715-RANGE MOONWALKER,2005-06-16,2005-06-17,339,715
5484,1-715-RANGE MOONWALKER,2005-07-09,2005-07-15,495,715
7454,1-715-RANGE MOONWALKER,2005-07-27,2005-07-30,75,715
12320,1-715-RANGE MOONWALKER,2005-08-18,2005-08-20,267,715
760,2-715-RANGE MOONWALKER,2005-05-29,2005-06-02,77,715
2295,2-715-RANGE MOONWALKER,2005-06-18,2005-06-21,106,715
4752,2-715-RANGE MOONWALKER,2005-07-08,2005-07-12,512,715
7769,2-715-RANGE MOONWALKER,2005-07-28,2005-07-30,30,715
14564,2-715-RANGE MOONWALKER,2005-08-21,2005-08-26,22,715
823,1-715-RANGE MOONWALKER,2005-05-29,2005-05-30,441,715
1237,1-715-RANGE MOONWALKER,2005-06-15,2005-06-23,49,715
4708,1-715-RANGE MOONWALKER,2005-07-08,2005-07-17,212,715
9585,1-715-RANGE MOONWALKER,2005-07-31,2005-08-02,197,715
12748,1-715-RANGE MOONWALKER,2005-08-18,2005-08-24,373,715
3234,2-715-RANGE MOONWALKER,2005-06-21,2005-06-29,459,715
5097,2-715-RANGE MOONWALKER,2005-07-09,2005-07-10,343,715
7907,2-715-RANGE MOONWALKER,2005-07-28,2005-07-30,433,715
12978,2-715-RANGE MOONWALKER,2005-08-19,2005-08-20,167,715
5534,2-715-RANGE MOONWALKER,2005-07-10,2005-07-11,156,715
9613,2-715-RANGE MOONWALKER,2005-07-31,2005-08-02,188,715
15431,2-715-RANGE MOONWALKER,2005-08-23,2005-08-31,550,715
6872,1-715-RANGE MOONWALKER,2005-07-12,2005-07-18,86,715
10787,1-715-RANGE MOONWALKER,2005-08-01,2005-08-10,127,715
13244,1-715-RANGE MOONWALKER,2005-08-19,2005-08-22,298,715
8601,1-715-RANGE MOONWALKER,2005-07-29,2005-08-06,181,715
15732,1-715-RANGE MOONWALKER,2005-08-23,2005-08-26,412,715
606,1-768-SCARFACE BANG,2005-05-28,2005-06-04,299,768
1926,1-768-SCARFACE BANG,2005-06-17,2005-06-25,462,768
3628,1-768-SCARFACE BANG,2005-07-06,2005-07-07,588,768
8794,1-768-SCARFACE BANG,2005-07-29,2005-07-31,320,768
15525,1-768-SCARFACE BANG,2005-08-23,2005-08-25,123,768
2646,2-768-SCARFACE BANG,2005-06-19,2005-06-21,275,768
5801,2-768-SCARFACE BANG,2005-07-10,2005-07-14,439,768
10878,2-768-SCARFACE BANG,2005-08-02,2005-08-07,45,768
11678,2-768-SCARFACE BANG,2005-08-17,2005-08-21,176,768
4580,2-768-SCARFACE BANG,2005-07-08,2005-07-15,199,768
8480,2-768-SCARFACE BANG,2005-07-29,2005-08-05,467,768
11572,2-768-SCARFACE BANG,2005-08-17,2005-08-19,515,768
7226,1-768-SCARFACE BANG,2005-07-27,2005-08-01,370,768
13419,1-768-SCARFACE BANG,2006-02-14,,537,768
8946,2-768-SCARFACE BANG,2005-07-30,2005-08-04,257,768
14639,2-768-SCARFACE BANG,2005-08-21,2005-08-26,210,768
8959,1-768-SCARFACE BANG,2005-07-30,2005-08-06,550,768
12375,1-768-SCARFACE BANG,2005-08-18,2005-08-21,365,768
608,1-925-UNITED PILOT,2005-05-28,2005-06-04,494,925
2948,1-925-UNITED PILOT,2005-06-20,2005-06-29,289,925
6690,1-925-UNITED PILOT,2005-07-12,2005-07-16,447,925
11077,1-925-UNITED PILOT,2005-08-02,2005-08-09,158,925
11910,1-925-UNITED PILOT,2005-08-17,2005-08-19,418,925
1619,2-925-UNITED PILOT,2005-06-16,2005-06-19,232,925
3936,2-925-UNITED PILOT,2005-07-06,2005-07-08,129,925
10663,2-925-UNITED PILOT,2005-08-01,2005-08-08,433,925
11998,2-925-UNITED PILOT,2005-08-17,2005-08-18,299,925
1857,2-925-UNITED PILOT,2005-06-17,2005-06-21,427,925
5607,2-925-UNITED PILOT,2005-07-10,2005-07-15,52,925
9852,2-925-UNITED PILOT,2005-07-31,2005-08-05,415,925
14721,2-925-UNITED PILOT,2005-08-21,2005-08-30,349,925
7248,1-925-UNITED PILOT,2005-07-27,2005-08-01,456,925
11579,1-925-UNITED PILOT,2005-08-17,2005-08-22,356,925
8186,1-925-UNITED PILOT,2005-07-28,2005-07-31,102,925
14698,1-925-UNITED PILOT,2005-08-21,2005-08-29,196,925
610,1-795-SIEGE MADRE,2005-05-28,2005-06-02,500,795
3078,1-795-SIEGE MADRE,2005-06-20,2005-06-24,367,795
6884,1-795-SIEGE MADRE,2005-07-12,2005-07-20,17,795
9791,1-795-SIEGE MADRE,2005-07-31,2005-08-03,300,795
15380,1-795-SIEGE MADRE,2005-08-22,2005-08-28,423,795
1268,1-795-SIEGE MADRE,2005-06-15,2005-06-23,142,795
5407,1-795-SIEGE MADRE,2005-07-09,2005-07-14,475,795
10405,1-795-SIEGE MADRE,2005-08-01,2005-08-05,463,795
15557,1-795-SIEGE MADRE,2005-08-23,2005-08-30,444,795
2155,1-795-SIEGE MADRE,2005-06-17,2005-06-25,227,795
4843,1-795-SIEGE MADRE,2005-07-08,2005-07-15,45,795
9244,1-795-SIEGE MADRE,2005-07-30,2005-08-03,27,795
11791,1-795-SIEGE MADRE,2005-08-17,2005-08-22,219,795
9790,1-795-SIEGE MADRE,2005-07-31,2005-08-04,284,795
15601,1-795-SIEGE MADRE,2005-08-23,2005-08-24,579,795
613,1-60-BEAST HUNCHBACK,2005-05-28,2005-06-02,595,60
1583,1-60-BEAST HUNCHBACK,2005-06-16,2005-06-18,37,60
5872,1-60-BEAST HUNCHBACK,2005-07-10,2005-07-19,364,60
8377,1-60-BEAST HUNCHBACK,2005-07-29,2005-07-30,73,60
15290,1-60-BEAST HUNCHBACK,2005-08-22,2005-08-31,404,60
1544,1-60-BEAST HUNCHBACK,2005-06-16,2005-06-17,43,60
3668,1-60-BEAST HUNCHBACK,2005-07-06,2005-07-10,514,60
8227,1-60-BEAST HUNCHBACK,2005-07-29,2005-07-31,167,60
12257,1-60-BEAST HUNCHBACK,2005-08-18,2005-08-25,87,60
9425,1-60-BEAST HUNCHBACK,2005-07-30,2005-08-05,295,60
14867,1-60-BEAST HUNCHBACK,2005-08-22,2005-08-25,114,60
614,1-63-BEDAZZLED MARRIED,2005-05-28,2005-06-04,307,63
1633,1-63-BEDAZZLED MARRIED,2005-06-16,2005-06-17,4,63
5165,1-63-BEDAZZLED MARRIED,2005-07-09,2005-07-14,590,63
8964,1-63-BEDAZZLED MARRIED,2005-07-30,2005-08-06,424,63
15337,1-63-BEDAZZLED MARRIED,2005-08-22,2005-08-26,237,63
2592,2-63-BEDAZZLED MARRIED,2005-06-19,2005-06-21,208,63
6551,2-63-BEDAZZLED MARRIED,2005-07-12,2005-07-13,567,63
10709,2-63-BEDAZZLED MARRIED,2005-08-01,2005-08-06,418,63
16000,2-63-BEDAZZLED MARRIED,2005-08-23,2005-08-25,71,63
8676,2-63-BEDAZZLED MARRIED,2005-07-29,2005-08-05,533,63
14301,2-63-BEDAZZLED MARRIED,2005-08-21,2005-08-28,162,63
10056,1-63-BEDAZZLED MARRIED,2005-07-31,2005-08-01,237,63
15485,1-63-BEDAZZLED MARRIED,2005-08-23,2005-08-28,114,63
617,1-900-TOWN ARK,2005-05-28,2005-05-31,372,900
1897,1-900-TOWN ARK,2005-06-17,2005-06-25,422,900
4026,1-900-TOWN ARK,2005-07-07,2005-07-14,251,900
9958,1-900-TOWN ARK,2005-07-31,2005-08-04,157,900
12223,1-900-TOWN ARK,2005-08-18,2005-08-23,397,900
1263,2-900-TOWN ARK,2005-06-15,2005-06-16,540,900
5336,2-900-TOWN ARK,2005-07-09,2005-07-11,410,900
10408,2-900-TOWN ARK,2005-08-01,2005-08-09,334,900
14672,2-900-TOWN ARK,2005-08-21,2005-08-30,325,900
4697,2-900-TOWN ARK,2005-07-08,2005-07-12,224,900
7773,2-900-TOWN ARK,2005-07-28,2005-07-30,380,900
15253,2-900-TOWN ARK,2005-08-22,2005-08-23,333,900
8473,1-900-TOWN ARK,2005-07-29,2005-07-31,311,900
11749,1-900-TOWN ARK,2005-08-17,2005-08-19,567,900
618,1-972-WHISPERER GIANT,2005-05-28,2005-06-01,248,972
2895,1-972-WHISPERER GIANT,2005-06-20,2005-06-27,141,972
5876,1-972-WHISPERER GIANT,2005-07-10,2005-07-14,578,972
7211,1-972-WHISPERER GIANT,2005-07-27,2005-08-02,285,972
12996,1-972-WHISPERER GIANT,2005-08-19,2005-08-25,380,972
1969,2-972-WHISPERER GIANT,2005-06-17,2005-06-21,337,972
5402,2-972-WHISPERER GIANT,2005-07-09,2005-07-10,379,972
11164,2-972-WHISPERER GIANT,2005-08-02,2005-08-10,580,972
13316,2-972-WHISPERER GIANT,2005-08-19,2005-08-22,10,972
2729,2-972-WHISPERER GIANT,2005-06-19,2005-06-27,510,972
6241,2-972-WHISPERER GIANT,2005-07-11,2005-07-18,74,972
9690,2-972-WHISPERER GIANT,2005-07-31,2005-08-06,468,972
15781,2-972-WHISPERER GIANT,2005-08-23,2005-08-31,412,972
6413,1-972-WHISPERER GIANT,2005-07-11,2005-07-17,251,972
11016,1-972-WHISPERER GIANT,2005-08-02,2005-08-05,116,972
13605,1-972-WHISPERER GIANT,2005-08-20,2005-08-26,522,972
6545,1-972-WHISPERER GIANT,2005-07-12,2005-07-20,376,972
10575,1-972-WHISPERER GIANT,2005-08-01,2005-08-08,251,972
14309,1-972-WHISPERER GIANT,2005-08-21,2005-08-30,468,972
6785,2-972-WHISPERER GIANT,2005-07-12,2005-07-18,69,972
9032,2-972-WHISPERER GIANT,2005-07-30,2005-08-01,369,972
12053,2-972-WHISPERER GIANT,2005-08-17,2005-08-20,280,972
619,2-544-MADISON TRAP,2005-05-28,2005-06-06,407,544
3319,2-544-MADISON TRAP,2005-06-21,2005-06-27,461,544
4408,2-544-MADISON TRAP,2005-07-07,2005-07-11,258,544
9412,2-544-MADISON TRAP,2005-07-30,2005-08-06,522,544
1023,2-544-MADISON TRAP,2005-05-31,2005-06-05,227,544
1668,2-544-MADISON TRAP,2005-06-16,2005-06-23,569,544
6225,2-544-MADISON TRAP,2005-07-11,2005-07-14,204,544
9312,2-544-MADISON TRAP,2005-07-30,2005-08-03,76,544
14729,2-544-MADISON TRAP,2005-08-21,2005-08-27,289,544
6548,1-544-MADISON TRAP,2005-07-12,2005-07-19,488,544
11369,1-544-MADISON TRAP,2005-08-02,2005-08-09,480,544
11588,1-544-MADISON TRAP,2005-08-17,2005-08-22,565,544
6866,1-544-MADISON TRAP,2005-07-12,2005-07-15,312,544
7719,1-544-MADISON TRAP,2005-07-28,2005-08-05,286,544
15114,1-544-MADISON TRAP,2005-08-22,2005-08-31,121,544
620,1-533-LOST BIRD,2005-05-28,2005-06-04,321,533
1170,1-533-LOST BIRD,2005-06-14,2005-06-17,595,533
5328,1-533-LOST BIRD,2005-07-09,2005-07-17,247,533
8112,1-533-LOST BIRD,2005-07-28,2005-08-03,528,533
14066,1-533-LOST BIRD,2005-08-20,2005-08-29,274,533
922,1-533-LOST BIRD,2005-05-30,2005-06-08,550,533
3367,1-533-LOST BIRD,2005-06-21,2005-06-26,80,533
3603,1-533-LOST BIRD,2005-07-06,2005-07-12,330,533
7974,1-533-LOST BIRD,2005-07-28,2005-08-02,380,533
14268,1-533-LOST BIRD,2005-08-21,2005-08-23,278,533
10868,1-533-LOST BIRD,2005-08-02,2005-08-10,562,533
13643,1-533-LOST BIRD,2005-08-20,2005-08-26,398,533
621,1-253-DRIFTER COMMANDMENTS,2005-05-28,2005-05-30,239,253
3102,1-253-DRIFTER COMMANDMENTS,2005-06-20,2005-06-29,522,253
5487,1-253-DRIFTER COMMANDMENTS,2005-07-10,2005-07-10,341,253
7498,1-253-DRIFTER COMMANDMENTS,2005-07-27,2005-07-29,455,253
15505,1-253-DRIFTER COMMANDMENTS,2005-08-23,2005-08-26,375,253
749,2-253-DRIFTER COMMANDMENTS,2005-05-29,2005-05-31,375,253
3447,2-253-DRIFTER COMMANDMENTS,2005-06-21,2005-06-24,25,253
4855,2-253-DRIFTER COMMANDMENTS,2005-07-08,2005-07-11,337,253
7623,2-253-DRIFTER COMMANDMENTS,2005-07-28,2005-08-04,459,253
13756,2-253-DRIFTER COMMANDMENTS,2006-02-14,,252,253
1252,2-253-DRIFTER COMMANDMENTS,2005-06-15,2005-06-24,89,253
4640,2-253-DRIFTER COMMANDMENTS,2005-07-08,2005-07-15,506,253
7232,2-253-DRIFTER COMMANDMENTS,2005-07-27,2005-07-28,306,253
13757,2-253-DRIFTER COMMANDMENTS,2005-08-20,2005-08-23,14,253
2276,1-253-DRIFTER COMMANDMENTS,2005-06-18,2005-06-25,594,253
6850,1-253-DRIFTER COMMANDMENTS,2005-07-12,2005-07-17,433,253
6967,1-253-DRIFTER COMMANDMENTS,2005-07-27,2005-08-03,296,253
12986,1-253-DRIFTER COMMANDMENTS,2005-08-19,2005-08-22,210,253
5509,1-253-DRIFTER COMMANDMENTS,2005-07-10,2005-07-16,102,253
8332,1-253-DRIFTER COMMANDMENTS,2005-07-29,2005-08-03,217,253
11797,1-253-DRIFTER COMMANDMENTS,2005-08-17,2005-08-18,546,253
6352,1-253-DRIFTER COMMANDMENTS,2005-07-11,2005-07-13,235,253
8732,1-253-DRIFTER COMMANDMENTS,2005-07-29,2005-08-07,346,253
11552,1-253-DRIFTER COMMANDMENTS,2005-08-17,2005-08-23,230,253
624,1-800-SINNERS ATLANTIS,2005-05-28,2005-06-06,569,800
2099,1-800-SINNERS ATLANTIS,2005-06-17,2005-06-24,146,800
3849,1-800-SINNERS ATLANTIS,2005-07-06,2005-07-12,60,800
10571,1-800-SINNERS ATLANTIS,2005-08-01,2005-08-02,308,800
14404,1-800-SINNERS ATLANTIS,2005-08-21,2005-08-30,192,800
713,2-800-SINNERS ATLANTIS,2005-05-29,2005-06-07,507,800
2376,2-800-SINNERS ATLANTIS,2005-06-18,2005-06-25,479,800
6679,2-800-SINNERS ATLANTIS,2005-07-12,2005-07-14,586,800
7935,2-800-SINNERS ATLANTIS,2005-07-28,2005-08-04,462,800
15165,2-800-SINNERS ATLANTIS,2005-08-22,2005-08-29,168,800
1328,2-800-SINNERS ATLANTIS,2005-06-15,2005-06-19,295,800
6179,2-800-SINNERS ATLANTIS,2005-07-11,2005-07-17,42,800
10199,2-800-SINNERS ATLANTIS,2005-08-01,2005-08-05,526,800
12987,2-800-SINNERS ATLANTIS,2005-08-19,2005-08-20,134,800
3675,2-800-SINNERS ATLANTIS,2005-07-06,2005-07-12,282,800
9991,2-800-SINNERS ATLANTIS,2005-07-31,2005-08-03,414,800
12596,2-800-SINNERS ATLANTIS,2005-08-18,2005-08-24,378,800
5203,1-800-SINNERS ATLANTIS,2005-07-09,2005-07-15,588,800
7267,1-800-SINNERS ATLANTIS,2005-07-27,2005-08-01,122,800
13908,1-800-SINNERS ATLANTIS,2005-08-20,2005-08-29,532,800
7779,2-800-SINNERS ATLANTIS,2005-07-28,2005-07-30,414,800
13705,2-800-SINNERS ATLANTIS,2005-08-20,2005-08-21,451,800
626,1-100-BROOKLYN DESERT,2005-05-28,2005-06-01,584,100
2482,1-100-BROOKLYN DESERT,2005-06-18,2005-06-19,122,100
5868,1-100-BROOKLYN DESERT,2005-07-10,2005-07-15,429,100
7480,1-100-BROOKLYN DESERT,2005-07-27,2005-08-02,344,100
12420,1-100-BROOKLYN DESERT,2005-08-18,2005-08-22,477,100
777,1-100-BROOKLYN DESERT,2005-05-29,2005-06-03,360,100
3435,1-100-BROOKLYN DESERT,2005-06-21,2005-06-24,591,100
5089,1-100-BROOKLYN DESERT,2005-07-09,2005-07-15,289,100
9376,1-100-BROOKLYN DESERT,2005-07-30,2005-08-04,86,100
13762,1-100-BROOKLYN DESERT,2005-08-20,2005-08-23,566,100
3429,2-100-BROOKLYN DESERT,2005-06-21,2005-06-30,599,100
5148,2-100-BROOKLYN DESERT,2005-07-09,2005-07-18,48,100
9083,2-100-BROOKLYN DESERT,2005-07-30,2005-08-07,488,100
12496,2-100-BROOKLYN DESERT,2005-08-18,2005-08-27,489,100
4517,1-100-BROOKLYN DESERT,2005-07-08,2005-07-12,16,100
9496,1-100-BROOKLYN DESERT,2005-07-30,2005-08-02,125,100
13503,1-100-BROOKLYN DESERT,2005-08-20,2005-08-28,15,100
6934,2-100-BROOKLYN DESERT,2005-07-26,2005-08-04,107,100
14869,2-100-BROOKLYN DESERT,2005-08-22,2005-08-23,21,100
10768,1-100-BROOKLYN DESERT,2005-08-01,2005-08-10,273,100
12171,1-100-BROOKLYN DESERT,2005-08-18,2005-08-22,457,100
631,1-539-LUCK OPUS,2005-05-28,2005-06-03,503,539
2618,1-539-LUCK OPUS,2005-06-19,2005-06-24,310,539
3612,1-539-LUCK OPUS,2005-07-06,2005-07-14,402,539
7273,1-539-LUCK OPUS,2005-07-27,2005-07-31,1,539
13154,1-539-LUCK OPUS,2005-08-19,2005-08-26,255,539
904,1-539-LUCK OPUS,2005-05-30,2005-06-05,44,539
1631,1-539-LUCK OPUS,2005-06-16,2005-06-19,5,539
5800,1-539-LUCK OPUS,2005-07-10,2005-07-11,411,539
8371,1-539-LUCK OPUS,2005-07-29,2005-07-31,396,539
11570,1-539-LUCK OPUS,2005-08-17,2005-08-24,343,539
634,1-577-MILE MULAN,2005-05-28,2005-06-05,428,577
2425,1-577-MILE MULAN,2005-06-18,2005-06-27,579,577
3505,1-577-MILE MULAN,2005-07-06,2005-07-14,331,577
10848,1-577-MILE MULAN,2005-08-01,2005-08-06,368,577
12743,1-577-MILE MULAN,2005-08-18,2005-08-27,565,577
1143,1-577-MILE MULAN,2005-05-31,2005-06-06,209,577
3163,1-577-MILE MULAN,2005-06-20,2005-06-26,391,577
5632,1-577-MILE MULAN,2005-07-10,2005-07-17,404,577
9149,1-577-MILE MULAN,2005-07-30,2005-08-01,21,577
14474,1-577-MILE MULAN,2005-08-21,2005-08-27,294,577
5187,1-577-MILE MULAN,2005-07-09,2005-07-14,91,577
8765,1-577-MILE MULAN,2005-07-29,2005-07-31,538,577
11916,1-577-MILE MULAN,2005-08-17,2005-08-20,86,577
636,1-916-TURN STAR,2005-05-28,2005-06-04,239,916
1391,1-916-TURN STAR,2005-06-15,2005-06-22,273,916
3944,1-916-TURN STAR,2005-07-06,2005-07-08,436,916
11066,1-916-TURN STAR,2005-08-02,2005-08-10,373,916
15192,1-916-TURN STAR,2005-08-22,2005-08-27,216,916
1233,1-916-TURN STAR,2005-06-15,2005-06-22,550,916
3535,1-916-TURN STAR,2005-07-06,2005-07-11,65,916
9058,1-916-TURN STAR,2005-07-30,2005-07-31,403,916
12958,1-916-TURN STAR,2005-08-19,2005-08-20,569,916
5992,2-916-TURN STAR,2005-07-11,2005-07-13,54,916
7813,2-916-TURN STAR,2005-07-28,2005-07-30,411,916
13251,2-916-TURN STAR,2005-08-19,2005-08-20,111,916
9656,2-916-TURN STAR,2005-07-31,2005-08-05,39,916
12165,2-916-TURN STAR,2005-08-18,2005-08-27,24,916
639,2-914-TROUBLE DATE,2005-05-28,2005-05-29,198,914
1287,2-914-TROUBLE DATE,2005-06-15,2005-06-22,104,914
3642,2-914-TROUBLE DATE,2005-07-06,2005-07-09,166,914
7064,2-914-TROUBLE DATE,2005-07-27,2005-08-03,320,914
12673,2-914-TROUBLE DATE,2005-08-18,2005-08-26,535,914
1355,2-914-TROUBLE DATE,2005-06-15,2005-06-20,499,914
6568,2-914-TROUBLE DATE,2005-07-12,2005-07-15,13,914
8842,2-914-TROUBLE DATE,2005-07-29,2005-08-06,292,914
14190,2-914-TROUBLE DATE,2005-08-21,2005-08-29,517,914
1672,2-914-TROUBLE DATE,2005-06-16,2005-06-23,216,914
6317,2-914-TROUBLE DATE,2005-07-11,2005-07-14,225,914
10743,2-914-TROUBLE DATE,2005-08-01,2005-08-03,197,914
14465,2-914-TROUBLE DATE,2005-08-21,2005-08-28,262,914
2176,1-914-TROUBLE DATE,2005-06-18,2005-06-21,282,914
6006,1-914-TROUBLE DATE,2005-07-11,2005-07-17,399,914
7846,1-914-TROUBLE DATE,2005-07-28,2005-08-06,309,914
13727,1-914-TROUBLE DATE,2005-08-20,2005-08-27,85,914
3061,1-914-TROUBLE DATE,2005-06-20,2005-06-22,330,914
6296,1-914-TROUBLE DATE,2005-07-11,2005-07-17,484,914
8752,1-914-TROUBLE DATE,2005-07-29,2005-07-31,253,914
14488,1-914-TROUBLE DATE,2006-02-14,,75,914
7430,2-914-TROUBLE DATE,2005-07-27,2005-08-01,562,914
14656,2-914-TROUBLE DATE,2005-08-21,2005-08-24,201,914
640,1-110-CABIN FLASH,2005-05-28,2005-05-30,465,110
2566,1-110-CABIN FLASH,2005-06-19,2005-06-25,486,110
5296,1-110-CABIN FLASH,2005-07-09,2005-07-15,109,110
9254,1-110-CABIN FLASH,2005-07-30,2005-08-04,33,110
12011,1-110-CABIN FLASH,2005-08-17,2005-08-23,313,110
3444,1-110-CABIN FLASH,2005-06-21,2005-06-25,45,110
3851,1-110-CABIN FLASH,2005-07-06,2005-07-11,436,110
10125,1-110-CABIN FLASH,2005-07-31,2005-08-01,178,110
12356,1-110-CABIN FLASH,2005-08-18,2005-08-24,529,110
6009,1-110-CABIN FLASH,2005-07-11,2005-07-18,470,110
9295,1-110-CABIN FLASH,2005-07-30,2005-08-03,102,110
11921,1-110-CABIN FLASH,2005-08-17,2005-08-25,485,110
6914,1-110-CABIN FLASH,2005-07-12,2005-07-17,361,110
9076,1-110-CABIN FLASH,2005-07-30,2005-08-08,447,110
14551,1-110-CABIN FLASH,2005-08-21,2005-08-28,521,110
643,1-682-PITTSBURGH HUNCHBACK,2005-05-28,2005-05-31,240,682
2415,1-682-PITTSBURGH HUNCHBACK,2005-06-18,2005-06-25,434,682
4721,1-682-PITTSBURGH HUNCHBACK,2005-07-08,2005-07-15,234,682
9458,1-682-PITTSBURGH HUNCHBACK,2005-07-30,2005-08-04,343,682
14834,1-682-PITTSBURGH HUNCHBACK,2005-08-22,2005-08-28,262,682
2898,1-682-PITTSBURGH HUNCHBACK,2005-06-20,2005-06-29,178,682
6670,1-682-PITTSBURGH HUNCHBACK,2005-07-12,2005-07-19,249,682
10920,1-682-PITTSBURGH HUNCHBACK,2005-08-02,2005-08-06,531,682
13241,1-682-PITTSBURGH HUNCHBACK,2005-08-19,2005-08-26,33,682
3987,1-682-PITTSBURGH HUNCHBACK,2005-07-06,2005-07-15,270,682
8422,1-682-PITTSBURGH HUNCHBACK,2005-07-29,2005-08-03,7,682
14962,1-682-PITTSBURGH HUNCHBACK,2005-08-22,2005-08-29,449,682
645,2-687-POCUS PULP,2005-05-28,2005-06-05,505,687
1272,2-687-POCUS PULP,2005-06-15,2005-06-18,135,687
5226,2-687-POCUS PULP,2005-07-09,2005-07-11,218,687
9348,2-687-POCUS PULP,2005-07-30,2005-08-07,87,687
14331,2-687-POCUS PULP,2005-08-21,2005-08-29,372,687
1534,1-687-POCUS PULP,2005-06-16,2005-06-18,42,687
6722,1-687-POCUS PULP,2005-07-12,2005-07-19,211,687
9389,1-687-POCUS PULP,2005-07-30,2005-08-04,198,687
11881,1-687-POCUS PULP,2005-08-17,2005-08-21,272,687
2668,2-687-POCUS PULP,2005-06-19,2005-06-24,568,687
6746,2-687-POCUS PULP,2005-07-12,2005-07-17,537,687
11181,2-687-POCUS PULP,2005-08-02,2005-08-07,557,687
12329,2-687-POCUS PULP,2005-08-18,2005-08-25,397,687
3308,2-687-POCUS PULP,2005-06-21,2005-06-23,96,687
5885,2-687-POCUS PULP,2005-07-10,2005-07-17,331,687
7625,2-687-POCUS PULP,2005-07-28,2005-08-02,382,687
13923,2-687-POCUS PULP,2005-08-20,2005-08-27,588,687
5258,1-687-POCUS PULP,2005-07-09,2005-07-11,207,687
10633,1-687-POCUS PULP,2005-08-01,2005-08-10,475,687
14255,1-687-POCUS PULP,2005-08-21,2005-08-29,492,687
6174,1-687-POCUS PULP,2005-07-11,2005-07-18,7,687
7889,1-687-POCUS PULP,2005-07-28,2005-07-30,416,687
15831,1-687-POCUS PULP,2005-08-23,2005-08-24,401,687
6291,2-687-POCUS PULP,2005-07-11,2005-07-13,262,687
9832,2-687-POCUS PULP,2005-07-31,2005-08-08,64,687
15641,2-687-POCUS PULP,2005-08-23,2005-08-24,240,687
648,2-762-SASSY PACKER,2005-05-28,2005-06-03,253,762
2817,2-762-SASSY PACKER,2005-06-19,2005-06-24,510,762
5694,2-762-SASSY PACKER,2005-07-10,2005-07-14,57,762
10165,2-762-SASSY PACKER,2005-07-31,2005-08-06,50,762
13342,2-762-SASSY PACKER,2005-08-19,2005-08-21,172,762
4047,2-762-SASSY PACKER,2005-07-07,2005-07-09,364,762
7614,2-762-SASSY PACKER,2005-07-28,2005-07-29,440,762
14048,2-762-SASSY PACKER,2005-08-20,2005-08-25,105,762
6862,2-762-SASSY PACKER,2005-07-12,2005-07-18,231,762
9698,2-762-SASSY PACKER,2005-07-31,2005-08-09,594,762
15355,2-762-SASSY PACKER,2005-08-22,2005-08-28,493,762
9373,2-762-SASSY PACKER,2005-07-30,2005-08-05,180,762
14308,2-762-SASSY PACKER,2005-08-21,2005-08-25,419,762
650,1-958-WARDROBE PHANTOM,2005-05-28,2005-05-29,281,958
2677,1-958-WARDROBE PHANTOM,2005-06-19,2005-06-21,428,958
3840,1-958-WARDROBE PHANTOM,2005-07-06,2005-07-15,468,958
10465,1-958-WARDROBE PHANTOM,2005-08-01,2005-08-10,534,958
11962,1-958-WARDROBE PHANTOM,2005-08-17,2005-08-21,29,958
847,2-958-WARDROBE PHANTOM,2005-05-30,2005-06-06,380,958
2467,2-958-WARDROBE PHANTOM,2005-06-18,2005-06-20,177,958
3776,2-958-WARDROBE PHANTOM,2005-07-06,2005-07-10,278,958
9201,2-958-WARDROBE PHANTOM,2005-07-30,2005-08-08,291,958
15829,2-958-WARDROBE PHANTOM,2005-08-23,2005-08-27,30,958
952,2-958-WARDROBE PHANTOM,2005-05-30,2005-06-02,311,958
3048,2-958-WARDROBE PHANTOM,2005-06-20,2005-06-26,482,958
4659,2-958-WARDROBE PHANTOM,2005-07-08,2005-07-14,425,958
10312,2-958-WARDROBE PHANTOM,2005-08-01,2005-08-08,172,958
13548,2-958-WARDROBE PHANTOM,2005-08-20,2005-08-27,319,958
989,2-958-WARDROBE PHANTOM,2005-05-30,2005-06-03,83,958
2282,2-958-WARDROBE PHANTOM,2005-06-18,2005-06-24,113,958
5076,2-958-WARDROBE PHANTOM,2005-07-09,2005-07-16,574,958
8855,2-958-WARDROBE PHANTOM,2005-07-29,2005-08-02,335,958
15837,2-958-WARDROBE PHANTOM,2005-08-23,2005-08-27,283,958
1962,1-958-WARDROBE PHANTOM,2005-06-17,2005-06-23,536,958
5282,1-958-WARDROBE PHANTOM,2005-07-09,2005-07-13,226,958
10825,1-958-WARDROBE PHANTOM,2005-08-01,2005-08-04,587,958
13166,1-958-WARDROBE PHANTOM,2005-08-19,2005-08-22,504,958
3821,1-958-WARDROBE PHANTOM,2005-07-06,2005-07-11,354,958
7660,1-958-WARDROBE PHANTOM,2005-07-28,2005-07-30,4,958
13299,1-958-WARDROBE PHANTOM,2005-08-19,2005-08-22,373,958
651,1-162-CLUELESS BUCKET,2005-05-28,2005-05-30,266,162
2059,1-162-CLUELESS BUCKET,2005-06-17,2005-06-18,114,162
6719,1-162-CLUELESS BUCKET,2005-07-12,2005-07-15,330,162
10423,1-162-CLUELESS BUCKET,2005-08-01,2005-08-08,7,162
15152,1-162-CLUELESS BUCKET,2005-08-22,2005-08-31,123,162
689,2-162-CLUELESS BUCKET,2005-05-29,2005-06-03,571,162
3286,2-162-CLUELESS BUCKET,2005-06-21,2005-06-25,577,162
3726,2-162-CLUELESS BUCKET,2005-07-06,2005-07-11,363,162
8484,2-162-CLUELESS BUCKET,2005-07-29,2005-07-30,260,162
15443,2-162-CLUELESS BUCKET,2005-08-23,2005-09-01,598,162
1597,2-162-CLUELESS BUCKET,2005-06-16,2005-06-18,432,162
4417,2-162-CLUELESS BUCKET,2005-07-07,2005-07-09,452,162
8412,2-162-CLUELESS BUCKET,2005-07-29,2005-08-06,312,162
15203,2-162-CLUELESS BUCKET,2005-08-22,2005-08-26,568,162
1885,1-162-CLUELESS BUCKET,2005-06-17,2005-06-21,588,162
5897,1-162-CLUELESS BUCKET,2005-07-10,2005-07-19,413,162
10590,1-162-CLUELESS BUCKET,2005-08-01,2005-08-04,78,162
15429,1-162-CLUELESS BUCKET,2005-08-23,2005-08-23,241,162
6372,2-162-CLUELESS BUCKET,2005-07-11,2005-07-15,64,162
7346,2-162-CLUELESS BUCKET,2005-07-27,2005-08-02,2,162
11913,2-162-CLUELESS BUCKET,2005-08-17,2005-08-24,295,162
8822,2-162-CLUELESS BUCKET,2005-07-29,2005-08-06,35,162
11912,2-162-CLUELESS BUCKET,2005-08-17,2005-08-24,573,162
10116,1-162-CLUELESS BUCKET,2005-07-31,2005-08-03,28,162
15704,1-162-CLUELESS BUCKET,2005-08-23,2005-08-29,71,162
661,1-486-JET NEIGHBORS,2005-05-28,2005-06-02,51,486
2195,1-486-JET NEIGHBORS,2005-06-18,2005-06-25,286,486
6711,1-486-JET NEIGHBORS,2005-07-12,2005-07-20,257,486
9935,1-486-JET NEIGHBORS,2005-07-31,2005-08-05,10,486
15955,1-486-JET NEIGHBORS,2005-08-23,2005-08-31,349,486
3146,1-486-JET NEIGHBORS,2005-06-20,2005-06-29,339,486
6490,1-486-JET NEIGHBORS,2005-07-12,2005-07-19,548,486
9091,1-486-JET NEIGHBORS,2005-07-30,2005-08-07,66,486
12219,1-486-JET NEIGHBORS,2005-08-18,2005-08-23,271,486
3289,1-486-JET NEIGHBORS,2005-06-21,2005-06-30,115,486
6734,1-486-JET NEIGHBORS,2005-07-12,2005-07-21,446,486
9331,1-486-JET NEIGHBORS,2005-07-30,2005-08-01,274,486
13886,1-486-JET NEIGHBORS,2005-08-20,2005-08-26,73,486
3510,2-486-JET NEIGHBORS,2005-07-06,2005-07-14,443,486
8309,2-486-JET NEIGHBORS,2005-07-29,2005-08-01,446,486
14648,2-486-JET NEIGHBORS,2005-08-21,2005-08-25,284,486
7162,2-486-JET NEIGHBORS,2005-07-27,2005-07-30,289,486
14837,2-486-JET NEIGHBORS,2005-08-22,2005-08-29,43,486
11193,1-486-JET NEIGHBORS,2005-08-02,2005-08-04,292,486
13258,1-486-JET NEIGHBORS,2005-08-19,2005-08-24,349,486
664,1-18-ALTER VICTORY,2005-05-28,2005-06-02,523,18
1985,1-18-ALTER VICTORY,2005-06-17,2005-06-22,411,18
6563,1-18-ALTER VICTORY,2005-07-12,2005-07-21,438,18
7637,1-18-ALTER VICTORY,2005-07-28,2005-08-02,91,18
14002,1-18-ALTER VICTORY,2005-08-20,2005-08-23,33,18
781,1-18-ALTER VICTORY,2005-05-29,2005-05-30,313,18
2804,1-18-ALTER VICTORY,2005-06-19,2005-06-25,426,18
4433,1-18-ALTER VICTORY,2005-07-07,2005-07-16,449,18
7044,1-18-ALTER VICTORY,2005-07-27,2005-08-01,147,18
15527,1-18-ALTER VICTORY,2005-08-23,2005-08-25,393,18
2585,2-18-ALTER VICTORY,2005-06-19,2005-06-20,406,18
4313,2-18-ALTER VICTORY,2005-07-07,2005-07-13,29,18
9504,2-18-ALTER VICTORY,2005-07-31,2005-08-02,125,18
15217,2-18-ALTER VICTORY,2005-08-22,2005-08-23,90,18
4453,1-18-ALTER VICTORY,2005-07-07,2005-07-12,560,18
8646,1-18-ALTER VICTORY,2005-07-29,2005-08-03,302,18
14418,1-18-ALTER VICTORY,2005-08-21,2005-08-28,442,18
5343,2-18-ALTER VICTORY,2005-07-09,2005-07-18,485,18
7652,2-18-ALTER VICTORY,2005-07-28,2005-07-30,5,18
13417,2-18-ALTER VICTORY,2005-08-19,2005-08-23,468,18
7981,2-18-ALTER VICTORY,2005-07-28,2005-08-04,392,18
12317,2-18-ALTER VICTORY,2005-08-18,2005-08-22,510,18
665,1-227-DETAILS PACKER,2005-05-28,2005-05-29,415,227
2663,1-227-DETAILS PACKER,2005-06-19,2005-06-20,583,227
3743,1-227-DETAILS PACKER,2005-07-06,2005-07-13,456,227
8537,1-227-DETAILS PACKER,2005-07-29,2005-08-06,447,227
12746,1-227-DETAILS PACKER,2006-02-14,,211,227
1576,2-227-DETAILS PACKER,2005-06-16,2005-06-24,442,227
5544,2-227-DETAILS PACKER,2005-07-10,2005-07-17,316,227
7745,2-227-DETAILS PACKER,2005-07-28,2005-08-06,285,227
12423,2-227-DETAILS PACKER,2005-08-18,2005-08-26,470,227
1801,2-227-DETAILS PACKER,2005-06-16,2005-06-18,10,227
5624,2-227-DETAILS PACKER,2005-07-10,2005-07-12,114,227
10639,2-227-DETAILS PACKER,2005-08-01,2005-08-10,39,227
13631,2-227-DETAILS PACKER,2005-08-20,2005-08-22,535,227
2193,1-227-DETAILS PACKER,2005-06-18,2005-06-22,112,227
6818,1-227-DETAILS PACKER,2005-07-12,2005-07-21,153,227
9503,1-227-DETAILS PACKER,2005-07-31,2005-08-06,311,227
12571,1-227-DETAILS PACKER,2005-08-18,2005-08-23,591,227
11139,1-227-DETAILS PACKER,2005-08-02,2005-08-08,236,227
13336,1-227-DETAILS PACKER,2005-08-19,2005-08-24,289,227
669,2-804-SLEEPING SUSPECTS,2005-05-28,2005-06-03,313,804
1621,2-804-SLEEPING SUSPECTS,2005-06-16,2005-06-19,177,804
4005,2-804-SLEEPING SUSPECTS,2005-07-07,2005-07-15,190,804
8926,2-804-SLEEPING SUSPECTS,2005-07-30,2005-08-03,510,804
13429,2-804-SLEEPING SUSPECTS,2005-08-19,2005-08-28,23,804
933,1-804-SLEEPING SUSPECTS,2005-05-30,2005-06-01,66,804
1820,1-804-SLEEPING SUSPECTS,2005-06-16,2005-06-20,120,804
4133,1-804-SLEEPING SUSPECTS,2005-07-07,2005-07-16,488,804
10175,1-804-SLEEPING SUSPECTS,2005-07-31,2005-08-09,137,804
15371,1-804-SLEEPING SUSPECTS,2006-02-14,,94,804
3131,2-804-SLEEPING SUSPECTS,2005-06-20,2005-06-24,146,804
5511,2-804-SLEEPING SUSPECTS,2005-07-10,2005-07-12,301,804
7483,2-804-SLEEPING SUSPECTS,2005-07-27,2005-07-29,106,804
15014,2-804-SLEEPING SUSPECTS,2005-08-22,2005-08-31,373,804
4910,1-804-SLEEPING SUSPECTS,2005-07-08,2005-07-18,219,804
10417,1-804-SLEEPING SUSPECTS,2005-08-01,2005-08-02,427,804
12344,1-804-SLEEPING SUSPECTS,2005-08-18,2005-08-24,269,804
5589,1-804-SLEEPING SUSPECTS,2005-07-10,2005-07-10,296,804
10344,1-804-SLEEPING SUSPECTS,2005-08-01,2005-08-06,367,804
11718,1-804-SLEEPING SUSPECTS,2005-08-17,2005-08-23,555,804
7463,2-804-SLEEPING SUSPECTS,2005-07-27,2005-07-29,284,804
12201,2-804-SLEEPING SUSPECTS,2005-08-18,2005-08-23,540,804
10672,1-804-SLEEPING SUSPECTS,2005-08-01,2005-08-07,375,804
14094,1-804-SLEEPING SUSPECTS,2005-08-21,2005-08-23,471,804
670,1-51-BALLOON HOMEWARD,2005-05-28,2005-06-06,201,51
2040,1-51-BALLOON HOMEWARD,2005-06-17,2005-06-22,260,51
6796,1-51-BALLOON HOMEWARD,2005-07-12,2005-07-16,291,51
7176,1-51-BALLOON HOMEWARD,2005-07-27,2005-07-29,257,51
15141,1-51-BALLOON HOMEWARD,2005-08-22,2005-08-28,541,51
1400,2-51-BALLOON HOMEWARD,2005-06-15,2005-06-21,571,51
5047,2-51-BALLOON HOMEWARD,2005-07-09,2005-07-15,272,51
11469,2-51-BALLOON HOMEWARD,2005-08-02,2005-08-06,77,51
13242,2-51-BALLOON HOMEWARD,2005-08-19,2005-08-24,414,51
1468,1-51-BALLOON HOMEWARD,2005-06-15,2005-06-21,230,51
4629,1-51-BALLOON HOMEWARD,2005-07-08,2005-07-17,563,51
7312,1-51-BALLOON HOMEWARD,2005-07-27,2005-07-31,543,51
12405,1-51-BALLOON HOMEWARD,2005-08-18,2005-08-27,266,51
2056,2-51-BALLOON HOMEWARD,2005-06-17,2005-06-20,42,51
6863,2-51-BALLOON HOMEWARD,2005-07-12,2005-07-21,484,51
10481,2-51-BALLOON HOMEWARD,2005-08-01,2005-08-09,170,51
14480,2-51-BALLOON HOMEWARD,2005-08-21,2005-08-26,411,51
2641,2-51-BALLOON HOMEWARD,2005-06-19,2005-06-22,374,51
4575,2-51-BALLOON HOMEWARD,2005-07-08,2005-07-11,41,51
9829,2-51-BALLOON HOMEWARD,2005-07-31,2005-08-07,435,51
15451,2-51-BALLOON HOMEWARD,2005-08-23,2005-08-24,514,51
10614,2-51-BALLOON HOMEWARD,2005-08-01,2005-08-10,533,51
11963,2-51-BALLOON HOMEWARD,2005-08-17,2005-08-23,211,51
671,1-230-DIARY PANIC,2005-05-28,2005-06-03,14,230
3217,1-230-DIARY PANIC,2005-06-21,2005-06-25,463,230
5063,1-230-DIARY PANIC,2005-07-09,2005-07-13,133,230
11441,1-230-DIARY PANIC,2005-08-02,2005-08-05,389,230
14030,1-230-DIARY PANIC,2005-08-20,2005-08-27,127,230
2667,1-230-DIARY PANIC,2005-06-19,2005-06-27,200,230
4894,1-230-DIARY PANIC,2005-07-08,2005-07-11,286,230
7565,1-230-DIARY PANIC,2005-07-27,2005-07-30,114,230
13715,1-230-DIARY PANIC,2005-08-20,2005-08-27,292,230
672,1-152-CIRCUS YOUTH,2005-05-28,2005-06-06,306,152
2934,1-152-CIRCUS YOUTH,2005-06-20,2005-06-22,228,152
4518,1-152-CIRCUS YOUTH,2005-07-08,2005-07-13,592,152
11154,1-152-CIRCUS YOUTH,2005-08-02,2005-08-06,160,152
15751,1-152-CIRCUS YOUTH,2005-08-23,2005-08-29,199,152
1626,1-152-CIRCUS YOUTH,2005-06-16,2005-06-22,260,152
6261,1-152-CIRCUS YOUTH,2005-07-11,2005-07-14,386,152
8695,1-152-CIRCUS YOUTH,2005-07-29,2005-08-07,280,152
12588,1-152-CIRCUS YOUTH,2005-08-18,2005-08-23,415,152
3811,1-152-CIRCUS YOUTH,2005-07-06,2005-07-08,208,152
9172,1-152-CIRCUS YOUTH,2005-07-30,2005-08-04,437,152
14249,1-152-CIRCUS YOUTH,2005-08-21,2005-08-28,268,152
5989,1-152-CIRCUS YOUTH,2005-07-11,2005-07-15,283,152
7526,1-152-CIRCUS YOUTH,2005-07-27,2005-08-05,44,152
13467,1-152-CIRCUS YOUTH,2005-08-20,2005-08-20,373,152
673,2-383-GROOVE FICTION,2005-05-28,2005-06-01,468,383
1771,2-383-GROOVE FICTION,2005-06-16,2005-06-18,416,383
4903,2-383-GROOVE FICTION,2005-07-08,2005-07-13,132,383
9429,2-383-GROOVE FICTION,2005-07-30,2005-08-07,288,383
14458,2-383-GROOVE FICTION,2005-08-21,2005-08-30,256,383
2171,2-383-GROOVE FICTION,2005-06-18,2005-06-24,147,383
5749,2-383-GROOVE FICTION,2005-07-10,2005-07-19,304,383
6937,2-383-GROOVE FICTION,2005-07-26,2005-07-27,592,383
14417,2-383-GROOVE FICTION,2005-08-21,2005-08-25,596,383
3460,1-383-GROOVE FICTION,2005-06-21,2005-06-29,236,383
3949,1-383-GROOVE FICTION,2005-07-06,2005-07-11,153,383
7549,1-383-GROOVE FICTION,2005-07-27,2005-08-05,591,383
13171,1-383-GROOVE FICTION,2005-08-19,2005-08-27,122,383
4225,1-383-GROOVE FICTION,2005-07-07,2005-07-12,377,383
8745,1-383-GROOVE FICTION,2005-07-29,2005-08-06,293,383
12866,1-383-GROOVE FICTION,2005-08-19,2005-08-27,229,383
8198,1-383-GROOVE FICTION,2005-07-28,2005-08-06,356,383
12400,1-383-GROOVE FICTION,2005-08-18,2005-08-26,10,383
675,1-282-ENCOUNTERS CURTAIN,2005-05-28,2005-06-01,338,282
2124,1-282-ENCOUNTERS CURTAIN,2005-06-17,2005-06-23,178,282
6442,1-282-ENCOUNTERS CURTAIN,2005-07-12,2005-07-15,360,282
11114,1-282-ENCOUNTERS CURTAIN,2005-08-02,2005-08-03,572,282
15774,1-282-ENCOUNTERS CURTAIN,2005-08-23,2005-08-28,254,282
2457,2-282-ENCOUNTERS CURTAIN,2005-06-18,2005-06-26,91,282
5006,2-282-ENCOUNTERS CURTAIN,2005-07-09,2005-07-18,486,282
7030,2-282-ENCOUNTERS CURTAIN,2005-07-27,2005-07-31,550,282
12826,2-282-ENCOUNTERS CURTAIN,2005-08-19,2005-08-27,439,282
3592,1-282-ENCOUNTERS CURTAIN,2005-07-06,2005-07-15,286,282
8650,1-282-ENCOUNTERS CURTAIN,2005-07-29,2005-08-04,134,282
13237,1-282-ENCOUNTERS CURTAIN,2005-08-19,2005-08-25,169,282
5231,2-282-ENCOUNTERS CURTAIN,2005-07-09,2005-07-10,405,282
10082,2-282-ENCOUNTERS CURTAIN,2005-07-31,2005-08-01,76,282
14541,2-282-ENCOUNTERS CURTAIN,2005-08-21,2005-08-25,576,282
6926,2-282-ENCOUNTERS CURTAIN,2005-07-26,2005-07-28,354,282
14799,2-282-ENCOUNTERS CURTAIN,2005-08-22,2005-08-24,454,282
10771,1-282-ENCOUNTERS CURTAIN,2005-08-01,2005-08-10,485,282
14650,1-282-ENCOUNTERS CURTAIN,2005-08-21,2005-08-25,190,282
676,1-506-LADY STAGE,2005-05-28,2005-05-29,490,506
3364,1-506-LADY STAGE,2005-06-21,2005-06-28,201,506
5982,1-506-LADY STAGE,2005-07-11,2005-07-14,403,506
9436,1-506-LADY STAGE,2005-07-30,2005-08-06,268,506
14587,1-506-LADY STAGE,2005-08-21,2005-08-26,250,506
5909,2-506-LADY STAGE,2005-07-10,2005-07-14,44,506
10077,2-506-LADY STAGE,2005-07-31,2005-08-09,19,506
14982,2-506-LADY STAGE,2005-08-22,2005-08-31,542,506
6068,1-506-LADY STAGE,2005-07-11,2005-07-14,265,506
10032,1-506-LADY STAGE,2005-07-31,2005-08-04,126,506
11832,1-506-LADY STAGE,2005-08-17,2005-08-19,125,506
7222,1-506-LADY STAGE,2005-07-27,2005-07-28,206,506
13997,1-506-LADY STAGE,2005-08-20,2005-08-26,175,506
7865,2-506-LADY STAGE,2005-07-28,2005-08-06,148,506
14278,2-506-LADY STAGE,2006-02-14,,557,506
9658,1-506-LADY STAGE,2005-07-31,2005-08-09,282,506
14615,1-506-LADY STAGE,2005-08-21,2005-08-30,171,506
677,1-995-YENTL IDAHO,2005-05-28,2005-06-05,194,995
2296,1-995-YENTL IDAHO,2005-06-18,2005-06-20,481,995
3793,1-995-YENTL IDAHO,2005-07-06,2005-07-08,553,995
10255,1-995-YENTL IDAHO,2005-08-01,2005-08-03,459,995
12175,1-995-YENTL IDAHO,2005-08-18,2005-08-19,328,995
1124,1-995-YENTL IDAHO,2005-05-31,2005-06-04,134,995
2547,1-995-YENTL IDAHO,2005-06-19,2005-06-24,162,995
6468,1-995-YENTL IDAHO,2005-07-12,2005-07-20,541,995
9816,1-995-YENTL IDAHO,2005-07-31,2005-08-04,3,995
15599,1-995-YENTL IDAHO,2005-08-23,2005-08-29,103,995
2990,1-995-YENTL IDAHO,2005-06-20,2005-06-29,18,995
4243,1-995-YENTL IDAHO,2005-07-07,2005-07-12,339,995
7388,1-995-YENTL IDAHO,2005-07-27,2005-08-01,455,995
15944,1-995-YENTL IDAHO,2005-08-23,2005-08-25,348,995
3752,2-995-YENTL IDAHO,2005-07-06,2005-07-13,235,995
7300,2-995-YENTL IDAHO,2005-07-27,2005-08-04,272,995
13734,2-995-YENTL IDAHO,2005-08-20,2005-08-25,374,995
4355,1-995-YENTL IDAHO,2005-07-07,2005-07-09,438,995
10682,1-995-YENTL IDAHO,2005-08-01,2005-08-06,18,995
13524,1-995-YENTL IDAHO,2005-08-20,2005-08-27,593,995
5747,2-995-YENTL IDAHO,2005-07-10,2005-07-18,583,995
9163,2-995-YENTL IDAHO,2005-07-30,2005-07-31,345,995
11831,2-995-YENTL IDAHO,2005-08-17,2005-08-21,32,995
678,1-818-SOMETHING DUCK,2005-05-28,2005-06-03,269,818
1618,1-818-SOMETHING DUCK,2005-06-16,2005-06-25,134,818
3712,1-818-SOMETHING DUCK,2005-07-06,2005-07-15,504,818
8476,1-818-SOMETHING DUCK,2005-07-29,2005-08-06,470,818
12505,1-818-SOMETHING DUCK,2005-08-18,2005-08-23,406,818
1372,1-818-SOMETHING DUCK,2005-06-15,2005-06-17,108,818
3589,1-818-SOMETHING DUCK,2005-07-06,2005-07-10,137,818
7046,1-818-SOMETHING DUCK,2005-07-27,2005-07-30,349,818
13215,1-818-SOMETHING DUCK,2005-08-19,2005-08-27,460,818
2434,1-818-SOMETHING DUCK,2005-06-18,2005-06-23,12,818
6319,1-818-SOMETHING DUCK,2005-07-11,2005-07-12,233,818
9349,1-818-SOMETHING DUCK,2005-07-30,2005-08-08,579,818
13338,1-818-SOMETHING DUCK,2005-08-19,2005-08-23,86,818
4245,2-818-SOMETHING DUCK,2005-07-07,2005-07-10,91,818
9153,2-818-SOMETHING DUCK,2005-07-30,2005-08-03,589,818
13938,2-818-SOMETHING DUCK,2005-08-20,2005-08-21,463,818
6800,2-818-SOMETHING DUCK,2005-07-12,2005-07-21,599,818
8478,2-818-SOMETHING DUCK,2005-07-29,2005-08-01,162,818
13746,2-818-SOMETHING DUCK,2005-08-20,2005-08-25,520,818
679,1-201-CYCLONE FAMILY,2005-05-28,2005-06-06,526,201
1673,1-201-CYCLONE FAMILY,2005-06-16,2005-06-18,534,201
5886,1-201-CYCLONE FAMILY,2005-07-10,2005-07-11,215,201
11156,1-201-CYCLONE FAMILY,2005-08-02,2005-08-04,465,201
15935,1-201-CYCLONE FAMILY,2005-08-23,2005-08-25,361,201
1637,1-201-CYCLONE FAMILY,2005-06-16,2005-06-23,212,201
4018,1-201-CYCLONE FAMILY,2005-07-07,2005-07-12,207,201
7329,1-201-CYCLONE FAMILY,2005-07-27,2005-08-04,226,201
15726,1-201-CYCLONE FAMILY,2005-08-23,2005-08-28,503,201
5352,1-201-CYCLONE FAMILY,2005-07-09,2005-07-15,372,201
7492,1-201-CYCLONE FAMILY,2005-07-27,2005-07-31,155,201
15234,1-201-CYCLONE FAMILY,2006-02-14,,228,201
6510,1-201-CYCLONE FAMILY,2005-07-12,2005-07-21,446,201
10816,1-201-CYCLONE FAMILY,2005-08-01,2005-08-10,129,201
14040,1-201-CYCLONE FAMILY,2005-08-20,2005-08-25,17,201
680,1-901-TRACY CIDER,2005-05-28,2005-06-02,482,901
2614,1-901-TRACY CIDER,2005-06-19,2005-06-22,145,901
6047,1-901-TRACY CIDER,2005-07-11,2005-07-16,235,901
8941,1-901-TRACY CIDER,2005-07-30,2005-08-02,329,901
15791,1-901-TRACY CIDER,2005-08-23,2005-09-01,445,901
1420,2-901-TRACY CIDER,2005-06-15,2005-06-24,255,901
6519,2-901-TRACY CIDER,2005-07-12,2005-07-19,598,901
11042,2-901-TRACY CIDER,2005-08-02,2005-08-11,439,901
13999,2-901-TRACY CIDER,2005-08-20,2005-08-26,239,901
1492,1-901-TRACY CIDER,2005-06-15,2005-06-17,360,901
3873,1-901-TRACY CIDER,2005-07-06,2005-07-15,394,901
8899,1-901-TRACY CIDER,2005-07-30,2005-08-01,252,901
13218,1-901-TRACY CIDER,2005-08-19,2005-08-22,257,901
3013,1-901-TRACY CIDER,2005-06-20,2005-06-26,290,901
6364,1-901-TRACY CIDER,2005-07-11,2005-07-20,160,901
8756,1-901-TRACY CIDER,2005-07-29,2005-08-02,120,901
12844,1-901-TRACY CIDER,2005-08-19,2005-08-24,584,901
3018,2-901-TRACY CIDER,2005-06-20,2005-06-25,112,901
5217,2-901-TRACY CIDER,2005-07-09,2005-07-17,430,901
7809,2-901-TRACY CIDER,2005-07-28,2005-08-02,94,901
14857,2-901-TRACY CIDER,2005-08-22,2005-08-24,232,901
4583,2-901-TRACY CIDER,2005-07-08,2005-07-12,365,901
10092,2-901-TRACY CIDER,2005-07-31,2005-08-01,364,901
14165,2-901-TRACY CIDER,2005-08-21,2005-08-24,150,901
9241,1-901-TRACY CIDER,2005-07-30,2005-08-04,187,901
13963,1-901-TRACY CIDER,2005-08-20,2005-08-24,368,901
682,1-694-PREJUDICE OLEANDER,2005-05-28,2005-05-29,148,694
2988,1-694-PREJUDICE OLEANDER,2005-06-20,2005-06-28,557,694
6347,1-694-PREJUDICE OLEANDER,2005-07-11,2005-07-16,178,694
10739,1-694-PREJUDICE OLEANDER,2005-08-01,2005-08-06,197,694
14553,1-694-PREJUDICE OLEANDER,2005-08-21,2005-08-23,434,694
2692,1-694-PREJUDICE OLEANDER,2005-06-19,2005-06-21,388,694
5408,1-694-PREJUDICE OLEANDER,2005-07-09,2005-07-18,144,694
7977,1-694-PREJUDICE OLEANDER,2005-07-28,2005-08-01,389,694
12284,1-694-PREJUDICE OLEANDER,2005-08-18,2005-08-22,147,694
3073,2-694-PREJUDICE OLEANDER,2005-06-20,2005-06-26,471,694
4380,2-694-PREJUDICE OLEANDER,2005-07-07,2005-07-14,353,694
9599,2-694-PREJUDICE OLEANDER,2005-07-31,2005-08-04,502,694
14475,2-694-PREJUDICE OLEANDER,2005-08-21,2005-08-27,2,694
6908,1-694-PREJUDICE OLEANDER,2005-07-12,2005-07-21,529,694
10688,1-694-PREJUDICE OLEANDER,2005-08-01,2005-08-09,449,694
13443,1-694-PREJUDICE OLEANDER,2005-08-19,2005-08-28,236,694
7392,1-694-PREJUDICE OLEANDER,2005-07-27,2005-08-01,204,694
12598,1-694-PREJUDICE OLEANDER,2005-08-18,2005-08-22,340,694
9792,2-694-PREJUDICE OLEANDER,2005-07-31,2005-08-07,292,694
11898,2-694-PREJUDICE OLEANDER,2005-08-17,2005-08-24,169,694
683,2-443-HURRICANE AFFAIR,2005-05-29,2005-06-02,197,443
3343,2-443-HURRICANE AFFAIR,2005-06-21,2005-06-25,466,443
6254,2-443-HURRICANE AFFAIR,2005-07-11,2005-07-17,20,443
7522,2-443-HURRICANE AFFAIR,2005-07-27,2005-08-02,478,443
13772,2-443-HURRICANE AFFAIR,2005-08-20,2005-08-28,387,443
3037,1-443-HURRICANE AFFAIR,2005-06-20,2005-06-21,434,443
4936,1-443-HURRICANE AFFAIR,2005-07-08,2005-07-15,298,443
8658,1-443-HURRICANE AFFAIR,2005-07-29,2005-08-07,427,443
11522,1-443-HURRICANE AFFAIR,2005-08-17,2005-08-24,599,443
3390,1-443-HURRICANE AFFAIR,2005-06-21,2005-06-26,151,443
3773,1-443-HURRICANE AFFAIR,2005-07-06,2005-07-08,263,443
8092,1-443-HURRICANE AFFAIR,2005-07-28,2005-07-30,167,443
13951,1-443-HURRICANE AFFAIR,2005-08-20,2005-08-26,40,443
5452,2-443-HURRICANE AFFAIR,2005-07-09,2005-07-17,80,443
10193,2-443-HURRICANE AFFAIR,2005-08-01,2005-08-07,358,443
12124,2-443-HURRICANE AFFAIR,2005-08-17,2005-08-21,22,443
5493,2-443-HURRICANE AFFAIR,2005-07-10,2005-07-15,539,443
10075,2-443-HURRICANE AFFAIR,2005-07-31,2005-08-08,469,443
14351,2-443-HURRICANE AFFAIR,2005-08-21,2005-08-25,66,443
6475,2-443-HURRICANE AFFAIR,2005-07-12,2005-07-17,74,443
9168,2-443-HURRICANE AFFAIR,2005-07-30,2005-08-08,75,443
14035,2-443-HURRICANE AFFAIR,2005-08-20,2005-08-22,260,443
7082,1-443-HURRICANE AFFAIR,2005-07-27,2005-07-30,64,443
12599,1-443-HURRICANE AFFAIR,2005-08-18,2005-08-23,34,443
684,2-711-RAGING AIRPLANE,2005-05-29,2005-06-04,461,711
1253,2-711-RAGING AIRPLANE,2005-06-15,2005-06-21,498,711
3733,2-711-RAGING AIRPLANE,2005-07-06,2005-07-09,586,711
10444,2-711-RAGING AIRPLANE,2005-08-01,2005-08-09,106,711
12934,2-711-RAGING AIRPLANE,2005-08-19,2005-08-24,591,711
4644,2-711-RAGING AIRPLANE,2005-07-08,2005-07-10,38,711
8907,2-711-RAGING AIRPLANE,2005-07-30,2005-08-03,576,711
15510,2-711-RAGING AIRPLANE,2005-08-23,2005-09-01,209,711
5212,2-711-RAGING AIRPLANE,2005-07-09,2005-07-15,400,711
7126,2-711-RAGING AIRPLANE,2005-07-27,2005-07-28,582,711
14497,2-711-RAGING AIRPLANE,2005-08-21,2005-08-22,254,711
9780,2-711-RAGING AIRPLANE,2005-07-31,2005-08-02,102,711
13403,2-711-RAGING AIRPLANE,2005-08-19,2005-08-27,3,711
686,2-532-LOSER HUSTLER,2005-05-29,2005-05-30,411,532
2209,2-532-LOSER HUSTLER,2005-06-18,2005-06-22,13,532
4856,2-532-LOSER HUSTLER,2005-07-08,2005-07-13,7,532
7249,2-532-LOSER HUSTLER,2005-07-27,2005-07-28,425,532
11740,2-532-LOSER HUSTLER,2005-08-17,2005-08-24,27,532
1421,2-532-LOSER HUSTLER,2005-06-15,2005-06-21,533,532
6125,2-532-LOSER HUSTLER,2005-07-11,2005-07-18,307,532
7035,2-532-LOSER HUSTLER,2005-07-27,2005-08-02,90,532
13776,2-532-LOSER HUSTLER,2005-08-20,2005-08-26,137,532
2153,2-532-LOSER HUSTLER,2005-06-17,2005-06-24,357,532
6495,2-532-LOSER HUSTLER,2005-07-12,2005-07-14,19,532
8520,2-532-LOSER HUSTLER,2005-07-29,2005-08-02,103,532
15468,2-532-LOSER HUSTLER,2005-08-23,2005-08-28,399,532
7005,2-532-LOSER HUSTLER,2005-07-27,2005-08-02,446,532
12058,2-532-LOSER HUSTLER,2005-08-17,2005-08-26,540,532
687,1-377-GREASE YOUTH,2005-05-29,2005-05-31,250,377
2871,1-377-GREASE YOUTH,2005-06-20,2005-06-29,443,377
5689,1-377-GREASE YOUTH,2005-07-10,2005-07-15,381,377
10797,1-377-GREASE YOUTH,2005-08-01,2005-08-03,308,377
13936,1-377-GREASE YOUTH,2005-08-20,2005-08-23,364,377
2543,1-377-GREASE YOUTH,2005-06-19,2005-06-21,58,377
5384,1-377-GREASE YOUTH,2005-07-09,2005-07-12,180,377
11353,1-377-GREASE YOUTH,2005-08-02,2005-08-09,444,377
13683,1-377-GREASE YOUTH,2005-08-20,2005-08-24,255,377
4030,2-377-GREASE YOUTH,2005-07-07,2005-07-08,300,377
9136,2-377-GREASE YOUTH,2005-07-30,2005-07-31,57,377
12671,2-377-GREASE YOUTH,2005-08-18,2005-08-23,577,377
5376,1-377-GREASE YOUTH,2005-07-09,2005-07-17,104,377
9619,1-377-GREASE YOUTH,2005-07-31,2005-08-05,138,377
15609,1-377-GREASE YOUTH,2005-08-23,2005-09-01,256,377
6294,2-377-GREASE YOUTH,2005-07-11,2005-07-15,463,377
7119,2-377-GREASE YOUTH,2005-07-27,2005-07-29,102,377
15827,2-377-GREASE YOUTH,2005-08-23,2005-08-24,346,377
6332,2-377-GREASE YOUTH,2005-07-11,2005-07-13,538,377
7547,2-377-GREASE YOUTH,2005-07-27,2005-08-06,547,377
12465,2-377-GREASE YOUTH,2005-08-18,2005-08-21,486,377
690,1-580-MINE TITANS,2005-05-29,2005-06-06,85,580
3452,1-580-MINE TITANS,2005-06-21,2005-06-24,293,580
3663,1-580-MINE TITANS,2005-07-06,2005-07-07,566,580
7217,1-580-MINE TITANS,2005-07-27,2005-07-29,20,580
15985,1-580-MINE TITANS,2005-08-23,2005-08-26,179,580
2977,1-580-MINE TITANS,2005-06-20,2005-06-29,571,580
6356,1-580-MINE TITANS,2005-07-11,2005-07-12,149,580
8553,1-580-MINE TITANS,2005-07-29,2005-08-07,49,580
12625,1-580-MINE TITANS,2005-08-18,2005-08-23,108,580
4383,2-580-MINE TITANS,2005-07-07,2005-07-17,591,580
9826,2-580-MINE TITANS,2005-07-31,2005-08-09,595,580
13894,2-580-MINE TITANS,2005-08-20,2005-08-26,360,580
5677,1-580-MINE TITANS,2005-07-10,2005-07-12,105,580
9455,1-580-MINE TITANS,2005-07-30,2005-08-08,220,580
13847,1-580-MINE TITANS,2005-08-20,2005-08-25,82,580
6969,2-580-MINE TITANS,2005-07-27,2005-08-03,579,580
14304,2-580-MINE TITANS,2005-08-21,2005-08-26,417,580
11196,1-580-MINE TITANS,2005-08-02,2005-08-10,126,580
13554,1-580-MINE TITANS,2005-08-20,2005-08-28,569,580
691,1-879-TELEGRAPH VOYAGE,2005-05-29,2005-06-07,433,879
2957,1-879-TELEGRAPH VOYAGE,2005-06-20,2005-06-29,542,879
4393,1-879-TELEGRAPH VOYAGE,2005-07-07,2005-07-09,395,879
9165,1-879-TELEGRAPH VOYAGE,2005-07-30,2005-08-03,291,879
13925,1-879-TELEGRAPH VOYAGE,2005-08-20,2005-08-27,565,879
1010,2-879-TELEGRAPH VOYAGE,2005-05-31,2005-06-01,49,879
2175,2-879-TELEGRAPH VOYAGE,2005-06-18,2005-06-22,17,879
3815,2-879-TELEGRAPH VOYAGE,2005-07-06,2005-07-11,472,879
8705,2-879-TELEGRAPH VOYAGE,2005-07-29,2005-08-02,2,879
13347,2-879-TELEGRAPH VOYAGE,2005-08-19,2005-08-28,562,879
1646,2-879-TELEGRAPH VOYAGE,2005-06-16,2005-06-24,131,879
4326,2-879-TELEGRAPH VOYAGE,2005-07-07,2005-07-16,331,879
11492,2-879-TELEGRAPH VOYAGE,2005-08-02,2005-08-09,349,879
14651,2-879-TELEGRAPH VOYAGE,2005-08-21,2005-08-28,544,879
1689,1-879-TELEGRAPH VOYAGE,2005-06-16,2005-06-24,48,879
4866,1-879-TELEGRAPH VOYAGE,2005-07-08,2005-07-15,278,879
6989,1-879-TELEGRAPH VOYAGE,2005-07-27,2005-07-30,120,879
12437,1-879-TELEGRAPH VOYAGE,2005-08-18,2005-08-26,467,879
2091,1-879-TELEGRAPH VOYAGE,2005-06-17,2005-06-26,260,879
3709,1-879-TELEGRAPH VOYAGE,2005-07-06,2005-07-15,187,879
7588,1-879-TELEGRAPH VOYAGE,2005-07-27,2005-08-04,360,879
13948,1-879-TELEGRAPH VOYAGE,2005-08-20,2005-08-25,410,879
3876,2-879-TELEGRAPH VOYAGE,2005-07-06,2005-07-14,295,879
7441,2-879-TELEGRAPH VOYAGE,2005-07-27,2005-07-31,198,879
15648,2-879-TELEGRAPH VOYAGE,2005-08-23,2005-08-30,80,879
10247,1-879-TELEGRAPH VOYAGE,2005-08-01,2005-08-09,189,879
15508,1-879-TELEGRAPH VOYAGE,2005-08-23,2005-08-29,293,879
695,2-930-VACATION BOONDOCK,2005-05-29,2005-06-03,528,930
2126,2-930-VACATION BOONDOCK,2005-06-17,2005-06-27,263,930
3703,2-930-VACATION BOONDOCK,2005-07-06,2005-07-13,421,930
8094,2-930-VACATION BOONDOCK,2005-07-28,2005-08-05,432,930
13330,2-930-VACATION BOONDOCK,2005-08-19,2005-08-20,297,930
746,1-930-VACATION BOONDOCK,2005-05-29,2005-06-02,130,930
1746,1-930-VACATION BOONDOCK,2005-06-16,2005-06-19,385,930
4173,1-930-VACATION BOONDOCK,2005-07-07,2005-07-10,320,930
8229,1-930-VACATION BOONDOCK,2005-07-29,2005-07-31,498,930
15736,1-930-VACATION BOONDOCK,2005-08-23,2005-08-30,127,930
2031,2-930-VACATION BOONDOCK,2005-06-17,2005-06-25,570,930
6383,2-930-VACATION BOONDOCK,2005-07-11,2005-07-17,486,930
7256,2-930-VACATION BOONDOCK,2005-07-27,2005-07-29,363,930
15374,2-930-VACATION BOONDOCK,2005-08-22,2005-08-31,8,930
4775,2-930-VACATION BOONDOCK,2005-07-08,2005-07-11,595,930
7785,2-930-VACATION BOONDOCK,2005-07-28,2005-08-02,460,930
11684,2-930-VACATION BOONDOCK,2005-08-17,2005-08-22,517,930
8011,1-930-VACATION BOONDOCK,2005-07-28,2005-07-30,497,930
11901,1-930-VACATION BOONDOCK,2005-08-17,2005-08-20,70,930
8029,1-930-VACATION BOONDOCK,2005-07-28,2005-08-05,61,930
13198,1-930-VACATION BOONDOCK,2005-08-19,2005-08-21,169,930
697,2-861-SUIT WALLS,2005-05-29,2005-06-04,387,861
2291,2-861-SUIT WALLS,2005-06-18,2005-06-26,436,861
6021,2-861-SUIT WALLS,2005-07-11,2005-07-13,173,861
7735,2-861-SUIT WALLS,2005-07-28,2005-07-31,372,861
12222,2-861-SUIT WALLS,2006-02-14,,22,861
1030,2-861-SUIT WALLS,2005-05-31,2005-06-02,267,861
2845,2-861-SUIT WALLS,2005-06-19,2005-06-23,583,861
5079,2-861-SUIT WALLS,2005-07-09,2005-07-17,566,861
10824,2-861-SUIT WALLS,2005-08-01,2005-08-04,482,861
13623,2-861-SUIT WALLS,2005-08-20,2005-08-25,321,861
2625,1-861-SUIT WALLS,2005-06-19,2005-06-26,25,861
6624,1-861-SUIT WALLS,2005-07-12,2005-07-18,335,861
9965,1-861-SUIT WALLS,2005-07-31,2005-08-05,101,861
11698,1-861-SUIT WALLS,2005-08-17,2005-08-19,353,861
6447,1-861-SUIT WALLS,2005-07-12,2005-07-18,482,861
9897,1-861-SUIT WALLS,2005-07-31,2005-08-02,538,861
11627,1-861-SUIT WALLS,2005-08-17,2005-08-26,168,861
8642,1-861-SUIT WALLS,2005-07-29,2005-08-03,522,861
11672,1-861-SUIT WALLS,2006-02-14,,521,861
9084,2-861-SUIT WALLS,2005-07-30,2005-08-03,171,861
12399,2-861-SUIT WALLS,2005-08-18,2005-08-27,347,861
700,2-111-CADDYSHACK JEDI,2005-05-29,2005-05-30,117,111
1832,2-111-CADDYSHACK JEDI,2005-06-16,2005-06-19,220,111
4036,2-111-CADDYSHACK JEDI,2005-07-07,2005-07-07,397,111
9191,2-111-CADDYSHACK JEDI,2005-07-30,2005-08-05,314,111
15803,2-111-CADDYSHACK JEDI,2005-08-23,2005-08-28,105,111
1057,2-111-CADDYSHACK JEDI,2005-05-31,2005-06-06,124,111
1794,2-111-CADDYSHACK JEDI,2005-06-16,2005-06-22,452,111
5856,2-111-CADDYSHACK JEDI,2005-07-10,2005-07-11,314,111
7165,2-111-CADDYSHACK JEDI,2005-07-27,2005-07-30,243,111
15797,2-111-CADDYSHACK JEDI,2005-08-23,2005-08-25,503,111
4386,2-111-CADDYSHACK JEDI,2005-07-07,2005-07-10,314,111
9820,2-111-CADDYSHACK JEDI,2005-07-31,2005-08-08,279,111
11622,2-111-CADDYSHACK JEDI,2005-08-17,2005-08-24,220,111
6426,2-111-CADDYSHACK JEDI,2005-07-11,2005-07-21,495,111
10286,2-111-CADDYSHACK JEDI,2005-08-01,2005-08-10,532,111
11976,2-111-CADDYSHACK JEDI,2005-08-17,2005-08-23,373,111
702,1-560-MARS ROMAN,2005-05-29,2005-05-30,475,560
3243,1-560-MARS ROMAN,2005-06-21,2005-06-25,426,560
4250,1-560-MARS ROMAN,2005-07-07,2005-07-13,423,560
10085,1-560-MARS ROMAN,2005-07-31,2005-08-03,392,560
12217,1-560-MARS ROMAN,2005-08-18,2005-08-24,105,560
1072,2-560-MARS ROMAN,2005-05-31,2005-06-05,272,560
1739,2-560-MARS ROMAN,2005-06-16,2005-06-22,450,560
5863,2-560-MARS ROMAN,2005-07-10,2005-07-15,419,560
8152,2-560-MARS ROMAN,2005-07-28,2005-08-06,46,560
12384,2-560-MARS ROMAN,2005-08-18,2005-08-23,193,560
2810,2-560-MARS ROMAN,2005-06-19,2005-06-20,67,560
5513,2-560-MARS ROMAN,2005-07-10,2005-07-11,356,560
10043,2-560-MARS ROMAN,2005-07-31,2005-08-07,222,560
15273,2-560-MARS ROMAN,2005-08-22,2005-08-30,422,560
5105,1-560-MARS ROMAN,2005-07-09,2005-07-17,290,560
7098,1-560-MARS ROMAN,2005-07-27,2005-08-02,359,560
11735,1-560-MARS ROMAN,2005-08-17,2005-08-26,452,560
10012,1-560-MARS ROMAN,2005-07-31,2005-08-09,513,560
12487,1-560-MARS ROMAN,2005-08-18,2005-08-22,485,560
704,2-576-MIGHTY LUCK,2005-05-29,2005-06-06,330,576
2858,2-576-MIGHTY LUCK,2005-06-19,2005-06-21,268,576
4032,2-576-MIGHTY LUCK,2005-07-07,2005-07-14,335,576
11362,2-576-MIGHTY LUCK,2005-08-02,2005-08-07,331,576
12712,2-576-MIGHTY LUCK,2005-08-18,2005-08-25,444,576
1243,2-576-MIGHTY LUCK,2005-06-15,2005-06-21,107,576
4446,2-576-MIGHTY LUCK,2005-07-07,2005-07-13,438,576
10416,2-576-MIGHTY LUCK,2005-08-01,2005-08-10,449,576
12334,2-576-MIGHTY LUCK,2005-08-18,2005-08-25,160,576
5954,2-576-MIGHTY LUCK,2005-07-10,2005-07-14,32,576
10343,2-576-MIGHTY LUCK,2005-08-01,2005-08-02,267,576
15642,2-576-MIGHTY LUCK,2005-08-23,2005-08-28,160,576
705,2-616-NATIONAL STORY,2005-05-29,2005-05-30,257,616
2774,2-616-NATIONAL STORY,2005-06-19,2005-06-21,299,616
6458,2-616-NATIONAL STORY,2005-07-12,2005-07-16,138,616
9139,2-616-NATIONAL STORY,2005-07-30,2005-08-03,133,616
15722,2-616-NATIONAL STORY,2005-08-23,2005-09-01,26,616
2275,1-616-NATIONAL STORY,2005-06-18,2005-06-24,354,616
6606,1-616-NATIONAL STORY,2005-07-12,2005-07-13,178,616
11374,1-616-NATIONAL STORY,2005-08-02,2005-08-04,424,616
13602,1-616-NATIONAL STORY,2005-08-20,2005-08-27,348,616
3601,2-616-NATIONAL STORY,2005-07-06,2005-07-15,205,616
9383,2-616-NATIONAL STORY,2005-07-30,2005-08-01,416,616
13412,2-616-NATIONAL STORY,2005-08-19,2005-08-26,404,616
4283,2-616-NATIONAL STORY,2005-07-07,2005-07-11,477,616
7311,2-616-NATIONAL STORY,2005-07-27,2005-08-04,582,616
14632,2-616-NATIONAL STORY,2005-08-21,2005-08-25,38,616
9500,2-616-NATIONAL STORY,2005-07-30,2005-08-07,241,616
13570,2-616-NATIONAL STORY,2005-08-20,2005-08-24,188,616
10409,1-616-NATIONAL STORY,2005-08-01,2005-08-02,449,616
13123,1-616-NATIONAL STORY,2005-08-19,2005-08-21,220,616
706,2-493-KANE EXORCIST,2005-05-29,2005-06-04,60,493
2597,2-493-KANE EXORCIST,2005-06-19,2005-06-20,407,493
5196,2-493-KANE EXORCIST,2005-07-09,2005-07-13,536,493
9738,2-493-KANE EXORCIST,2005-07-31,2005-08-05,568,493
13771,2-493-KANE EXORCIST,2005-08-20,2005-08-22,512,493
1075,2-493-KANE EXORCIST,2005-05-31,2005-06-09,9,493
1609,2-493-KANE EXORCIST,2005-06-16,2005-06-17,174,493
6141,2-493-KANE EXORCIST,2005-07-11,2005-07-17,228,493
8380,2-493-KANE EXORCIST,2005-07-29,2005-08-02,145,493
12758,2-493-KANE EXORCIST,2005-08-18,2005-08-22,30,493
2231,2-493-KANE EXORCIST,2005-06-18,2005-06-23,35,493
4596,2-493-KANE EXORCIST,2005-07-08,2005-07-14,306,493
8968,2-493-KANE EXORCIST,2005-07-30,2005-07-31,339,493
14139,2-493-KANE EXORCIST,2005-08-21,2005-08-22,561,493
709,2-537-LOVER TRUMAN,2005-05-29,2005-06-06,479,537
2383,2-537-LOVER TRUMAN,2005-06-18,2005-06-26,149,537
4639,2-537-LOVER TRUMAN,2005-07-08,2005-07-14,75,537
10174,2-537-LOVER TRUMAN,2005-07-31,2005-08-06,359,537
14545,2-537-LOVER TRUMAN,2005-08-21,2005-08-29,13,537
4953,2-537-LOVER TRUMAN,2005-07-08,2005-07-11,168,537
8052,2-537-LOVER TRUMAN,2005-07-28,2005-08-03,166,537
12952,2-537-LOVER TRUMAN,2005-08-19,2005-08-20,228,537
7763,2-537-LOVER TRUMAN,2005-07-28,2005-08-03,116,537
12802,2-537-LOVER TRUMAN,2005-08-19,2005-08-28,462,537
715,1-442-HUNTING MUSKETEERS,2005-05-29,2005-06-05,545,442
2289,1-442-HUNTING MUSKETEERS,2005-06-18,2005-06-24,392,442
6029,1-442-HUNTING MUSKETEERS,2005-07-11,2005-07-14,520,442
10713,1-442-HUNTING MUSKETEERS,2005-08-01,2005-08-05,369,442
15438,1-442-HUNTING MUSKETEERS,2005-08-23,2005-08-26,46,442
977,1-442-HUNTING MUSKETEERS,2005-05-30,2005-06-04,394,442
3261,1-442-HUNTING MUSKETEERS,2005-06-21,2005-06-24,169,442
6137,1-442-HUNTING MUSKETEERS,2005-07-11,2005-07-13,67,442
10685,1-442-HUNTING MUSKETEERS,2005-08-01,2005-08-07,200,442
15664,1-442-HUNTING MUSKETEERS,2005-08-23,2005-08-31,351,442
1109,1-442-HUNTING MUSKETEERS,2005-05-31,2005-06-09,481,442
2593,1-442-HUNTING MUSKETEERS,2005-06-19,2005-06-28,556,442
6399,1-442-HUNTING MUSKETEERS,2005-07-11,2005-07-16,288,442
11328,1-442-HUNTING MUSKETEERS,2005-08-02,2005-08-04,219,442
15865,1-442-HUNTING MUSKETEERS,2005-08-23,2005-08-26,482,442
716,2-17-ALONE TRIP,2005-05-29,2005-06-01,36,17
2401,2-17-ALONE TRIP,2005-06-18,2005-06-19,359,17
5834,2-17-ALONE TRIP,2005-07-10,2005-07-14,360,17
11175,2-17-ALONE TRIP,2005-08-02,2005-08-07,164,17
13852,2-17-ALONE TRIP,2005-08-20,2005-08-22,535,17
2072,2-17-ALONE TRIP,2005-06-17,2005-06-23,261,17
5901,2-17-ALONE TRIP,2005-07-10,2005-07-19,165,17
9755,2-17-ALONE TRIP,2005-07-31,2005-08-07,108,17
13716,2-17-ALONE TRIP,2005-08-20,2005-08-26,386,17
4612,1-17-ALONE TRIP,2005-07-08,2005-07-12,371,17
10470,1-17-ALONE TRIP,2005-08-01,2005-08-05,523,17
14585,1-17-ALONE TRIP,2005-08-21,2005-08-26,30,17
7823,2-17-ALONE TRIP,2005-07-28,2005-08-06,428,17
14566,2-17-ALONE TRIP,2005-08-21,2005-08-26,87,17
8271,1-17-ALONE TRIP,2005-07-29,2005-08-07,481,17
13606,1-17-ALONE TRIP,2005-08-20,2005-08-27,146,17
10606,1-17-ALONE TRIP,2005-08-01,2005-08-08,335,17
12988,1-17-ALONE TRIP,2006-02-14,,236,17
718,1-378-GREATEST NORTH,2005-05-29,2005-06-02,498,378
2702,1-378-GREATEST NORTH,2005-06-19,2005-06-20,329,378
5979,1-378-GREATEST NORTH,2005-07-11,2005-07-14,251,378
9046,1-378-GREATEST NORTH,2005-07-30,2005-08-01,215,378
14898,1-378-GREATEST NORTH,2005-08-22,2005-08-31,299,378
1611,2-378-GREATEST NORTH,2005-06-16,2005-06-25,393,378
5420,2-378-GREATEST NORTH,2005-07-09,2005-07-15,80,378
8481,2-378-GREATEST NORTH,2005-07-29,2005-08-01,454,378
15115,2-378-GREATEST NORTH,2005-08-22,2005-08-26,33,378
3101,1-378-GREATEST NORTH,2005-06-20,2005-06-27,384,378
5318,1-378-GREATEST NORTH,2005-07-09,2005-07-14,472,378
7367,1-378-GREATEST NORTH,2005-07-27,2005-08-02,383,378
15318,1-378-GREATEST NORTH,2005-08-22,2005-08-25,60,378
3403,2-378-GREATEST NORTH,2005-06-21,2005-06-27,264,378
4422,2-378-GREATEST NORTH,2005-07-07,2005-07-10,345,378
8833,2-378-GREATEST NORTH,2005-07-29,2005-08-05,101,378
12694,2-378-GREATEST NORTH,2005-08-18,2005-08-25,268,378
3558,2-378-GREATEST NORTH,2005-07-06,2005-07-15,575,378
10228,2-378-GREATEST NORTH,2005-08-01,2005-08-06,106,378
12742,2-378-GREATEST NORTH,2005-08-18,2005-08-22,68,378
3606,1-378-GREATEST NORTH,2005-07-06,2005-07-10,166,378
7251,1-378-GREATEST NORTH,2005-07-27,2005-08-01,360,378
14050,1-378-GREATEST NORTH,2005-08-20,2005-08-26,596,378
4993,2-378-GREATEST NORTH,2005-07-09,2005-07-11,517,378
9743,2-378-GREATEST NORTH,2005-07-31,2005-08-06,476,378
13754,2-378-GREATEST NORTH,2005-08-20,2005-08-22,108,378
6034,1-378-GREATEST NORTH,2005-07-11,2005-07-16,324,378
8024,1-378-GREATEST NORTH,2005-07-28,2005-08-02,90,378
15876,1-378-GREATEST NORTH,2005-08-23,2005-08-24,87,378
722,2-991-WORST BANGER,2005-05-29,2005-06-06,259,991
1346,2-991-WORST BANGER,2005-06-15,2005-06-24,585,991
4882,2-991-WORST BANGER,2005-07-08,2005-07-16,184,991
8991,2-991-WORST BANGER,2005-07-30,2005-08-01,474,991
14212,2-991-WORST BANGER,2005-08-21,2005-08-24,354,991
2961,1-991-WORST BANGER,2005-06-20,2005-06-24,399,991
6437,1-991-WORST BANGER,2005-07-12,2005-07-12,355,991
7302,1-991-WORST BANGER,2005-07-27,2005-07-29,477,991
15457,1-991-WORST BANGER,2005-08-23,2005-08-26,306,991
3530,2-991-WORST BANGER,2005-07-06,2005-07-10,168,991
10290,2-991-WORST BANGER,2005-08-01,2005-08-08,364,991
15461,2-991-WORST BANGER,2005-08-23,2005-08-30,103,991
9118,1-991-WORST BANGER,2005-07-30,2005-08-02,172,991
11680,1-991-WORST BANGER,2005-08-17,2005-08-23,221,991
10079,2-991-WORST BANGER,2005-07-31,2005-08-04,486,991
13346,2-991-WORST BANGER,2005-08-19,2005-08-28,131,991
723,1-747-ROXANNE REBEL,2005-05-29,2005-05-30,309,747
2900,1-747-ROXANNE REBEL,2005-06-20,2005-06-27,294,747
4196,1-747-ROXANNE REBEL,2005-07-07,2005-07-14,564,747
9088,1-747-ROXANNE REBEL,2005-07-30,2005-08-01,245,747
13514,1-747-ROXANNE REBEL,2005-08-20,2005-08-25,96,747
1377,2-747-ROXANNE REBEL,2005-06-15,2005-06-22,245,747
6530,2-747-ROXANNE REBEL,2005-07-12,2005-07-15,75,747
7250,2-747-ROXANNE REBEL,2005-07-27,2005-07-28,589,747
14591,2-747-ROXANNE REBEL,2005-08-21,2005-08-24,538,747
1914,1-747-ROXANNE REBEL,2005-06-17,2005-06-24,450,747
5952,1-747-ROXANNE REBEL,2005-07-10,2005-07-16,595,747
10954,1-747-ROXANNE REBEL,2005-08-02,2005-08-08,20,747
15666,1-747-ROXANNE REBEL,2005-08-23,2005-08-31,586,747
3098,2-747-ROXANNE REBEL,2005-06-20,2005-06-22,498,747
4795,2-747-ROXANNE REBEL,2005-07-08,2005-07-09,497,747
8661,2-747-ROXANNE REBEL,2005-07-29,2005-08-05,341,747
13426,2-747-ROXANNE REBEL,2005-08-19,2005-08-21,213,747
10367,2-747-ROXANNE REBEL,2005-08-01,2005-08-04,242,747
15133,2-747-ROXANNE REBEL,2005-08-22,2005-08-26,137,747
724,1-825-SPEAKEASY DATE,2005-05-29,2005-06-05,416,825
2277,1-825-SPEAKEASY DATE,2005-06-18,2005-06-19,224,825
5314,1-825-SPEAKEASY DATE,2005-07-09,2005-07-10,372,825
7782,1-825-SPEAKEASY DATE,2005-07-28,2005-08-05,199,825
13098,1-825-SPEAKEASY DATE,2005-08-19,2005-08-24,51,825
1736,1-825-SPEAKEASY DATE,2005-06-16,2005-06-21,139,825
4167,1-825-SPEAKEASY DATE,2005-07-07,2005-07-16,175,825
9474,1-825-SPEAKEASY DATE,2005-07-30,2005-08-05,206,825
14602,1-825-SPEAKEASY DATE,2005-08-21,2005-08-28,370,825
5515,1-825-SPEAKEASY DATE,2005-07-10,2005-07-13,39,825
9326,1-825-SPEAKEASY DATE,2005-07-30,2005-08-01,588,825
14102,1-825-SPEAKEASY DATE,2005-08-21,2005-08-30,584,825
727,1-356-GIANT TROOPERS,2005-05-29,2005-05-30,484,356
2112,1-356-GIANT TROOPERS,2005-06-17,2005-06-25,18,356
5946,1-356-GIANT TROOPERS,2005-07-10,2005-07-12,308,356
10187,1-356-GIANT TROOPERS,2005-08-01,2005-08-05,400,356
13717,1-356-GIANT TROOPERS,2005-08-20,2005-08-28,300,356
1150,2-356-GIANT TROOPERS,2005-05-31,2005-06-03,136,356
1158,2-356-GIANT TROOPERS,2005-06-14,2005-06-18,416,356
5849,2-356-GIANT TROOPERS,2005-07-10,2005-07-19,44,356
10192,2-356-GIANT TROOPERS,2005-08-01,2005-08-05,569,356
13494,2-356-GIANT TROOPERS,2005-08-20,2005-08-21,414,356
1512,1-356-GIANT TROOPERS,2005-06-15,2005-06-23,452,356
5329,1-356-GIANT TROOPERS,2005-07-09,2005-07-16,402,356
8589,1-356-GIANT TROOPERS,2005-07-29,2005-08-05,293,356
12198,1-356-GIANT TROOPERS,2005-08-18,2005-08-21,86,356
3393,2-356-GIANT TROOPERS,2005-06-21,2005-06-25,362,356
5796,2-356-GIANT TROOPERS,2005-07-10,2005-07-17,286,356
8531,2-356-GIANT TROOPERS,2005-07-29,2005-08-06,427,356
13291,2-356-GIANT TROOPERS,2005-08-19,2005-08-20,243,356
4301,1-356-GIANT TROOPERS,2005-07-07,2005-07-11,440,356
6995,1-356-GIANT TROOPERS,2005-07-27,2005-07-29,66,356
13445,1-356-GIANT TROOPERS,2005-08-20,2005-08-21,495,356
5838,1-356-GIANT TROOPERS,2005-07-10,2005-07-11,202,356
6945,1-356-GIANT TROOPERS,2005-07-26,2005-07-28,560,356
13482,1-356-GIANT TROOPERS,2005-08-20,2005-08-24,183,356
9952,2-356-GIANT TROOPERS,2005-07-31,2005-08-06,128,356
11914,2-356-GIANT TROOPERS,2005-08-17,2005-08-22,230,356
10652,2-356-GIANT TROOPERS,2005-08-01,2005-08-03,241,356
15216,2-356-GIANT TROOPERS,2005-08-22,2005-08-24,166,356
728,1-55-BARBARELLA STREETCAR,2005-05-29,2005-06-03,551,55
1215,1-55-BARBARELLA STREETCAR,2005-06-15,2005-06-19,102,55
5102,1-55-BARBARELLA STREETCAR,2005-07-09,2005-07-16,316,55
11351,1-55-BARBARELLA STREETCAR,2005-08-02,2005-08-09,198,55
12471,1-55-BARBARELLA STREETCAR,2005-08-18,2005-08-26,101,55
773,1-55-BARBARELLA STREETCAR,2005-05-29,2005-06-07,563,55
3221,1-55-BARBARELLA STREETCAR,2005-06-21,2005-06-25,454,55
5301,1-55-BARBARELLA STREETCAR,2005-07-09,2005-07-16,459,55
9806,1-55-BARBARELLA STREETCAR,2005-07-31,2005-08-04,46,55
16001,1-55-BARBARELLA STREETCAR,2005-08-23,2005-08-27,108,55
928,2-55-BARBARELLA STREETCAR,2005-05-30,2005-06-05,79,55
1188,2-55-BARBARELLA STREETCAR,2005-06-15,2005-06-19,173,55
5248,2-55-BARBARELLA STREETCAR,2005-07-09,2005-07-12,279,55
11467,2-55-BARBARELLA STREETCAR,2005-08-02,2005-08-09,117,55
1494,1-55-BARBARELLA STREETCAR,2005-06-15,2005-06-19,575,55
5627,1-55-BARBARELLA STREETCAR,2005-07-10,2005-07-17,136,55
10683,1-55-BARBARELLA STREETCAR,2005-08-01,2005-08-04,246,55
13460,1-55-BARBARELLA STREETCAR,2005-08-20,2005-08-28,410,55
2158,1-55-BARBARELLA STREETCAR,2005-06-17,2005-06-19,530,55
6498,1-55-BARBARELLA STREETCAR,2005-07-12,2005-07-19,48,55
7428,1-55-BARBARELLA STREETCAR,2005-07-27,2005-08-05,90,55
15920,1-55-BARBARELLA STREETCAR,2005-08-23,2005-08-26,212,55
6116,2-55-BARBARELLA STREETCAR,2005-07-11,2005-07-14,381,55
11296,2-55-BARBARELLA STREETCAR,2005-08-02,2005-08-11,154,55
12023,2-55-BARBARELLA STREETCAR,2005-08-17,2005-08-26,22,55
730,2-761-SANTA PARIS,2005-05-29,2005-06-06,197,761
3181,2-761-SANTA PARIS,2005-06-20,2005-06-27,238,761
6678,2-761-SANTA PARIS,2005-07-12,2005-07-15,330,761
8757,2-761-SANTA PARIS,2005-07-29,2005-08-02,462,761
14436,2-761-SANTA PARIS,2005-08-21,2005-08-25,560,761
3139,2-761-SANTA PARIS,2005-06-20,2005-06-23,354,761
6035,2-761-SANTA PARIS,2005-07-11,2005-07-14,176,761
10111,2-761-SANTA PARIS,2005-07-31,2005-08-06,38,761
15132,2-761-SANTA PARIS,2005-08-22,2005-08-27,393,761
11128,2-761-SANTA PARIS,2005-08-02,2005-08-09,386,761
15986,2-761-SANTA PARIS,2005-08-23,2005-08-29,226,761
731,2-896-TOOTSIE PILOT,2005-05-29,2005-05-30,5,896
2602,2-896-TOOTSIE PILOT,2005-06-19,2005-06-24,173,896
4731,2-896-TOOTSIE PILOT,2005-07-08,2005-07-09,241,896
7834,2-896-TOOTSIE PILOT,2005-07-28,2005-07-31,278,896
15236,2-896-TOOTSIE PILOT,2005-08-22,2005-08-24,557,896
1852,1-896-TOOTSIE PILOT,2005-06-17,2005-06-22,271,896
5559,1-896-TOOTSIE PILOT,2005-07-10,2005-07-18,496,896
10441,1-896-TOOTSIE PILOT,2005-08-01,2005-08-03,176,896
13049,1-896-TOOTSIE PILOT,2005-08-19,2005-08-27,53,896
2493,1-896-TOOTSIE PILOT,2005-06-18,2005-06-27,269,896
4460,1-896-TOOTSIE PILOT,2005-07-07,2005-07-09,592,896
10540,1-896-TOOTSIE PILOT,2005-08-01,2005-08-03,84,896
12158,1-896-TOOTSIE PILOT,2005-08-18,2005-08-22,289,896
9771,2-896-TOOTSIE PILOT,2005-07-31,2005-08-04,398,896
15270,2-896-TOOTSIE PILOT,2005-08-22,2005-08-28,262,896
732,2-555-MALLRATS UNITED,2005-05-29,2005-05-30,447,555
3120,2-555-MALLRATS UNITED,2005-06-20,2005-06-23,107,555
5447,2-555-MALLRATS UNITED,2005-07-09,2005-07-18,473,555
11376,2-555-MALLRATS UNITED,2005-08-02,2005-08-11,177,555
12711,2-555-MALLRATS UNITED,2005-08-18,2005-08-26,122,555
743,2-555-MALLRATS UNITED,2005-05-29,2005-06-06,548,555
3357,2-555-MALLRATS UNITED,2005-06-21,2005-06-22,57,555
3478,2-555-MALLRATS UNITED,2005-07-05,2005-07-07,322,555
7964,2-555-MALLRATS UNITED,2005-07-28,2005-08-03,574,555
15855,2-555-MALLRATS UNITED,2005-08-23,2005-08-29,192,555
855,1-555-MALLRATS UNITED,2005-05-30,2005-06-03,406,555
2580,1-555-MALLRATS UNITED,2005-06-19,2005-06-23,219,555
5520,1-555-MALLRATS UNITED,2005-07-10,2005-07-15,501,555
10173,1-555-MALLRATS UNITED,2005-07-31,2005-08-08,326,555
16032,1-555-MALLRATS UNITED,2005-08-23,2005-08-31,447,555
3371,1-555-MALLRATS UNITED,2005-06-21,2005-06-29,595,555
6231,1-555-MALLRATS UNITED,2005-07-11,2005-07-13,122,555
10723,1-555-MALLRATS UNITED,2005-08-01,2005-08-08,580,555
13610,1-555-MALLRATS UNITED,2005-08-20,2005-08-26,3,555
8707,1-555-MALLRATS UNITED,2005-07-29,2005-08-02,157,555
14803,1-555-MALLRATS UNITED,2005-08-22,2005-08-22,278,555
10893,2-555-MALLRATS UNITED,2005-08-02,2005-08-11,306,555
11691,2-555-MALLRATS UNITED,2005-08-17,2005-08-24,515,555
11297,2-555-MALLRATS UNITED,2005-08-02,2005-08-11,62,555
13272,2-555-MALLRATS UNITED,2005-08-19,2005-08-23,145,555
733,2-647-OUTFIELD MASSACRE,2005-05-29,2005-06-05,363,647
1727,2-647-OUTFIELD MASSACRE,2005-06-16,2005-06-17,457,647
5443,2-647-OUTFIELD MASSACRE,2005-07-09,2005-07-16,137,647
8356,2-647-OUTFIELD MASSACRE,2005-07-29,2005-08-06,483,647
12941,2-647-OUTFIELD MASSACRE,2005-08-19,2005-08-22,195,647
1853,2-647-OUTFIELD MASSACRE,2005-06-17,2005-06-19,301,647
4429,2-647-OUTFIELD MASSACRE,2005-07-07,2005-07-15,187,647
8574,2-647-OUTFIELD MASSACRE,2005-07-29,2005-08-03,71,647
14730,2-647-OUTFIELD MASSACRE,2005-08-21,2005-08-30,439,647
2178,2-647-OUTFIELD MASSACRE,2005-06-18,2005-06-21,260,647
4897,2-647-OUTFIELD MASSACRE,2005-07-08,2005-07-09,258,647
9759,2-647-OUTFIELD MASSACRE,2005-07-31,2005-08-07,574,647
14952,2-647-OUTFIELD MASSACRE,2005-08-22,2005-08-28,575,647
4744,1-647-OUTFIELD MASSACRE,2005-07-08,2005-07-12,507,647
9251,1-647-OUTFIELD MASSACRE,2005-07-30,2005-08-08,390,647
15185,1-647-OUTFIELD MASSACRE,2005-08-22,2005-08-31,472,647
7873,1-647-OUTFIELD MASSACRE,2005-07-28,2005-07-31,82,647
15616,1-647-OUTFIELD MASSACRE,2005-08-23,2005-08-30,70,647
10305,1-647-OUTFIELD MASSACRE,2005-08-01,2005-08-07,160,647
15454,1-647-OUTFIELD MASSACRE,2006-02-14,,142,647
734,1-678-PICKUP DRIVING,2005-05-29,2005-06-03,538,678
2104,1-678-PICKUP DRIVING,2005-06-17,2005-06-19,136,678
4292,1-678-PICKUP DRIVING,2005-07-07,2005-07-15,401,678
9465,1-678-PICKUP DRIVING,2005-07-30,2005-08-06,2,678
13249,1-678-PICKUP DRIVING,2005-08-19,2005-08-20,377,678
2359,1-678-PICKUP DRIVING,2005-06-18,2005-06-25,201,678
5494,1-678-PICKUP DRIVING,2005-07-10,2005-07-17,139,678
9141,1-678-PICKUP DRIVING,2005-07-30,2005-08-05,484,678
13784,1-678-PICKUP DRIVING,2005-08-20,2005-08-25,431,678
2916,1-678-PICKUP DRIVING,2005-06-20,2005-06-27,590,678
5038,1-678-PICKUP DRIVING,2005-07-09,2005-07-17,10,678
9281,1-678-PICKUP DRIVING,2005-07-30,2005-08-05,398,678
13224,1-678-PICKUP DRIVING,2005-08-19,2005-08-28,526,678
4397,1-678-PICKUP DRIVING,2005-07-07,2005-07-13,494,678
8411,1-678-PICKUP DRIVING,2005-07-29,2005-08-07,412,678
12167,1-678-PICKUP DRIVING,2005-08-18,2005-08-21,338,678
736,1-807-SLEUTH ORIENT,2005-05-29,2005-06-05,276,807
1428,1-807-SLEUTH ORIENT,2005-06-15,2005-06-22,583,807
5517,1-807-SLEUTH ORIENT,2005-07-10,2005-07-19,42,807
11338,1-807-SLEUTH ORIENT,2005-08-02,2005-08-03,26,807
13808,1-807-SLEUTH ORIENT,2005-08-20,2005-08-29,262,807
853,2-807-SLEUTH ORIENT,2005-05-30,2005-06-01,122,807
1655,2-807-SLEUTH ORIENT,2005-06-16,2005-06-23,488,807
4278,2-807-SLEUTH ORIENT,2005-07-07,2005-07-13,6,807
7875,2-807-SLEUTH ORIENT,2005-07-28,2005-08-02,504,807
13743,2-807-SLEUTH ORIENT,2005-08-20,2005-08-24,57,807
1164,1-807-SLEUTH ORIENT,2005-06-14,2005-06-16,49,807
4618,1-807-SLEUTH ORIENT,2005-07-08,2005-07-14,179,807
11409,1-807-SLEUTH ORIENT,2005-08-02,2005-08-07,418,807
13212,1-807-SLEUTH ORIENT,2005-08-19,2005-08-24,158,807
1498,1-807-SLEUTH ORIENT,2005-06-15,2005-06-17,352,807
6903,1-807-SLEUTH ORIENT,2005-07-12,2005-07-14,517,807
9070,1-807-SLEUTH ORIENT,2005-07-30,2005-08-01,276,807
12484,1-807-SLEUTH ORIENT,2005-08-18,2005-08-24,300,807
5464,2-807-SLEUTH ORIENT,2005-07-09,2005-07-15,434,807
10271,2-807-SLEUTH ORIENT,2005-08-01,2005-08-07,6,807
15007,2-807-SLEUTH ORIENT,2005-08-22,2005-08-27,165,807
738,1-494-KARATE MOON,2005-05-29,2005-06-06,256,494
2645,1-494-KARATE MOON,2005-06-19,2005-06-28,181,494
5117,1-494-KARATE MOON,2005-07-09,2005-07-15,208,494
11024,1-494-KARATE MOON,2005-08-02,2005-08-11,427,494
11800,1-494-KARATE MOON,2005-08-17,2005-08-21,350,494
1097,2-494-KARATE MOON,2005-05-31,2005-06-01,491,494
1357,2-494-KARATE MOON,2005-06-15,2005-06-23,205,494
6659,2-494-KARATE MOON,2005-07-12,2005-07-16,134,494
7786,2-494-KARATE MOON,2005-07-28,2005-07-29,222,494
14716,2-494-KARATE MOON,2005-08-21,2005-08-23,78,494
1740,1-494-KARATE MOON,2005-06-16,2005-06-20,324,494
6656,1-494-KARATE MOON,2005-07-12,2005-07-14,330,494
10785,1-494-KARATE MOON,2005-08-01,2005-08-06,397,494
11839,1-494-KARATE MOON,2005-08-17,2005-08-18,80,494
6081,2-494-KARATE MOON,2005-07-11,2005-07-13,72,494
7950,2-494-KARATE MOON,2005-07-28,2005-08-05,122,494
15851,2-494-KARATE MOON,2005-08-23,2005-08-29,469,494
6228,1-494-KARATE MOON,2005-07-11,2005-07-17,367,494
10040,1-494-KARATE MOON,2005-07-31,2005-08-05,268,494
12169,1-494-KARATE MOON,2005-08-18,2005-08-24,323,494
6718,1-494-KARATE MOON,2005-07-12,2005-07-18,541,494
10896,1-494-KARATE MOON,2005-08-02,2005-08-08,505,494
13959,1-494-KARATE MOON,2005-08-20,2005-08-22,142,494
739,2-263-DURHAM PANKY,2005-05-29,2005-06-06,84,263
3126,2-263-DURHAM PANKY,2005-06-20,2005-06-26,5,263
6404,2-263-DURHAM PANKY,2005-07-11,2005-07-14,526,263
10706,2-263-DURHAM PANKY,2005-08-01,2005-08-10,147,263
14815,2-263-DURHAM PANKY,2005-08-22,2005-08-24,314,263
1659,1-263-DURHAM PANKY,2005-06-16,2005-06-20,296,263
4281,1-263-DURHAM PANKY,2005-07-07,2005-07-08,321,263
8086,1-263-DURHAM PANKY,2005-07-28,2005-07-30,3,263
12878,1-263-DURHAM PANKY,2005-08-19,2005-08-23,596,263
2350,1-263-DURHAM PANKY,2005-06-18,2005-06-23,471,263
4234,1-263-DURHAM PANKY,2005-07-07,2005-07-15,195,263
7688,1-263-DURHAM PANKY,2005-07-28,2005-08-06,491,263
12772,1-263-DURHAM PANKY,2005-08-18,2005-08-23,397,263
2501,2-263-DURHAM PANKY,2005-06-18,2005-06-24,450,263
4344,2-263-DURHAM PANKY,2005-07-07,2005-07-12,99,263
11448,2-263-DURHAM PANKY,2005-08-02,2005-08-05,496,263
14289,2-263-DURHAM PANKY,2005-08-21,2005-08-25,103,263
3031,2-263-DURHAM PANKY,2005-06-20,2005-06-22,491,263
4949,2-263-DURHAM PANKY,2005-07-08,2005-07-11,567,263
7821,2-263-DURHAM PANKY,2005-07-28,2005-08-03,433,263
14088,2-263-DURHAM PANKY,2005-08-20,2005-08-28,518,263
4412,1-263-DURHAM PANKY,2005-07-07,2005-07-11,282,263
10176,1-263-DURHAM PANKY,2005-07-31,2005-08-09,19,263
13973,1-263-DURHAM PANKY,2005-08-20,2005-08-21,58,263
8154,1-263-DURHAM PANKY,2005-07-28,2005-08-01,285,263
13915,1-263-DURHAM PANKY,2005-08-20,2005-08-23,129,263
741,2-700-PRIX UNDEFEATED,2005-05-29,2005-06-04,495,700
1445,2-700-PRIX UNDEFEATED,2005-06-15,2005-06-19,537,700
6891,2-700-PRIX UNDEFEATED,2005-07-12,2005-07-14,507,700
7570,2-700-PRIX UNDEFEATED,2005-07-27,2005-07-28,110,700
13308,2-700-PRIX UNDEFEATED,2005-08-19,2005-08-28,414,700
1213,2-700-PRIX UNDEFEATED,2005-06-15,2005-06-15,94,700
5781,2-700-PRIX UNDEFEATED,2005-07-10,2005-07-11,167,700
10687,2-700-PRIX UNDEFEATED,2005-08-01,2005-08-05,16,700
13820,2-700-PRIX UNDEFEATED,2005-08-20,2005-08-27,81,700
11363,2-700-PRIX UNDEFEATED,2005-08-02,2005-08-05,274,700
13197,2-700-PRIX UNDEFEATED,2005-08-19,2005-08-22,358,700
742,1-61-BEAUTY GREASE,2005-05-29,2005-06-05,483,61
1711,1-61-BEAUTY GREASE,2005-06-16,2005-06-25,347,61
4122,1-61-BEAUTY GREASE,2005-07-07,2005-07-14,31,61
7127,1-61-BEAUTY GREASE,2005-07-27,2005-08-01,486,61
13816,1-61-BEAUTY GREASE,2005-08-20,2005-08-25,27,61
1658,1-61-BEAUTY GREASE,2005-06-16,2005-06-21,568,61
4946,1-61-BEAUTY GREASE,2005-07-08,2005-07-16,440,61
8927,1-61-BEAUTY GREASE,2005-07-30,2005-08-01,15,61
11815,1-61-BEAUTY GREASE,2005-08-17,2005-08-22,192,61
3116,2-61-BEAUTY GREASE,2005-06-20,2005-06-21,108,61
6735,2-61-BEAUTY GREASE,2005-07-12,2005-07-18,428,61
8569,2-61-BEAUTY GREASE,2005-07-29,2005-07-31,348,61
15687,2-61-BEAUTY GREASE,2005-08-23,2005-09-01,112,61
4023,1-61-BEAUTY GREASE,2005-07-07,2005-07-08,573,61
10402,1-61-BEAUTY GREASE,2005-08-01,2005-08-04,410,61
12338,1-61-BEAUTY GREASE,2005-08-18,2005-08-19,408,61
5290,2-61-BEAUTY GREASE,2005-07-09,2005-07-11,50,61
10859,2-61-BEAUTY GREASE,2005-08-02,2005-08-08,375,61
16020,2-61-BEAUTY GREASE,2005-08-23,2005-09-01,311,61
6798,1-61-BEAUTY GREASE,2005-07-12,2005-07-19,115,61
9119,1-61-BEAUTY GREASE,2005-07-30,2005-08-03,305,61
13348,1-61-BEAUTY GREASE,2005-08-19,2005-08-21,456,61
745,1-127-CAT CONEHEADS,2005-05-29,2005-06-01,152,127
2616,1-127-CAT CONEHEADS,2005-06-19,2005-06-28,478,127
4279,1-127-CAT CONEHEADS,2005-07-07,2005-07-08,335,127
8390,1-127-CAT CONEHEADS,2005-07-29,2005-08-04,32,127
13538,1-127-CAT CONEHEADS,2006-02-14,,279,127
948,2-127-CAT CONEHEADS,2005-05-30,2005-06-08,245,127
2883,2-127-CAT CONEHEADS,2005-06-20,2005-06-28,320,127
5315,2-127-CAT CONEHEADS,2005-07-09,2005-07-14,134,127
10914,2-127-CAT CONEHEADS,2005-08-02,2005-08-06,584,127
13355,2-127-CAT CONEHEADS,2005-08-19,2005-08-23,396,127
2603,2-127-CAT CONEHEADS,2005-06-19,2005-06-26,222,127
3991,2-127-CAT CONEHEADS,2005-07-06,2005-07-16,583,127
9240,2-127-CAT CONEHEADS,2005-07-30,2005-08-03,92,127
14288,2-127-CAT CONEHEADS,2005-08-21,2005-08-26,512,127
2924,1-127-CAT CONEHEADS,2005-06-20,2005-06-21,132,127
6091,1-127-CAT CONEHEADS,2005-07-11,2005-07-15,383,127
10200,1-127-CAT CONEHEADS,2005-08-01,2005-08-05,421,127
13111,1-127-CAT CONEHEADS,2005-08-19,2005-08-21,26,127
3794,2-127-CAT CONEHEADS,2005-07-06,2005-07-11,499,127
11346,2-127-CAT CONEHEADS,2005-08-02,2005-08-04,100,127
13883,2-127-CAT CONEHEADS,2005-08-20,2005-08-21,568,127
4014,1-127-CAT CONEHEADS,2005-07-07,2005-07-12,510,127
10840,1-127-CAT CONEHEADS,2005-08-01,2005-08-07,593,127
13188,1-127-CAT CONEHEADS,2005-08-19,2005-08-28,472,127
6445,1-127-CAT CONEHEADS,2005-07-12,2005-07-17,385,127
7118,1-127-CAT CONEHEADS,2005-07-27,2005-08-05,591,127
11674,1-127-CAT CONEHEADS,2005-08-17,2005-08-24,306,127
6694,2-127-CAT CONEHEADS,2005-07-12,2005-07-19,204,127
10232,2-127-CAT CONEHEADS,2005-08-01,2005-08-03,512,127
15850,2-127-CAT CONEHEADS,2005-08-23,2005-08-27,563,127
747,1-434-HORROR REIGN,2005-05-29,2005-06-05,291,434
2469,1-434-HORROR REIGN,2005-06-18,2005-06-27,137,434
5439,1-434-HORROR REIGN,2005-07-09,2005-07-13,58,434
10476,1-434-HORROR REIGN,2005-08-01,2005-08-10,263,434
12768,1-434-HORROR REIGN,2005-08-18,2005-08-19,458,434
794,2-434-HORROR REIGN,2005-05-29,2005-06-05,50,434
2242,2-434-HORROR REIGN,2005-06-18,2005-06-24,146,434
4497,2-434-HORROR REIGN,2005-07-08,2005-07-15,142,434
8224,2-434-HORROR REIGN,2005-07-28,2005-08-02,467,434
14202,2-434-HORROR REIGN,2005-08-21,2005-08-22,473,434
2679,2-434-HORROR REIGN,2005-06-19,2005-06-27,109,434
5078,2-434-HORROR REIGN,2005-07-09,2005-07-13,78,434
11223,2-434-HORROR REIGN,2005-08-02,2005-08-07,597,434
15251,2-434-HORROR REIGN,2005-08-22,2005-08-23,285,434
3938,1-434-HORROR REIGN,2005-07-06,2005-07-13,341,434
9232,1-434-HORROR REIGN,2005-07-30,2005-08-02,502,434
14552,1-434-HORROR REIGN,2005-08-21,2005-08-27,477,434
6133,1-434-HORROR REIGN,2005-07-11,2005-07-13,107,434
9225,1-434-HORROR REIGN,2005-07-30,2005-08-02,391,434
14362,1-434-HORROR REIGN,2005-08-21,2005-08-26,312,434
6673,2-434-HORROR REIGN,2005-07-12,2005-07-13,322,434
8034,2-434-HORROR REIGN,2005-07-28,2005-08-04,502,434
14909,2-434-HORROR REIGN,2005-08-22,2005-08-25,155,434
8039,2-434-HORROR REIGN,2005-07-28,2005-07-30,203,434
15766,2-434-HORROR REIGN,2005-08-23,2005-08-30,436,434
8479,1-434-HORROR REIGN,2005-07-29,2005-08-01,195,434
13869,1-434-HORROR REIGN,2005-08-20,2005-08-29,386,434
748,2-615-NASH CHOCOLAT,2005-05-29,2005-06-03,7,615
2057,2-615-NASH CHOCOLAT,2005-06-17,2005-06-25,190,615
6491,2-615-NASH CHOCOLAT,2005-07-12,2005-07-21,415,615
7033,2-615-NASH CHOCOLAT,2005-07-27,2005-07-28,352,615
13598,2-615-NASH CHOCOLAT,2005-08-20,2005-08-29,259,615
1394,2-615-NASH CHOCOLAT,2005-06-15,2005-06-21,268,615
6810,2-615-NASH CHOCOLAT,2005-07-12,2005-07-20,485,615
10702,2-615-NASH CHOCOLAT,2005-08-01,2005-08-09,560,615
13186,2-615-NASH CHOCOLAT,2005-08-19,2005-08-28,176,615
4219,2-615-NASH CHOCOLAT,2005-07-07,2005-07-11,16,615
8712,2-615-NASH CHOCOLAT,2005-07-29,2005-08-03,41,615
14951,2-615-NASH CHOCOLAT,2005-08-22,2005-08-30,197,615
5984,2-615-NASH CHOCOLAT,2005-07-11,2005-07-15,178,615
10581,2-615-NASH CHOCOLAT,2005-08-01,2005-08-10,217,615
11820,2-615-NASH CHOCOLAT,2005-08-17,2005-08-19,401,615
754,2-160-CLUB GRAFFITI,2005-05-29,2005-06-04,281,160
2011,2-160-CLUB GRAFFITI,2005-06-17,2005-06-24,350,160
4929,2-160-CLUB GRAFFITI,2005-07-08,2005-07-17,297,160
11487,2-160-CLUB GRAFFITI,2005-08-02,2005-08-08,239,160
14112,2-160-CLUB GRAFFITI,2005-08-21,2005-08-27,141,160
2389,1-160-CLUB GRAFFITI,2005-06-18,2005-06-21,382,160
5896,1-160-CLUB GRAFFITI,2005-07-10,2005-07-12,357,160
8101,1-160-CLUB GRAFFITI,2005-07-28,2005-07-31,6,160
12141,1-160-CLUB GRAFFITI,2006-02-14,,101,160
2793,1-160-CLUB GRAFFITI,2005-06-19,2005-06-25,419,160
5709,1-160-CLUB GRAFFITI,2005-07-10,2005-07-12,302,160
10912,1-160-CLUB GRAFFITI,2005-08-02,2005-08-06,477,160
14433,1-160-CLUB GRAFFITI,2005-08-21,2005-08-26,401,160
2999,2-160-CLUB GRAFFITI,2005-06-20,2005-06-26,295,160
6625,2-160-CLUB GRAFFITI,2005-07-12,2005-07-21,443,160
7169,2-160-CLUB GRAFFITI,2005-07-27,2005-08-01,559,160
13774,2-160-CLUB GRAFFITI,2005-08-20,2005-08-22,244,160
11186,2-160-CLUB GRAFFITI,2005-08-02,2005-08-03,353,160
13079,2-160-CLUB GRAFFITI,2006-02-14,,107,160
755,2-679-PILOT HOOSIERS,2005-05-29,2005-06-01,576,679
1291,2-679-PILOT HOOSIERS,2005-06-15,2005-06-24,176,679
4793,2-679-PILOT HOOSIERS,2005-07-08,2005-07-15,427,679
8818,2-679-PILOT HOOSIERS,2005-07-29,2005-08-07,98,679
12583,2-679-PILOT HOOSIERS,2005-08-18,2005-08-20,108,679
1331,1-679-PILOT HOOSIERS,2005-06-15,2005-06-21,277,679
4870,1-679-PILOT HOOSIERS,2005-07-08,2005-07-12,260,679
8082,1-679-PILOT HOOSIERS,2005-07-28,2005-08-04,423,679
13591,1-679-PILOT HOOSIERS,2005-08-20,2005-08-27,390,679
2269,1-679-PILOT HOOSIERS,2005-06-18,2005-06-25,431,679
6695,1-679-PILOT HOOSIERS,2005-07-12,2005-07-17,550,679
6948,1-679-PILOT HOOSIERS,2005-07-26,2005-07-27,228,679
13466,1-679-PILOT HOOSIERS,2005-08-20,2005-08-22,262,679
6209,2-679-PILOT HOOSIERS,2005-07-11,2005-07-17,219,679
10491,2-679-PILOT HOOSIERS,2005-08-01,2005-08-04,24,679
11843,2-679-PILOT HOOSIERS,2005-08-17,2005-08-22,187,679
756,2-692-POTLUCK MIXED,2005-05-29,2005-06-04,201,692
2687,2-692-POTLUCK MIXED,2005-06-19,2005-06-23,254,692
4338,2-692-POTLUCK MIXED,2005-07-07,2005-07-12,581,692
7557,2-692-POTLUCK MIXED,2005-07-27,2005-07-29,131,692
15605,2-692-POTLUCK MIXED,2005-08-23,2005-08-28,544,692
4409,2-692-POTLUCK MIXED,2005-07-07,2005-07-11,8,692
10289,2-692-POTLUCK MIXED,2005-08-01,2005-08-08,566,692
12183,2-692-POTLUCK MIXED,2005-08-18,2005-08-24,344,692
5873,2-692-POTLUCK MIXED,2005-07-10,2005-07-14,354,692
9071,2-692-POTLUCK MIXED,2005-07-30,2005-08-01,523,692
13315,2-692-POTLUCK MIXED,2005-08-19,2005-08-21,54,692
757,1-238-DOCTOR GRAIL,2005-05-29,2005-06-07,435,238
3374,1-238-DOCTOR GRAIL,2005-06-21,2005-06-23,279,238
6590,1-238-DOCTOR GRAIL,2005-07-12,2005-07-18,442,238
9640,1-238-DOCTOR GRAIL,2005-07-31,2005-08-09,67,238
13980,1-238-DOCTOR GRAIL,2005-08-20,2005-08-21,391,238
9107,1-238-DOCTOR GRAIL,2005-07-30,2005-08-05,531,238
13619,1-238-DOCTOR GRAIL,2005-08-20,2005-08-23,365,238
758,1-265-DYING MAKER,2005-05-29,2005-06-01,563,265
2705,1-265-DYING MAKER,2005-06-19,2005-06-20,562,265
4557,1-265-DYING MAKER,2005-07-08,2005-07-14,132,265
10328,1-265-DYING MAKER,2005-08-01,2005-08-01,85,265
11849,1-265-DYING MAKER,2005-08-17,2005-08-22,92,265
774,1-265-DYING MAKER,2005-05-29,2005-06-01,575,265
1543,1-265-DYING MAKER,2005-06-16,2005-06-18,28,265
4764,1-265-DYING MAKER,2005-07-08,2005-07-17,89,265
10712,1-265-DYING MAKER,2005-08-01,2005-08-07,532,265
11940,1-265-DYING MAKER,2005-08-17,2005-08-18,163,265
1847,1-265-DYING MAKER,2005-06-17,2005-06-20,363,265
4300,1-265-DYING MAKER,2005-07-07,2005-07-10,38,265
11263,1-265-DYING MAKER,2005-08-02,2005-08-07,421,265
14576,1-265-DYING MAKER,2005-08-21,2005-08-28,45,265
4749,1-265-DYING MAKER,2005-07-08,2005-07-10,236,265
10653,1-265-DYING MAKER,2005-08-01,2005-08-07,75,265
12236,1-265-DYING MAKER,2005-08-18,2005-08-23,474,265
759,2-515-LEGALLY SECRETARY,2005-05-29,2005-06-07,179,515
1886,2-515-LEGALLY SECRETARY,2005-06-17,2005-06-19,505,515
6661,2-515-LEGALLY SECRETARY,2005-07-12,2005-07-16,315,515
9013,2-515-LEGALLY SECRETARY,2005-07-30,2005-08-04,347,515
15172,2-515-LEGALLY SECRETARY,2005-08-22,2005-08-23,511,515
2051,2-515-LEGALLY SECRETARY,2005-06-17,2005-06-19,191,515
3989,2-515-LEGALLY SECRETARY,2005-07-06,2005-07-12,213,515
8787,2-515-LEGALLY SECRETARY,2005-07-29,2005-07-31,222,515
14144,2-515-LEGALLY SECRETARY,2005-08-21,2005-08-28,46,515
761,2-509-LANGUAGE COWBOY,2005-05-29,2005-06-03,58,509
2605,2-509-LANGUAGE COWBOY,2005-06-19,2005-06-25,38,509
6825,2-509-LANGUAGE COWBOY,2005-07-12,2005-07-15,281,509
7704,2-509-LANGUAGE COWBOY,2005-07-28,2005-08-04,265,509
12705,2-509-LANGUAGE COWBOY,2005-08-18,2005-08-23,517,509
5237,2-509-LANGUAGE COWBOY,2005-07-09,2005-07-11,84,509
10598,2-509-LANGUAGE COWBOY,2005-08-01,2005-08-10,397,509
13000,2-509-LANGUAGE COWBOY,2005-08-19,2005-08-22,141,509
6631,2-509-LANGUAGE COWBOY,2005-07-12,2005-07-15,204,509
7185,2-509-LANGUAGE COWBOY,2005-07-27,2005-07-30,121,509
12903,2-509-LANGUAGE COWBOY,2005-08-19,2005-08-26,302,509
762,2-805-SLEEPLESS MONSOON,2005-05-29,2005-06-06,146,805
2487,2-805-SLEEPLESS MONSOON,2005-06-18,2005-06-23,374,805
6419,2-805-SLEEPLESS MONSOON,2005-07-11,2005-07-13,311,805
7546,2-805-SLEEPLESS MONSOON,2005-07-27,2005-08-05,494,805
15556,2-805-SLEEPLESS MONSOON,2005-08-23,2005-09-01,108,805
1078,2-805-SLEEPLESS MONSOON,2005-05-31,2005-06-03,230,805
2611,2-805-SLEEPLESS MONSOON,2005-06-19,2005-06-21,301,805
4201,2-805-SLEEPLESS MONSOON,2005-07-07,2005-07-16,145,805
9001,2-805-SLEEPLESS MONSOON,2005-07-30,2005-07-31,440,805
13050,2-805-SLEEPLESS MONSOON,2005-08-19,2005-08-26,131,805
2026,2-805-SLEEPLESS MONSOON,2005-06-17,2005-06-21,491,805
6161,2-805-SLEEPLESS MONSOON,2005-07-11,2005-07-15,524,805
10904,2-805-SLEEPLESS MONSOON,2005-08-02,2005-08-04,593,805
11651,2-805-SLEEPLESS MONSOON,2005-08-17,2005-08-24,143,805
3701,1-805-SLEEPLESS MONSOON,2005-07-06,2005-07-09,31,805
8961,1-805-SLEEPLESS MONSOON,2005-07-30,2005-08-06,211,805
12735,1-805-SLEEPLESS MONSOON,2005-08-18,2005-08-23,383,805
4441,1-805-SLEEPLESS MONSOON,2005-07-07,2005-07-13,211,805
8400,1-805-SLEEPLESS MONSOON,2005-07-29,2005-07-31,573,805
11848,1-805-SLEEPLESS MONSOON,2006-02-14,,152,805
767,2-150-CIDER DESIRE,2005-05-29,2005-06-02,67,150
2759,2-150-CIDER DESIRE,2005-06-19,2005-06-24,351,150
4645,2-150-CIDER DESIRE,2005-07-08,2005-07-09,400,150
9797,2-150-CIDER DESIRE,2005-07-31,2005-08-09,52,150
14654,2-150-CIDER DESIRE,2005-08-21,2005-08-23,173,150
1012,2-150-CIDER DESIRE,2005-05-31,2005-06-03,291,150
1467,2-150-CIDER DESIRE,2005-06-15,2005-06-22,506,150
4582,2-150-CIDER DESIRE,2005-07-08,2005-07-14,274,150
7666,2-150-CIDER DESIRE,2005-07-28,2005-08-05,196,150
11630,2-150-CIDER DESIRE,2005-08-17,2005-08-19,72,150
5077,2-150-CIDER DESIRE,2005-07-09,2005-07-17,574,150
10538,2-150-CIDER DESIRE,2005-08-01,2005-08-02,37,150
15383,2-150-CIDER DESIRE,2005-08-22,2005-08-28,405,150
7687,2-150-CIDER DESIRE,2005-07-28,2005-08-02,325,150
15330,2-150-CIDER DESIRE,2005-08-22,2005-08-30,427,150
9451,1-150-CIDER DESIRE,2005-07-30,2005-08-07,584,150
15721,1-150-CIDER DESIRE,2005-08-23,2005-08-28,154,150
11130,1-150-CIDER DESIRE,2005-08-02,2005-08-09,329,150
12078,1-150-CIDER DESIRE,2005-08-17,2005-08-24,137,150
768,1-636-OLEANDER CLUE,2005-05-29,2005-06-07,566,636
2397,1-636-OLEANDER CLUE,2005-06-18,2005-06-24,76,636
6749,1-636-OLEANDER CLUE,2005-07-12,2005-07-21,334,636
15048,1-636-OLEANDER CLUE,2005-08-22,2005-08-26,27,636
1986,1-636-OLEANDER CLUE,2005-06-17,2005-06-24,541,636
6628,1-636-OLEANDER CLUE,2005-07-12,2005-07-21,211,636
8635,1-636-OLEANDER CLUE,2005-07-29,2005-08-01,383,636
14307,1-636-OLEANDER CLUE,2005-08-21,2005-08-29,328,636
7984,1-636-OLEANDER CLUE,2005-07-28,2005-08-04,208,636
12553,1-636-OLEANDER CLUE,2005-08-18,2005-08-22,454,636
770,2-546-MADRE GABLES,2005-05-29,2005-06-07,405,546
3334,2-546-MADRE GABLES,2005-06-21,2005-06-29,66,546
5116,2-546-MADRE GABLES,2005-07-09,2005-07-14,332,546
11387,2-546-MADRE GABLES,2005-08-02,2005-08-07,481,546
12154,2-546-MADRE GABLES,2005-08-18,2005-08-21,163,546
2399,2-546-MADRE GABLES,2005-06-18,2005-06-26,577,546
6232,2-546-MADRE GABLES,2005-07-11,2005-07-20,590,546
9934,2-546-MADRE GABLES,2005-07-31,2005-08-05,236,546
13546,2-546-MADRE GABLES,2005-08-20,2005-08-28,390,546
4295,2-546-MADRE GABLES,2005-07-07,2005-07-13,319,546
9804,2-546-MADRE GABLES,2005-07-31,2005-08-09,196,546
15720,2-546-MADRE GABLES,2005-08-23,2005-08-31,456,546
11097,2-546-MADRE GABLES,2005-08-02,2005-08-10,575,546
14705,2-546-MADRE GABLES,2005-08-21,2005-08-25,243,546
775,2-266-DYNAMITE TARZAN,2005-05-29,2005-05-30,124,266
3410,2-266-DYNAMITE TARZAN,2005-06-21,2005-06-24,321,266
6738,2-266-DYNAMITE TARZAN,2005-07-12,2005-07-21,366,266
7238,2-266-DYNAMITE TARZAN,2005-07-27,2005-07-29,116,266
12580,2-266-DYNAMITE TARZAN,2005-08-18,2005-08-24,53,266
3071,2-266-DYNAMITE TARZAN,2005-06-20,2005-06-24,582,266
4402,2-266-DYNAMITE TARZAN,2005-07-07,2005-07-08,26,266
10447,2-266-DYNAMITE TARZAN,2005-08-01,2005-08-08,241,266
14712,2-266-DYNAMITE TARZAN,2005-08-21,2005-08-25,226,266
4589,1-266-DYNAMITE TARZAN,2005-07-08,2005-07-09,99,266
10783,1-266-DYNAMITE TARZAN,2005-08-01,2005-08-09,495,266
13063,1-266-DYNAMITE TARZAN,2005-08-19,2005-08-24,5,266
4607,1-266-DYNAMITE TARZAN,2005-07-08,2005-07-11,281,266
10217,1-266-DYNAMITE TARZAN,2005-08-01,2005-08-09,389,266
15184,1-266-DYNAMITE TARZAN,2005-08-22,2005-08-24,471,266
5476,2-266-DYNAMITE TARZAN,2005-07-09,2005-07-15,427,266
9230,2-266-DYNAMITE TARZAN,2005-07-30,2005-07-31,109,266
15949,2-266-DYNAMITE TARZAN,2005-08-23,2005-08-26,386,266
5973,1-266-DYNAMITE TARZAN,2005-07-11,2005-07-14,165,266
10313,1-266-DYNAMITE TARZAN,2005-08-01,2005-08-04,80,266
14450,1-266-DYNAMITE TARZAN,2005-08-21,2005-08-26,48,266
7057,2-266-DYNAMITE TARZAN,2005-07-27,2005-08-04,320,266
11903,2-266-DYNAMITE TARZAN,2005-08-17,2005-08-23,542,266
8207,1-266-DYNAMITE TARZAN,2005-07-28,2005-08-06,475,266
12793,1-266-DYNAMITE TARZAN,2005-08-19,2005-08-28,403,266
782,1-488-JOON NORTHWEST,2005-05-29,2005-06-02,596,488
2786,1-488-JOON NORTHWEST,2005-06-19,2005-06-22,594,488
5874,1-488-JOON NORTHWEST,2005-07-10,2005-07-16,131,488
9622,1-488-JOON NORTHWEST,2005-07-31,2005-08-02,411,488
15884,1-488-JOON NORTHWEST,2005-08-23,2005-08-27,81,488
1708,2-488-JOON NORTHWEST,2005-06-16,2005-06-19,478,488
5931,2-488-JOON NORTHWEST,2005-07-10,2005-07-13,341,488
7494,2-488-JOON NORTHWEST,2005-07-27,2005-07-30,60,488
14932,2-488-JOON NORTHWEST,2005-08-22,2005-08-23,516,488
5032,2-488-JOON NORTHWEST,2005-07-09,2005-07-10,333,488
8338,2-488-JOON NORTHWEST,2005-07-29,2005-08-07,389,488
14020,2-488-JOON NORTHWEST,2005-08-20,2005-08-23,72,488
5563,2-488-JOON NORTHWEST,2005-07-10,2005-07-14,362,488
11430,2-488-JOON NORTHWEST,2005-08-02,2005-08-08,140,488
13726,2-488-JOON NORTHWEST,2005-08-20,2005-08-23,214,488
8123,1-488-JOON NORTHWEST,2005-07-28,2005-08-04,138,488
12000,1-488-JOON NORTHWEST,2005-08-17,2005-08-24,149,488
787,2-855-STREAK RIDGEMONT,2005-05-29,2005-06-07,27,855
3407,2-855-STREAK RIDGEMONT,2005-06-21,2005-06-24,343,855
4340,2-855-STREAK RIDGEMONT,2005-07-07,2005-07-16,227,855
7013,2-855-STREAK RIDGEMONT,2005-07-27,2005-07-31,463,855
13435,2-855-STREAK RIDGEMONT,2005-08-19,2005-08-24,30,855
979,1-855-STREAK RIDGEMONT,2005-05-30,2005-06-08,279,855
2628,1-855-STREAK RIDGEMONT,2005-06-19,2005-06-28,3,855
6330,1-855-STREAK RIDGEMONT,2005-07-11,2005-07-17,119,855
7741,1-855-STREAK RIDGEMONT,2005-07-28,2005-08-02,591,855
15794,1-855-STREAK RIDGEMONT,2006-02-14,,579,855
2554,1-855-STREAK RIDGEMONT,2005-06-19,2005-06-25,322,855
6522,1-855-STREAK RIDGEMONT,2005-07-12,2005-07-15,142,855
8305,1-855-STREAK RIDGEMONT,2005-07-29,2005-08-06,566,855
15575,1-855-STREAK RIDGEMONT,2005-08-23,2005-08-27,218,855
10938,2-855-STREAK RIDGEMONT,2005-08-02,2005-08-05,502,855
15391,2-855-STREAK RIDGEMONT,2005-08-22,2005-08-29,482,855
788,2-166-COLOR PHILADELPHIA,2005-05-29,2005-05-31,562,166
1503,2-166-COLOR PHILADELPHIA,2005-06-15,2005-06-20,197,166
6905,2-166-COLOR PHILADELPHIA,2005-07-12,2005-07-18,25,166
8041,2-166-COLOR PHILADELPHIA,2005-07-28,2005-07-30,357,166
14330,2-166-COLOR PHILADELPHIA,2005-08-21,2005-08-30,84,166
901,1-166-COLOR PHILADELPHIA,2005-05-30,2005-06-02,259,166
1371,1-166-COLOR PHILADELPHIA,2005-06-15,2005-06-23,491,166
4595,1-166-COLOR PHILADELPHIA,2005-07-08,2005-07-14,336,166
6947,1-166-COLOR PHILADELPHIA,2005-07-26,2005-08-02,200,166
16033,1-166-COLOR PHILADELPHIA,2005-08-23,2005-09-01,226,166
1545,2-166-COLOR PHILADELPHIA,2005-06-16,2005-06-24,563,166
6422,2-166-COLOR PHILADELPHIA,2005-07-11,2005-07-20,257,166
9697,2-166-COLOR PHILADELPHIA,2005-07-31,2005-08-05,479,166
12309,2-166-COLOR PHILADELPHIA,2005-08-18,2005-08-20,9,166
1850,1-166-COLOR PHILADELPHIA,2005-06-17,2005-06-25,517,166
4801,1-166-COLOR PHILADELPHIA,2005-07-08,2005-07-13,431,166
11322,1-166-COLOR PHILADELPHIA,2005-08-02,2005-08-09,418,166
14629,1-166-COLOR PHILADELPHIA,2005-08-21,2005-08-25,148,166
4608,1-166-COLOR PHILADELPHIA,2005-07-08,2005-07-11,11,166
10058,1-166-COLOR PHILADELPHIA,2005-07-31,2005-08-04,237,166
13552,1-166-COLOR PHILADELPHIA,2005-08-20,2005-08-23,578,166
6569,1-166-COLOR PHILADELPHIA,2005-07-12,2005-07-20,183,166
8861,1-166-COLOR PHILADELPHIA,2005-07-29,2005-08-07,560,166
11623,1-166-COLOR PHILADELPHIA,2005-08-17,2005-08-19,163,166
789,2-154-CLASH FREDDY,2005-05-29,2005-06-06,553,154
1538,2-154-CLASH FREDDY,2005-06-16,2005-06-18,430,154
5707,2-154-CLASH FREDDY,2005-07-10,2005-07-18,581,154
9557,2-154-CLASH FREDDY,2005-07-31,2005-08-05,328,154
14991,2-154-CLASH FREDDY,2005-08-22,2005-08-30,172,154
1183,2-154-CLASH FREDDY,2005-06-15,2005-06-20,329,154
6515,2-154-CLASH FREDDY,2005-07-12,2005-07-15,261,154
8928,2-154-CLASH FREDDY,2005-07-30,2005-08-05,366,154
15943,2-154-CLASH FREDDY,2005-08-23,2005-08-27,462,154
1764,2-154-CLASH FREDDY,2005-06-16,2005-06-21,392,154
4213,2-154-CLASH FREDDY,2005-07-07,2005-07-13,103,154
11339,2-154-CLASH FREDDY,2005-08-02,2005-08-08,263,154
12147,2-154-CLASH FREDDY,2005-08-18,2005-08-23,41,154
3249,1-154-CLASH FREDDY,2005-06-21,2005-06-29,410,154
5225,1-154-CLASH FREDDY,2005-07-09,2005-07-12,445,154
7443,1-154-CLASH FREDDY,2005-07-27,2005-07-29,380,154
14508,1-154-CLASH FREDDY,2005-08-21,2005-08-27,396,154
3999,2-154-CLASH FREDDY,2005-07-06,2005-07-09,390,154
10950,2-154-CLASH FREDDY,2005-08-02,2005-08-07,451,154
14802,2-154-CLASH FREDDY,2005-08-22,2005-08-28,505,154
5593,1-154-CLASH FREDDY,2005-07-10,2005-07-17,287,154
7575,1-154-CLASH FREDDY,2005-07-27,2005-07-29,582,154
13588,1-154-CLASH FREDDY,2005-08-20,2005-08-28,279,154
10583,1-154-CLASH FREDDY,2005-08-01,2005-08-03,125,154
13274,1-154-CLASH FREDDY,2005-08-19,2005-08-20,272,154
790,2-626-NOON PAPI,2005-05-29,2005-06-02,593,626
2492,2-626-NOON PAPI,2005-06-18,2005-06-23,237,626
6645,2-626-NOON PAPI,2005-07-12,2005-07-17,73,626
8588,2-626-NOON PAPI,2005-07-29,2005-07-31,416,626
12254,2-626-NOON PAPI,2005-08-18,2005-08-23,6,626
838,2-626-NOON PAPI,2005-05-30,2005-06-06,504,626
2238,2-626-NOON PAPI,2005-06-18,2005-06-27,251,626
4703,2-626-NOON PAPI,2005-07-08,2005-07-13,544,626
8100,2-626-NOON PAPI,2005-07-28,2005-08-02,11,626
12168,2-626-NOON PAPI,2005-08-18,2005-08-18,535,626
2683,2-626-NOON PAPI,2005-06-19,2005-06-21,241,626
4869,2-626-NOON PAPI,2005-07-08,2005-07-15,376,626
9054,2-626-NOON PAPI,2005-07-30,2005-08-08,209,626
11543,2-626-NOON PAPI,2005-08-17,2005-08-25,238,626
3996,2-626-NOON PAPI,2005-07-06,2005-07-14,551,626
10662,2-626-NOON PAPI,2005-08-01,2005-08-03,151,626
13797,2-626-NOON PAPI,2005-08-20,2005-08-25,529,626
791,1-341-FROST HEAD,2005-05-29,2005-06-01,284,341
1749,1-341-FROST HEAD,2005-06-16,2005-06-21,283,341
6804,1-341-FROST HEAD,2005-07-12,2005-07-21,269,341
7739,1-341-FROST HEAD,2005-07-28,2005-07-30,186,341
13405,1-341-FROST HEAD,2005-08-19,2005-08-28,181,341
1186,2-341-FROST HEAD,2005-06-15,2005-06-16,368,341
5764,2-341-FROST HEAD,2005-07-10,2005-07-19,245,341
8958,2-341-FROST HEAD,2005-07-30,2005-08-06,536,341
12101,2-341-FROST HEAD,2006-02-14,,479,341
1519,1-341-FROST HEAD,2005-06-15,2005-06-21,155,341
5609,1-341-FROST HEAD,2005-07-10,2005-07-12,492,341
8340,1-341-FROST HEAD,2005-07-29,2005-08-07,386,341
13454,1-341-FROST HEAD,2005-08-20,2005-08-27,430,341
1663,2-341-FROST HEAD,2005-06-16,2005-06-23,186,341
6244,2-341-FROST HEAD,2005-07-11,2005-07-12,383,341
8074,2-341-FROST HEAD,2005-07-28,2005-07-29,1,341
12185,2-341-FROST HEAD,2005-08-18,2005-08-25,588,341
1815,1-341-FROST HEAD,2005-06-16,2005-06-17,84,341
3920,1-341-FROST HEAD,2005-07-06,2005-07-15,321,341
11174,1-341-FROST HEAD,2005-08-02,2005-08-09,328,341
13558,1-341-FROST HEAD,2005-08-20,2005-08-24,564,341
4206,2-341-FROST HEAD,2005-07-07,2005-07-14,448,341
10753,2-341-FROST HEAD,2005-08-01,2005-08-09,273,341
11915,2-341-FROST HEAD,2005-08-17,2005-08-25,269,341
6038,2-341-FROST HEAD,2005-07-11,2005-07-19,243,341
10412,2-341-FROST HEAD,2005-08-01,2005-08-04,325,341
12898,2-341-FROST HEAD,2005-08-19,2005-08-23,586,341
6730,1-341-FROST HEAD,2005-07-12,2005-07-20,532,341
8244,1-341-FROST HEAD,2005-07-29,2005-08-05,175,341
13800,1-341-FROST HEAD,2005-08-20,2005-08-22,407,341
792,2-623-NEWTON LABYRINTH,2005-05-29,2005-05-31,261,623
1781,2-623-NEWTON LABYRINTH,2005-06-16,2005-06-25,429,623
5033,2-623-NEWTON LABYRINTH,2005-07-09,2005-07-14,299,623
8860,2-623-NEWTON LABYRINTH,2005-07-29,2005-08-06,531,623
14062,2-623-NEWTON LABYRINTH,2005-08-20,2005-08-25,239,623
2229,2-623-NEWTON LABYRINTH,2005-06-18,2005-06-26,35,623
5926,2-623-NEWTON LABYRINTH,2005-07-10,2005-07-20,282,623
11384,2-623-NEWTON LABYRINTH,2005-08-02,2005-08-05,225,623
12430,2-623-NEWTON LABYRINTH,2005-08-18,2005-08-22,196,623
3171,1-623-NEWTON LABYRINTH,2005-06-20,2005-06-24,140,623
4057,1-623-NEWTON LABYRINTH,2005-07-07,2005-07-12,141,623
11275,1-623-NEWTON LABYRINTH,2005-08-02,2005-08-07,464,623
15097,1-623-NEWTON LABYRINTH,2005-08-22,2005-08-27,475,623
9889,2-623-NEWTON LABYRINTH,2005-07-31,2005-08-05,143,623
13440,2-623-NEWTON LABYRINTH,2005-08-19,2005-08-25,260,623
9905,1-623-NEWTON LABYRINTH,2005-07-31,2005-08-01,519,623
12492,1-623-NEWTON LABYRINTH,2005-08-18,2005-08-26,224,623
796,1-592-MONSTER SPARTACUS,2005-05-29,2005-06-03,26,592
2403,1-592-MONSTER SPARTACUS,2005-06-18,2005-06-23,536,592
4060,1-592-MONSTER SPARTACUS,2005-07-07,2005-07-13,211,592
7254,1-592-MONSTER SPARTACUS,2005-07-27,2005-07-28,286,592
12162,1-592-MONSTER SPARTACUS,2005-08-18,2005-08-25,284,592
1719,2-592-MONSTER SPARTACUS,2005-06-16,2005-06-18,582,592
6211,2-592-MONSTER SPARTACUS,2005-07-11,2005-07-20,6,592
9094,2-592-MONSTER SPARTACUS,2005-07-30,2005-08-07,140,592
15729,2-592-MONSTER SPARTACUS,2006-02-14,,193,592
3464,2-592-MONSTER SPARTACUS,2005-06-21,2005-06-26,251,592
6518,2-592-MONSTER SPARTACUS,2005-07-12,2005-07-19,288,592
9982,2-592-MONSTER SPARTACUS,2005-07-31,2005-08-02,428,592
12012,2-592-MONSTER SPARTACUS,2005-08-17,2005-08-22,69,592
10903,1-592-MONSTER SPARTACUS,2005-08-02,2005-08-06,547,592
15183,1-592-MONSTER SPARTACUS,2005-08-22,2005-08-25,268,592
797,1-317-FIREBALL PHILADELPHIA,2005-05-29,2005-06-03,244,317
2542,1-317-FIREBALL PHILADELPHIA,2005-06-19,2005-06-26,67,317
5367,1-317-FIREBALL PHILADELPHIA,2005-07-09,2005-07-16,485,317
10353,1-317-FIREBALL PHILADELPHIA,2005-08-01,2005-08-08,535,317
15298,1-317-FIREBALL PHILADELPHIA,2005-08-22,2005-08-28,1,317
1157,2-317-FIREBALL PHILADELPHIA,2005-05-31,2005-06-02,61,317
2997,2-317-FIREBALL PHILADELPHIA,2005-06-20,2005-06-29,519,317
3741,2-317-FIREBALL PHILADELPHIA,2005-07-06,2005-07-12,584,317
8358,2-317-FIREBALL PHILADELPHIA,2005-07-29,2005-08-01,372,317
14825,2-317-FIREBALL PHILADELPHIA,2005-08-22,2005-08-27,1,317
4909,2-317-FIREBALL PHILADELPHIA,2005-07-08,2005-07-10,228,317
9653,2-317-FIREBALL PHILADELPHIA,2005-07-31,2005-08-03,383,317
11656,2-317-FIREBALL PHILADELPHIA,2005-08-17,2005-08-25,56,317
7247,1-317-FIREBALL PHILADELPHIA,2005-07-27,2005-07-29,102,317
15161,1-317-FIREBALL PHILADELPHIA,2005-08-22,2005-08-27,20,317
10194,1-317-FIREBALL PHILADELPHIA,2005-08-01,2005-08-06,290,317
13090,1-317-FIREBALL PHILADELPHIA,2005-08-19,2005-08-28,52,317
10780,2-317-FIREBALL PHILADELPHIA,2005-08-01,2005-08-07,51,317
14668,2-317-FIREBALL PHILADELPHIA,2005-08-21,2005-08-29,152,317
11176,1-317-FIREBALL PHILADELPHIA,2005-08-02,2005-08-09,37,317
14334,1-317-FIREBALL PHILADELPHIA,2005-08-21,2005-08-25,595,317
800,2-97-BRIDE INTRIGUE,2005-05-29,2005-05-30,472,97
2524,2-97-BRIDE INTRIGUE,2005-06-19,2005-06-25,465,97
6320,2-97-BRIDE INTRIGUE,2005-07-11,2005-07-13,511,97
8882,2-97-BRIDE INTRIGUE,2005-07-30,2005-08-03,410,97
14784,2-97-BRIDE INTRIGUE,2005-08-22,2005-08-28,117,97
4105,1-97-BRIDE INTRIGUE,2005-07-07,2005-07-09,423,97
7941,1-97-BRIDE INTRIGUE,2005-07-28,2005-08-01,566,97
11733,1-97-BRIDE INTRIGUE,2005-08-17,2005-08-21,251,97
4406,1-97-BRIDE INTRIGUE,2005-07-07,2005-07-15,448,97
10037,1-97-BRIDE INTRIGUE,2005-07-31,2005-08-09,58,97
15994,1-97-BRIDE INTRIGUE,2005-08-23,2005-08-28,595,97
5422,1-97-BRIDE INTRIGUE,2005-07-09,2005-07-15,409,97
9887,1-97-BRIDE INTRIGUE,2005-07-31,2005-08-05,549,97
11497,1-97-BRIDE INTRIGUE,2005-08-16,2005-08-21,12,97
5695,2-97-BRIDE INTRIGUE,2005-07-10,2005-07-13,459,97
8878,2-97-BRIDE INTRIGUE,2005-07-30,2005-08-01,25,97
14031,2-97-BRIDE INTRIGUE,2005-08-20,2005-08-23,361,97
8131,1-97-BRIDE INTRIGUE,2005-07-28,2005-08-02,281,97
14156,1-97-BRIDE INTRIGUE,2005-08-21,2005-08-27,147,97
801,1-358-GILMORE BOILED,2005-05-29,2005-06-04,402,358
2448,1-358-GILMORE BOILED,2005-06-18,2005-06-27,308,358
4753,1-358-GILMORE BOILED,2005-07-08,2005-07-09,391,358
11457,1-358-GILMORE BOILED,2005-08-02,2005-08-10,379,358
14078,1-358-GILMORE BOILED,2005-08-20,2005-08-28,396,358
1055,1-358-GILMORE BOILED,2005-05-31,2005-06-03,108,358
3443,1-358-GILMORE BOILED,2005-06-21,2005-06-30,377,358
5046,1-358-GILMORE BOILED,2005-07-09,2005-07-17,227,358
9300,1-358-GILMORE BOILED,2005-07-30,2005-08-05,571,358
12444,1-358-GILMORE BOILED,2005-08-18,2005-08-19,285,358
2160,2-358-GILMORE BOILED,2005-06-17,2005-06-22,32,358
5216,2-358-GILMORE BOILED,2005-07-09,2005-07-12,515,358
8000,2-358-GILMORE BOILED,2005-07-28,2005-08-06,212,358
13456,2-358-GILMORE BOILED,2005-08-20,2005-08-22,13,358
2385,1-358-GILMORE BOILED,2005-06-18,2005-06-26,298,358
6502,1-358-GILMORE BOILED,2005-07-12,2005-07-17,40,358
10234,1-358-GILMORE BOILED,2005-08-01,2005-08-09,207,358
12383,1-358-GILMORE BOILED,2005-08-18,2005-08-23,295,358
4561,2-358-GILMORE BOILED,2005-07-08,2005-07-11,500,358
7553,2-358-GILMORE BOILED,2005-07-27,2005-08-03,275,358
13701,2-358-GILMORE BOILED,2005-08-20,2005-08-21,564,358
6601,1-358-GILMORE BOILED,2005-07-12,2005-07-20,464,358
8233,1-358-GILMORE BOILED,2005-07-29,2005-08-03,93,358
11935,1-358-GILMORE BOILED,2005-08-17,2005-08-22,66,358
9953,2-358-GILMORE BOILED,2005-07-31,2005-08-02,211,358
15225,2-358-GILMORE BOILED,2005-08-22,2005-08-24,224,358
11020,2-358-GILMORE BOILED,2005-08-02,2005-08-06,242,358
12636,2-358-GILMORE BOILED,2005-08-18,2005-08-26,380,358
802,1-172-CONEHEADS SMOOCHY,2005-05-29,2005-05-31,350,172
2169,1-172-CONEHEADS SMOOCHY,2005-06-17,2005-06-19,120,172
6155,1-172-CONEHEADS SMOOCHY,2005-07-11,2005-07-18,229,172
7084,1-172-CONEHEADS SMOOCHY,2005-07-27,2005-08-05,32,172
14655,1-172-CONEHEADS SMOOCHY,2005-08-21,2005-08-22,253,172
2023,2-172-CONEHEADS SMOOCHY,2005-06-17,2005-06-23,169,172
4274,2-172-CONEHEADS SMOOCHY,2005-07-07,2005-07-13,26,172
9109,2-172-CONEHEADS SMOOCHY,2005-07-30,2005-08-07,266,172
15889,2-172-CONEHEADS SMOOCHY,2005-08-23,2005-08-27,137,172
3137,1-172-CONEHEADS SMOOCHY,2005-06-20,2005-06-28,505,172
6162,1-172-CONEHEADS SMOOCHY,2005-07-11,2005-07-19,79,172
10659,1-172-CONEHEADS SMOOCHY,2005-08-01,2005-08-09,238,172
11629,1-172-CONEHEADS SMOOCHY,2005-08-17,2005-08-26,299,172
3882,2-172-CONEHEADS SMOOCHY,2005-07-06,2005-07-09,254,172
6998,2-172-CONEHEADS SMOOCHY,2005-07-27,2005-07-30,300,172
15258,2-172-CONEHEADS SMOOCHY,2005-08-22,2005-08-25,293,172
4419,1-172-CONEHEADS SMOOCHY,2005-07-07,2005-07-15,39,172
9869,1-172-CONEHEADS SMOOCHY,2005-07-31,2005-08-07,261,172
14805,1-172-CONEHEADS SMOOCHY,2005-08-22,2005-08-23,169,172
5371,2-172-CONEHEADS SMOOCHY,2005-07-09,2005-07-14,425,172
8649,2-172-CONEHEADS SMOOCHY,2005-07-29,2005-08-07,69,172
15711,2-172-CONEHEADS SMOOCHY,2005-08-23,2005-08-29,297,172
6028,1-172-CONEHEADS SMOOCHY,2005-07-11,2005-07-14,450,172
10097,1-172-CONEHEADS SMOOCHY,2005-07-31,2005-08-08,519,172
15691,1-172-CONEHEADS SMOOCHY,2005-08-23,2005-08-27,200,172
803,2-350-GARDEN ISLAND,2005-05-29,2005-05-30,32,350
2317,2-350-GARDEN ISLAND,2005-06-18,2005-06-21,326,350
4477,2-350-GARDEN ISLAND,2005-07-08,2005-07-13,552,350
7866,2-350-GARDEN ISLAND,2005-07-28,2005-08-04,101,350
15702,2-350-GARDEN ISLAND,2005-08-23,2005-08-29,56,350
3626,1-350-GARDEN ISLAND,2005-07-06,2005-07-10,337,350
8568,1-350-GARDEN ISLAND,2005-07-29,2005-08-04,583,350
15661,1-350-GARDEN ISLAND,2005-08-23,2005-08-30,346,350
8108,2-350-GARDEN ISLAND,2005-07-28,2005-08-03,295,350
12339,2-350-GARDEN ISLAND,2005-08-18,2005-08-19,370,350
8768,2-350-GARDEN ISLAND,2005-07-29,2005-08-03,468,350
14994,2-350-GARDEN ISLAND,2005-08-22,2005-08-26,509,350
9255,1-350-GARDEN ISLAND,2005-07-30,2005-08-07,23,350
14092,1-350-GARDEN ISLAND,2005-08-21,2005-08-24,273,350
10003,2-350-GARDEN ISLAND,2005-07-31,2005-08-02,13,350
13498,2-350-GARDEN ISLAND,2005-08-20,2005-08-24,578,350
10776,1-350-GARDEN ISLAND,2005-08-01,2005-08-10,565,350
15124,1-350-GARDEN ISLAND,2005-08-22,2005-08-26,39,350
10978,1-350-GARDEN ISLAND,2005-08-02,2005-08-10,487,350
13809,1-350-GARDEN ISLAND,2005-08-20,2005-08-27,207,350
804,1-853-STRANGER STRANGERS,2005-05-29,2005-06-06,171,853
1889,1-853-STRANGER STRANGERS,2005-06-17,2005-06-26,572,853
5526,1-853-STRANGER STRANGERS,2005-07-10,2005-07-16,144,853
8604,1-853-STRANGER STRANGERS,2005-07-29,2005-07-31,326,853
12762,1-853-STRANGER STRANGERS,2005-08-18,2005-08-21,502,853
4096,1-853-STRANGER STRANGERS,2005-07-07,2005-07-08,403,853
8396,1-853-STRANGER STRANGERS,2005-07-29,2005-07-30,516,853
13880,1-853-STRANGER STRANGERS,2005-08-20,2005-08-24,268,853
4186,1-853-STRANGER STRANGERS,2005-07-07,2005-07-15,185,853
9400,1-853-STRANGER STRANGERS,2005-07-30,2005-08-03,368,853
11603,1-853-STRANGER STRANGERS,2005-08-17,2005-08-18,406,853
809,2-458-INDIAN LOVE,2005-05-29,2005-06-05,222,458
2806,2-458-INDIAN LOVE,2005-06-19,2005-06-20,510,458
4553,2-458-INDIAN LOVE,2005-07-08,2005-07-09,529,458
10019,2-458-INDIAN LOVE,2005-07-31,2005-08-07,536,458
14988,2-458-INDIAN LOVE,2005-08-22,2005-08-29,186,458
6728,1-458-INDIAN LOVE,2005-07-12,2005-07-15,414,458
10796,1-458-INDIAN LOVE,2005-08-01,2005-08-05,534,458
13418,1-458-INDIAN LOVE,2005-08-19,2005-08-28,246,458
8704,2-458-INDIAN LOVE,2005-07-29,2005-08-03,107,458
13082,2-458-INDIAN LOVE,2005-08-19,2005-08-28,387,458
9203,1-458-INDIAN LOVE,2005-07-30,2005-08-01,169,458
15752,1-458-INDIAN LOVE,2005-08-23,2005-09-01,17,458
9388,2-458-INDIAN LOVE,2005-07-30,2005-08-08,332,458
15885,2-458-INDIAN LOVE,2005-08-23,2005-08-29,565,458
10468,2-458-INDIAN LOVE,2005-08-01,2005-08-05,129,458
11582,2-458-INDIAN LOVE,2005-08-17,2005-08-24,339,458
810,1-556-MALTESE HOPE,2005-05-29,2005-06-04,346,556
3266,1-556-MALTESE HOPE,2005-06-21,2005-06-26,175,556
4371,1-556-MALTESE HOPE,2005-07-07,2005-07-08,90,556
9182,1-556-MALTESE HOPE,2005-07-30,2005-08-08,165,556
11956,1-556-MALTESE HOPE,2005-08-17,2005-08-25,457,556
3093,1-556-MALTESE HOPE,2005-06-20,2005-06-22,556,556
4214,1-556-MALTESE HOPE,2005-07-07,2005-07-08,484,556
10369,1-556-MALTESE HOPE,2005-08-01,2005-08-07,424,556
15262,1-556-MALTESE HOPE,2005-08-22,2005-08-28,298,556
5814,2-556-MALTESE HOPE,2005-07-10,2005-07-13,71,556
10269,2-556-MALTESE HOPE,2005-08-01,2005-08-02,39,556
13195,2-556-MALTESE HOPE,2005-08-19,2005-08-24,565,556
5956,2-556-MALTESE HOPE,2005-07-10,2005-07-13,499,556
10582,2-556-MALTESE HOPE,2005-08-01,2005-08-05,233,556
12527,2-556-MALTESE HOPE,2005-08-18,2005-08-26,459,556
6890,2-556-MALTESE HOPE,2005-07-12,2005-07-14,473,556
10006,2-556-MALTESE HOPE,2005-07-31,2005-08-02,470,556
15880,2-556-MALTESE HOPE,2005-08-23,2005-08-31,528,556
8645,1-556-MALTESE HOPE,2005-07-29,2005-07-30,535,556
13136,1-556-MALTESE HOPE,2005-08-19,2005-08-28,50,556
9053,2-556-MALTESE HOPE,2005-07-30,2005-08-01,485,556
14424,2-556-MALTESE HOPE,2005-08-21,2005-08-29,489,556
814,1-345-GABLES METROPOLIS,2005-05-29,2005-06-07,134,345
1224,1-345-GABLES METROPOLIS,2005-06-15,2005-06-17,369,345
6811,1-345-GABLES METROPOLIS,2005-07-12,2005-07-20,107,345
7398,1-345-GABLES METROPOLIS,2005-07-27,2005-08-05,51,345
14431,1-345-GABLES METROPOLIS,2005-08-21,2005-08-26,106,345
985,2-345-GABLES METROPOLIS,2005-05-30,2005-06-04,564,345
3370,2-345-GABLES METROPOLIS,2005-06-21,2005-06-25,559,345
3763,2-345-GABLES METROPOLIS,2005-07-06,2005-07-09,189,345
8998,2-345-GABLES METROPOLIS,2005-07-30,2005-08-08,120,345
15049,2-345-GABLES METROPOLIS,2005-08-22,2005-08-26,102,345
1761,1-345-GABLES METROPOLIS,2005-06-16,2005-06-17,521,345
5378,1-345-GABLES METROPOLIS,2005-07-09,2005-07-10,138,345
10293,1-345-GABLES METROPOLIS,2005-08-01,2005-08-05,258,345
12681,1-345-GABLES METROPOLIS,2005-08-18,2005-08-23,518,345
5197,1-345-GABLES METROPOLIS,2005-07-09,2005-07-16,541,345
9562,1-345-GABLES METROPOLIS,2005-07-31,2005-08-06,116,345
14055,1-345-GABLES METROPOLIS,2005-08-20,2005-08-22,148,345
7435,2-345-GABLES METROPOLIS,2005-07-27,2005-07-30,380,345
13209,2-345-GABLES METROPOLIS,2006-02-14,,5,345
815,2-822-SOUP WISDOM,2005-05-29,2005-06-03,14,822
2127,2-822-SOUP WISDOM,2005-06-17,2005-06-18,187,822
5128,2-822-SOUP WISDOM,2005-07-09,2005-07-16,155,822
10801,2-822-SOUP WISDOM,2005-08-01,2005-08-08,116,822
13956,2-822-SOUP WISDOM,2005-08-20,2005-08-29,484,822
6436,2-822-SOUP WISDOM,2005-07-12,2005-07-13,122,822
8662,2-822-SOUP WISDOM,2005-07-29,2005-07-30,362,822
14065,2-822-SOUP WISDOM,2005-08-20,2005-08-24,190,822
816,2-137-CHARADE DUFFEL,2005-05-29,2005-06-06,474,137
2910,2-137-CHARADE DUFFEL,2005-06-20,2005-06-28,57,137
3825,2-137-CHARADE DUFFEL,2005-07-06,2005-07-09,132,137
8073,2-137-CHARADE DUFFEL,2005-07-28,2005-08-01,314,137
15499,2-137-CHARADE DUFFEL,2005-08-23,2005-08-23,488,137
1026,2-137-CHARADE DUFFEL,2005-05-31,2005-06-06,107,137
1456,2-137-CHARADE DUFFEL,2005-06-15,2005-06-23,590,137
6258,2-137-CHARADE DUFFEL,2005-07-11,2005-07-18,417,137
7225,2-137-CHARADE DUFFEL,2005-07-27,2005-08-03,306,137
14395,2-137-CHARADE DUFFEL,2005-08-21,2005-08-28,506,137
5924,2-137-CHARADE DUFFEL,2005-07-10,2005-07-16,191,137
10676,2-137-CHARADE DUFFEL,2005-08-01,2005-08-04,79,137
16042,2-137-CHARADE DUFFEL,2005-08-23,2005-08-24,131,137
7485,2-137-CHARADE DUFFEL,2005-07-27,2005-07-30,362,137
12069,2-137-CHARADE DUFFEL,2005-08-17,2005-08-22,389,137
820,1-567-MEET CHOCOLATE,2005-05-29,2005-06-07,22,567
3366,1-567-MEET CHOCOLATE,2005-06-21,2005-06-26,511,567
6381,1-567-MEET CHOCOLATE,2005-07-11,2005-07-16,340,567
8747,1-567-MEET CHOCOLATE,2005-07-29,2005-07-30,70,567
15999,1-567-MEET CHOCOLATE,2005-08-23,2005-08-31,377,567
3632,1-567-MEET CHOCOLATE,2005-07-06,2005-07-11,366,567
8616,1-567-MEET CHOCOLATE,2005-07-29,2005-08-01,493,567
15860,1-567-MEET CHOCOLATE,2005-08-23,2005-08-28,41,567
9245,2-567-MEET CHOCOLATE,2005-07-30,2005-08-06,116,567
13521,2-567-MEET CHOCOLATE,2005-08-20,2005-08-22,384,567
10083,2-567-MEET CHOCOLATE,2005-07-31,2005-08-06,449,567
15173,2-567-MEET CHOCOLATE,2005-08-22,2005-08-29,338,567
825,2-155-CLEOPATRA DEVIL,2005-05-29,2005-06-04,371,155
2188,2-155-CLEOPATRA DEVIL,2005-06-18,2005-06-25,183,155
3875,2-155-CLEOPATRA DEVIL,2005-07-06,2005-07-11,108,155
9358,2-155-CLEOPATRA DEVIL,2005-07-30,2005-08-07,302,155
11625,2-155-CLEOPATRA DEVIL,2005-08-17,2005-08-25,521,155
1002,1-155-CLEOPATRA DEVIL,2005-05-31,2005-06-06,397,155
1234,1-155-CLEOPATRA DEVIL,2005-06-15,2005-06-22,529,155
5279,1-155-CLEOPATRA DEVIL,2005-07-09,2005-07-17,64,155
8527,1-155-CLEOPATRA DEVIL,2005-07-29,2005-08-05,168,155
14543,1-155-CLEOPATRA DEVIL,2005-08-21,2005-08-28,579,155
3132,2-155-CLEOPATRA DEVIL,2005-06-20,2005-06-24,90,155
3615,2-155-CLEOPATRA DEVIL,2005-07-06,2005-07-11,49,155
8978,2-155-CLEOPATRA DEVIL,2005-07-30,2005-08-06,5,155
12074,2-155-CLEOPATRA DEVIL,2005-08-17,2005-08-20,417,155
7080,1-155-CLEOPATRA DEVIL,2005-07-27,2005-08-04,466,155
13275,1-155-CLEOPATRA DEVIL,2005-08-19,2005-08-23,377,155
7867,2-155-CLEOPATRA DEVIL,2005-07-28,2005-07-30,297,155
14516,2-155-CLEOPATRA DEVIL,2006-02-14,,457,155
827,1-12-ALASKA PHANTOM,2005-05-29,2005-06-06,573,12
1270,1-12-ALASKA PHANTOM,2005-06-15,2005-06-18,395,12
4061,1-12-ALASKA PHANTOM,2005-07-07,2005-07-10,70,12
9179,1-12-ALASKA PHANTOM,2005-07-30,2005-08-05,50,12
13110,1-12-ALASKA PHANTOM,2005-08-19,2005-08-21,447,12
983,2-12-ALASKA PHANTOM,2005-05-30,2005-06-02,115,12
2725,2-12-ALASKA PHANTOM,2005-06-19,2005-06-22,246,12
5498,2-12-ALASKA PHANTOM,2005-07-10,2005-07-13,302,12
7918,2-12-ALASKA PHANTOM,2005-07-28,2005-08-04,473,12
13779,2-12-ALASKA PHANTOM,2005-08-20,2005-08-28,440,12
1724,1-12-ALASKA PHANTOM,2005-06-16,2005-06-23,146,12
5594,1-12-ALASKA PHANTOM,2005-07-10,2005-07-12,440,12
8563,1-12-ALASKA PHANTOM,2005-07-29,2005-08-05,67,12
15232,1-12-ALASKA PHANTOM,2005-08-22,2005-08-25,5,12
2659,2-12-ALASKA PHANTOM,2005-06-19,2005-06-23,139,12
5170,2-12-ALASKA PHANTOM,2005-07-09,2005-07-18,209,12
7920,2-12-ALASKA PHANTOM,2005-07-28,2005-08-05,48,12
12976,2-12-ALASKA PHANTOM,2005-08-19,2005-08-26,592,12
2808,2-12-ALASKA PHANTOM,2005-06-19,2005-06-27,325,12
3705,2-12-ALASKA PHANTOM,2005-07-06,2005-07-10,223,12
11043,2-12-ALASKA PHANTOM,2005-08-02,2005-08-06,573,12
13037,2-12-ALASKA PHANTOM,2005-08-19,2005-08-28,275,12
6936,1-12-ALASKA PHANTOM,2005-07-26,2005-07-30,538,12
13625,1-12-ALASKA PHANTOM,2005-08-20,2005-08-27,422,12
9681,2-12-ALASKA PHANTOM,2005-07-31,2005-08-06,160,12
15591,2-12-ALASKA PHANTOM,2005-08-23,2005-08-25,62,12
831,2-854-STRANGERS GRAFFITI,2005-05-29,2005-06-06,509,854
1442,2-854-STRANGERS GRAFFITI,2005-06-15,2005-06-22,122,854
3963,2-854-STRANGERS GRAFFITI,2005-07-06,2005-07-15,111,854
7060,2-854-STRANGERS GRAFFITI,2005-07-27,2005-08-03,479,854
14875,2-854-STRANGERS GRAFFITI,2005-08-22,2005-08-26,513,854
1049,2-854-STRANGERS GRAFFITI,2005-05-31,2005-06-02,312,854
1546,2-854-STRANGERS GRAFFITI,2005-06-16,2005-06-24,3,854
5441,2-854-STRANGERS GRAFFITI,2005-07-09,2005-07-17,7,854
9582,2-854-STRANGERS GRAFFITI,2005-07-31,2005-08-04,347,854
13699,2-854-STRANGERS GRAFFITI,2005-08-20,2005-08-29,21,854
1496,2-854-STRANGERS GRAFFITI,2005-06-15,2005-06-17,290,854
6269,2-854-STRANGERS GRAFFITI,2005-07-11,2005-07-13,167,854
8683,2-854-STRANGERS GRAFFITI,2005-07-29,2005-08-07,513,854
15723,2-854-STRANGERS GRAFFITI,2005-08-23,2005-08-31,504,854
4022,2-854-STRANGERS GRAFFITI,2005-07-07,2005-07-09,390,854
7607,2-854-STRANGERS GRAFFITI,2005-07-28,2005-07-31,293,854
13556,2-854-STRANGERS GRAFFITI,2005-08-20,2005-08-26,266,854
833,2-637-OPEN AFRICAN,2005-05-29,2005-06-02,417,637
2601,2-637-OPEN AFRICAN,2005-06-19,2005-06-20,98,637
4178,2-637-OPEN AFRICAN,2005-07-07,2005-07-12,513,637
11253,2-637-OPEN AFRICAN,2005-08-02,2005-08-09,303,637
15907,2-637-OPEN AFRICAN,2005-08-23,2005-08-25,2,637
1120,1-637-OPEN AFRICAN,2005-05-31,2005-06-04,361,637
1295,1-637-OPEN AFRICAN,2005-06-15,2005-06-18,449,637
4593,1-637-OPEN AFRICAN,2005-07-08,2005-07-16,528,637
11439,1-637-OPEN AFRICAN,2005-08-02,2005-08-04,18,637
15005,1-637-OPEN AFRICAN,2005-08-22,2005-08-24,335,637
3083,1-637-OPEN AFRICAN,2005-06-20,2005-06-26,257,637
5606,1-637-OPEN AFRICAN,2005-07-10,2005-07-15,51,637
9842,1-637-OPEN AFRICAN,2005-07-31,2005-08-02,261,637
14665,1-637-OPEN AFRICAN,2005-08-21,2005-08-30,58,637
3468,2-637-OPEN AFRICAN,2005-06-21,2005-06-30,100,637
5261,2-637-OPEN AFRICAN,2005-07-09,2005-07-11,105,637
7840,2-637-OPEN AFRICAN,2005-07-28,2005-08-06,482,637
13314,2-637-OPEN AFRICAN,2005-08-19,2005-08-27,347,637
4095,2-637-OPEN AFRICAN,2005-07-07,2005-07-15,33,637
11324,2-637-OPEN AFRICAN,2005-08-02,2005-08-08,540,637
12855,2-637-OPEN AFRICAN,2005-08-19,2005-08-19,242,637
835,2-67-BERETS AGENT,2005-05-29,2005-06-02,381,67
3330,2-67-BERETS AGENT,2005-06-21,2005-06-23,294,67
6696,2-67-BERETS AGENT,2005-07-12,2005-07-16,273,67
7436,2-67-BERETS AGENT,2005-07-27,2005-08-01,45,67
13609,2-67-BERETS AGENT,2005-08-20,2005-08-23,328,67
1527,2-67-BERETS AGENT,2005-06-16,2005-06-21,188,67
6003,2-67-BERETS AGENT,2005-07-11,2005-07-17,527,67
8802,2-67-BERETS AGENT,2005-07-29,2005-07-30,407,67
12182,2-67-BERETS AGENT,2005-08-18,2005-08-21,555,67
3946,1-67-BERETS AGENT,2005-07-06,2005-07-11,13,67
8022,1-67-BERETS AGENT,2005-07-28,2005-08-06,314,67
11743,1-67-BERETS AGENT,2005-08-17,2005-08-22,336,67
4914,2-67-BERETS AGENT,2005-07-08,2005-07-17,535,67
7574,2-67-BERETS AGENT,2005-07-27,2005-07-29,200,67
12064,2-67-BERETS AGENT,2006-02-14,,284,67
6015,1-67-BERETS AGENT,2005-07-11,2005-07-13,596,67
10050,1-67-BERETS AGENT,2005-07-31,2005-08-06,230,67
11993,1-67-BERETS AGENT,2005-08-17,2005-08-21,303,67
6097,2-67-BERETS AGENT,2005-07-11,2005-07-16,416,67
10488,2-67-BERETS AGENT,2005-08-01,2005-08-02,423,67
11744,2-67-BERETS AGENT,2005-08-17,2005-08-25,26,67
836,1-690-POND SEATTLE,2005-05-29,2005-05-31,368,690
1359,1-690-POND SEATTLE,2005-06-15,2005-06-17,353,690
5320,1-690-POND SEATTLE,2005-07-09,2005-07-18,228,690
10064,1-690-POND SEATTLE,2005-07-31,2005-08-06,41,690
11586,1-690-POND SEATTLE,2005-08-17,2005-08-26,465,690
2393,1-690-POND SEATTLE,2005-06-18,2005-06-25,21,690
5260,1-690-POND SEATTLE,2005-07-09,2005-07-14,75,690
11057,1-690-POND SEATTLE,2005-08-02,2005-08-11,137,690
12385,1-690-POND SEATTLE,2005-08-18,2005-08-21,146,690
3556,1-690-POND SEATTLE,2005-07-06,2005-07-06,273,690
10136,1-690-POND SEATTLE,2005-07-31,2005-08-03,2,690
15077,1-690-POND SEATTLE,2005-08-22,2005-08-29,503,690
5525,1-690-POND SEATTLE,2005-07-10,2005-07-18,241,690
9057,1-690-POND SEATTLE,2005-07-30,2005-08-01,202,690
14578,1-690-POND SEATTLE,2005-08-21,2005-08-28,389,690
7521,2-690-POND SEATTLE,2005-07-27,2005-08-03,176,690
13332,2-690-POND SEATTLE,2005-08-19,2005-08-25,503,690
9423,2-690-POND SEATTLE,2005-07-30,2005-08-07,242,690
14015,2-690-POND SEATTLE,2005-08-20,2005-08-26,554,690
837,1-218-DECEIVER BETRAYED,2005-05-30,2005-06-02,172,218
3109,1-218-DECEIVER BETRAYED,2005-06-20,2005-06-22,93,218
4296,1-218-DECEIVER BETRAYED,2005-07-07,2005-07-08,407,218
15248,1-218-DECEIVER BETRAYED,2005-08-22,2005-08-25,20,218
1933,2-218-DECEIVER BETRAYED,2005-06-17,2005-06-26,13,218
3492,2-218-DECEIVER BETRAYED,2005-07-05,2005-07-14,142,218
8282,2-218-DECEIVER BETRAYED,2005-07-29,2005-08-05,462,218
12619,2-218-DECEIVER BETRAYED,2005-08-18,2005-08-21,592,218
6048,1-218-DECEIVER BETRAYED,2005-07-11,2005-07-14,154,218
10307,1-218-DECEIVER BETRAYED,2005-08-01,2005-08-04,332,218
14245,1-218-DECEIVER BETRAYED,2005-08-21,2005-08-26,354,218
6476,2-218-DECEIVER BETRAYED,2005-07-12,2005-07-12,28,218
7229,2-218-DECEIVER BETRAYED,2005-07-27,2005-07-28,182,218
12684,2-218-DECEIVER BETRAYED,2005-08-18,2005-08-19,196,218
6597,2-218-DECEIVER BETRAYED,2005-07-12,2005-07-16,479,218
9936,2-218-DECEIVER BETRAYED,2005-07-31,2005-08-06,153,218
11783,2-218-DECEIVER BETRAYED,2005-08-17,2005-08-21,152,218
7315,1-218-DECEIVER BETRAYED,2005-07-27,2005-08-03,208,218
14877,1-218-DECEIVER BETRAYED,2005-08-22,2005-08-24,266,218
8541,1-218-DECEIVER BETRAYED,2005-07-29,2005-07-31,340,218
13234,1-218-DECEIVER BETRAYED,2005-08-19,2005-08-27,559,218
839,1-411-HEAVENLY GUN,2005-05-30,2005-06-08,337,411
2192,1-411-HEAVENLY GUN,2005-06-18,2005-06-23,456,411
6037,1-411-HEAVENLY GUN,2005-07-11,2005-07-12,386,411
10593,1-411-HEAVENLY GUN,2005-08-01,2005-08-06,144,411
11773,1-411-HEAVENLY GUN,2005-08-17,2005-08-23,384,411
11354,1-411-HEAVENLY GUN,2005-08-02,2005-08-09,569,411
13065,1-411-HEAVENLY GUN,2005-08-19,2005-08-22,518,411
840,2-881-TEMPLE ATTRACTION,2005-05-30,2005-05-31,79,881
1247,2-881-TEMPLE ATTRACTION,2005-06-15,2005-06-23,287,881
6709,2-881-TEMPLE ATTRACTION,2005-07-12,2005-07-16,322,881
9766,2-881-TEMPLE ATTRACTION,2005-07-31,2005-08-01,570,881
14630,2-881-TEMPLE ATTRACTION,2005-08-21,2005-08-29,294,881
4039,2-881-TEMPLE ATTRACTION,2005-07-07,2005-07-12,290,881
10100,2-881-TEMPLE ATTRACTION,2005-07-31,2005-08-03,330,881
15396,2-881-TEMPLE ATTRACTION,2005-08-22,2005-08-28,319,881
8606,2-881-TEMPLE ATTRACTION,2005-07-29,2005-07-30,340,881
12816,2-881-TEMPLE ATTRACTION,2005-08-19,2005-08-24,342,881
9087,2-881-TEMPLE ATTRACTION,2005-07-30,2005-08-02,546,881
15590,2-881-TEMPLE ATTRACTION,2005-08-23,2005-09-01,599,881
843,1-479-JEDI BENEATH,2005-05-30,2005-05-31,313,479
3179,1-479-JEDI BENEATH,2005-06-20,2005-06-26,163,479
6444,1-479-JEDI BENEATH,2005-07-12,2005-07-18,168,479
11045,1-479-JEDI BENEATH,2005-08-02,2005-08-08,402,479
13070,1-479-JEDI BENEATH,2005-08-19,2005-08-24,235,479
2392,1-479-JEDI BENEATH,2005-06-18,2005-06-19,261,479
5190,1-479-JEDI BENEATH,2005-07-09,2005-07-18,532,479
7685,1-479-JEDI BENEATH,2005-07-28,2005-08-01,468,479
13684,1-479-JEDI BENEATH,2005-08-20,2005-08-25,348,479
3156,2-479-JEDI BENEATH,2005-06-20,2005-06-21,365,479
4041,2-479-JEDI BENEATH,2005-07-07,2005-07-09,445,479
11107,2-479-JEDI BENEATH,2005-08-02,2005-08-07,410,479
12654,2-479-JEDI BENEATH,2005-08-18,2005-08-20,438,479
5211,2-479-JEDI BENEATH,2005-07-09,2005-07-16,241,479
9626,2-479-JEDI BENEATH,2005-07-31,2005-08-08,546,479
13432,2-479-JEDI BENEATH,2005-08-19,2005-08-23,78,479
6237,2-479-JEDI BENEATH,2005-07-11,2005-07-15,166,479
8702,2-479-JEDI BENEATH,2005-07-29,2005-08-05,306,479
14515,2-479-JEDI BENEATH,2005-08-21,2005-08-27,242,479
845,1-436-HOURS RAGE,2005-05-30,2005-06-07,72,436
1303,1-436-HOURS RAGE,2005-06-15,2005-06-20,365,436
4211,1-436-HOURS RAGE,2005-07-07,2005-07-09,214,436
11155,1-436-HOURS RAGE,2005-08-02,2005-08-03,73,436
12602,1-436-HOURS RAGE,2005-08-18,2005-08-21,533,436
1550,2-436-HOURS RAGE,2005-06-16,2005-06-18,345,436
6045,2-436-HOURS RAGE,2005-07-11,2005-07-17,39,436
7246,2-436-HOURS RAGE,2005-07-27,2005-07-30,333,436
14194,2-436-HOURS RAGE,2005-08-21,2005-08-26,138,436
3404,2-436-HOURS RAGE,2005-06-21,2005-06-24,424,436
3889,2-436-HOURS RAGE,2005-07-06,2005-07-08,576,436
9795,2-436-HOURS RAGE,2005-07-31,2005-08-04,63,436
12809,2-436-HOURS RAGE,2005-08-19,2005-08-23,22,436
7939,2-436-HOURS RAGE,2005-07-28,2005-07-30,37,436
12977,2-436-HOURS RAGE,2005-08-19,2005-08-27,388,436
8283,1-436-HOURS RAGE,2005-07-29,2005-08-05,300,436
15213,1-436-HOURS RAGE,2005-08-22,2005-08-31,166,436
11455,1-436-HOURS RAGE,2005-08-02,2005-08-12,498,436
12425,1-436-HOURS RAGE,2005-08-18,2005-08-27,405,436
846,1-208-DARES PLUTO,2005-05-30,2005-06-01,49,208
3058,1-208-DARES PLUTO,2005-06-20,2005-06-28,137,208
5846,1-208-DARES PLUTO,2005-07-10,2005-07-12,233,208
9969,1-208-DARES PLUTO,2005-07-31,2005-08-05,151,208
11867,1-208-DARES PLUTO,2005-08-17,2005-08-21,434,208
7513,1-208-DARES PLUTO,2005-07-27,2005-08-03,411,208
12374,1-208-DARES PLUTO,2005-08-18,2005-08-26,74,208
7714,1-208-DARES PLUTO,2005-07-28,2005-08-02,70,208
11991,1-208-DARES PLUTO,2005-08-17,2005-08-25,361,208
849,1-529-LONELY ELEPHANT,2005-05-30,2005-06-07,449,529
1808,1-529-LONELY ELEPHANT,2005-06-16,2005-06-24,466,529
3976,1-529-LONELY ELEPHANT,2005-07-06,2005-07-07,329,529
9402,1-529-LONELY ELEPHANT,2005-07-30,2005-08-07,48,529
12481,1-529-LONELY ELEPHANT,2005-08-18,2005-08-21,218,529
903,1-529-LONELY ELEPHANT,2005-05-30,2005-06-03,197,529
2083,1-529-LONELY ELEPHANT,2005-06-17,2005-06-18,97,529
6397,1-529-LONELY ELEPHANT,2005-07-11,2005-07-13,287,529
9577,1-529-LONELY ELEPHANT,2005-07-31,2005-08-07,526,529
14573,1-529-LONELY ELEPHANT,2005-08-21,2005-08-23,240,529
4185,1-529-LONELY ELEPHANT,2005-07-07,2005-07-13,395,529
8923,1-529-LONELY ELEPHANT,2005-07-30,2005-08-03,446,529
12327,1-529-LONELY ELEPHANT,2005-08-18,2005-08-25,261,529
9318,1-529-LONELY ELEPHANT,2005-07-30,2005-08-06,314,529
14287,1-529-LONELY ELEPHANT,2005-08-21,2005-08-25,427,529
852,1-354-GHOST GROUNDHOG,2005-05-30,2005-06-01,549,354
2443,1-354-GHOST GROUNDHOG,2005-06-18,2005-06-24,233,354
4585,1-354-GHOST GROUNDHOG,2005-07-08,2005-07-17,143,354
7659,1-354-GHOST GROUNDHOG,2005-07-28,2005-08-02,584,354
11652,1-354-GHOST GROUNDHOG,2006-02-14,,597,354
1220,1-354-GHOST GROUNDHOG,2005-06-15,2005-06-23,290,354
3654,1-354-GHOST GROUNDHOG,2005-07-06,2005-07-12,528,354
9903,1-354-GHOST GROUNDHOG,2005-07-31,2005-08-08,316,354
14438,1-354-GHOST GROUNDHOG,2005-08-21,2005-08-28,392,354
2479,2-354-GHOST GROUNDHOG,2005-06-18,2005-06-22,408,354
5986,2-354-GHOST GROUNDHOG,2005-07-11,2005-07-13,171,354
8427,2-354-GHOST GROUNDHOG,2005-07-29,2005-07-30,441,354
13179,2-354-GHOST GROUNDHOG,2005-08-19,2005-08-25,104,354
2648,1-354-GHOST GROUNDHOG,2005-06-19,2005-06-21,31,354
5888,1-354-GHOST GROUNDHOG,2005-07-10,2005-07-18,268,354
8303,1-354-GHOST GROUNDHOG,2005-07-29,2005-08-04,574,354
15209,1-354-GHOST GROUNDHOG,2005-08-22,2005-08-25,588,354
2701,2-354-GHOST GROUNDHOG,2005-06-19,2005-06-28,29,354
5535,2-354-GHOST GROUNDHOG,2005-07-10,2005-07-12,394,354
7957,2-354-GHOST GROUNDHOG,2005-07-28,2005-08-05,78,354
13379,2-354-GHOST GROUNDHOG,2005-08-19,2005-08-22,227,354
854,2-204-DALMATIONS SWEDEN,2005-05-30,2005-06-01,369,204
2241,2-204-DALMATIONS SWEDEN,2005-06-18,2005-06-24,406,204
5449,2-204-DALMATIONS SWEDEN,2005-07-09,2005-07-18,261,204
7963,2-204-DALMATIONS SWEDEN,2005-07-28,2005-08-06,247,204
12250,2-204-DALMATIONS SWEDEN,2005-08-18,2005-08-22,1,204
1031,1-204-DALMATIONS SWEDEN,2005-05-31,2005-06-06,416,204
2081,1-204-DALMATIONS SWEDEN,2005-06-17,2005-06-26,253,204
5058,1-204-DALMATIONS SWEDEN,2005-07-09,2005-07-18,221,204
8693,1-204-DALMATIONS SWEDEN,2005-07-29,2005-08-01,51,204
11731,1-204-DALMATIONS SWEDEN,2005-08-17,2005-08-24,52,204
5653,1-204-DALMATIONS SWEDEN,2005-07-10,2005-07-16,28,204
7460,1-204-DALMATIONS SWEDEN,2005-07-27,2005-07-29,442,204
12511,1-204-DALMATIONS SWEDEN,2005-08-18,2005-08-22,447,204
5884,1-204-DALMATIONS SWEDEN,2005-07-10,2005-07-11,498,204
8862,1-204-DALMATIONS SWEDEN,2005-07-29,2005-08-04,21,204
13100,1-204-DALMATIONS SWEDEN,2005-08-19,2005-08-25,451,204
8742,1-204-DALMATIONS SWEDEN,2005-07-29,2005-08-03,208,204
14750,1-204-DALMATIONS SWEDEN,2005-08-21,2005-08-30,303,204
9671,2-204-DALMATIONS SWEDEN,2005-07-31,2005-08-02,133,204
14017,2-204-DALMATIONS SWEDEN,2005-08-20,2005-08-23,230,204
859,2-665-PATTON INTERVIEW,2005-05-30,2005-06-02,79,665
2568,2-665-PATTON INTERVIEW,2005-06-19,2005-06-24,190,665
4015,2-665-PATTON INTERVIEW,2005-07-07,2005-07-14,233,665
11300,2-665-PATTON INTERVIEW,2005-08-02,2005-08-11,552,665
13573,2-665-PATTON INTERVIEW,2005-08-20,2005-08-22,59,665
1856,2-665-PATTON INTERVIEW,2005-06-17,2005-06-19,161,665
5005,2-665-PATTON INTERVIEW,2005-07-09,2005-07-14,451,665
10473,2-665-PATTON INTERVIEW,2005-08-01,2005-08-10,329,665
14701,2-665-PATTON INTERVIEW,2005-08-21,2005-08-30,34,665
3335,2-665-PATTON INTERVIEW,2005-06-21,2005-06-27,339,665
5381,2-665-PATTON INTERVIEW,2005-07-09,2005-07-13,332,665
9801,2-665-PATTON INTERVIEW,2005-07-31,2005-08-04,158,665
15528,2-665-PATTON INTERVIEW,2005-08-23,2005-08-25,114,665
4149,1-665-PATTON INTERVIEW,2005-07-07,2005-07-10,50,665
9454,1-665-PATTON INTERVIEW,2005-07-30,2005-08-04,81,665
15662,1-665-PATTON INTERVIEW,2005-08-23,2005-08-24,223,665
5626,1-665-PATTON INTERVIEW,2005-07-10,2005-07-15,389,665
7418,1-665-PATTON INTERVIEW,2005-07-27,2005-07-29,332,665
12493,1-665-PATTON INTERVIEW,2005-08-18,2005-08-27,487,665
8727,1-665-PATTON INTERVIEW,2005-07-29,2005-08-03,528,665
13406,1-665-PATTON INTERVIEW,2005-08-19,2005-08-22,113,665
8915,1-665-PATTON INTERVIEW,2005-07-30,2005-08-04,42,665
13850,1-665-PATTON INTERVIEW,2005-08-20,2005-08-27,546,665
860,2-126-CASUALTIES ENCINO,2005-05-30,2005-06-08,276,126
3352,2-126-CASUALTIES ENCINO,2005-06-21,2005-06-28,510,126
3738,2-126-CASUALTIES ENCINO,2005-07-06,2005-07-09,546,126
9414,2-126-CASUALTIES ENCINO,2005-07-30,2005-08-07,484,126
13260,2-126-CASUALTIES ENCINO,2005-08-19,2005-08-24,251,126
7503,2-126-CASUALTIES ENCINO,2005-07-27,2005-08-05,3,126
14512,2-126-CASUALTIES ENCINO,2005-08-21,2005-08-24,51,126
9387,2-126-CASUALTIES ENCINO,2005-07-30,2005-08-07,495,126
13782,2-126-CASUALTIES ENCINO,2005-08-20,2005-08-23,305,126
861,1-812-SMOKING BARBARELLA,2005-05-30,2005-06-06,502,812
1570,1-812-SMOKING BARBARELLA,2005-06-16,2005-06-22,82,812
4609,1-812-SMOKING BARBARELLA,2005-07-08,2005-07-10,573,812
7310,1-812-SMOKING BARBARELLA,2005-07-27,2005-07-28,103,812
12729,1-812-SMOKING BARBARELLA,2005-08-18,2005-08-21,424,812
3192,2-812-SMOKING BARBARELLA,2005-06-20,2005-06-24,11,812
5600,2-812-SMOKING BARBARELLA,2005-07-10,2005-07-18,138,812
9731,2-812-SMOKING BARBARELLA,2005-07-31,2005-08-05,349,812
11830,2-812-SMOKING BARBARELLA,2005-08-17,2005-08-25,522,812
5502,1-812-SMOKING BARBARELLA,2005-07-10,2005-07-11,243,812
10720,1-812-SMOKING BARBARELLA,2005-08-01,2005-08-06,326,812
13086,1-812-SMOKING BARBARELLA,2005-08-19,2005-08-26,350,812
8255,2-812-SMOKING BARBARELLA,2005-07-29,2005-08-01,224,812
13968,2-812-SMOKING BARBARELLA,2006-02-14,,15,812
8506,2-812-SMOKING BARBARELLA,2005-07-29,2005-07-31,506,812
14484,2-812-SMOKING BARBARELLA,2005-08-21,2005-08-23,418,812
8700,1-812-SMOKING BARBARELLA,2005-07-29,2005-07-31,196,812
14936,1-812-SMOKING BARBARELLA,2005-08-22,2005-08-29,241,812
862,2-264-DWARFS ALTER,2005-05-30,2005-06-03,328,264
2463,2-264-DWARFS ALTER,2005-06-18,2005-06-25,194,264
5247,2-264-DWARFS ALTER,2005-07-09,2005-07-12,298,264
10197,2-264-DWARFS ALTER,2005-08-01,2005-08-07,127,264
14933,2-264-DWARFS ALTER,2006-02-14,,21,264
1635,2-264-DWARFS ALTER,2005-06-16,2005-06-25,566,264
5912,2-264-DWARFS ALTER,2005-07-10,2005-07-17,351,264
8124,2-264-DWARFS ALTER,2005-07-28,2005-07-31,357,264
12781,2-264-DWARFS ALTER,2005-08-18,2005-08-21,168,264
865,1-698-PRINCESS GIANT,2005-05-30,2005-06-07,154,698
2620,1-698-PRINCESS GIANT,2005-06-19,2005-06-24,94,698
6083,1-698-PRINCESS GIANT,2005-07-11,2005-07-15,285,698
10081,1-698-PRINCESS GIANT,2005-07-31,2005-08-06,443,698
14274,1-698-PRINCESS GIANT,2005-08-21,2005-08-26,405,698
1007,2-698-PRINCESS GIANT,2005-05-31,2005-06-07,24,698
1932,2-698-PRINCESS GIANT,2005-06-17,2005-06-19,120,698
6289,2-698-PRINCESS GIANT,2005-07-11,2005-07-12,99,698
11079,2-698-PRINCESS GIANT,2005-08-02,2005-08-07,29,698
14774,2-698-PRINCESS GIANT,2005-08-21,2005-08-26,252,698
1130,2-698-PRINCESS GIANT,2005-05-31,2005-06-06,124,698
1981,2-698-PRINCESS GIANT,2005-06-17,2005-06-20,526,698
4217,2-698-PRINCESS GIANT,2005-07-07,2005-07-11,228,698
7077,2-698-PRINCESS GIANT,2005-07-27,2005-07-31,155,698
14445,2-698-PRINCESS GIANT,2005-08-21,2005-08-22,256,698
1236,1-698-PRINCESS GIANT,2005-06-15,2005-06-18,66,698
5496,1-698-PRINCESS GIANT,2005-07-10,2005-07-18,369,698
7819,1-698-PRINCESS GIANT,2005-07-28,2005-08-02,100,698
13884,1-698-PRINCESS GIANT,2005-08-20,2005-08-26,466,698
1405,2-698-PRINCESS GIANT,2005-06-15,2005-06-21,243,698
4601,2-698-PRINCESS GIANT,2005-07-08,2005-07-09,572,698
7374,2-698-PRINCESS GIANT,2005-07-27,2005-08-05,438,698
14077,2-698-PRINCESS GIANT,2005-08-20,2005-08-29,21,698
8167,1-698-PRINCESS GIANT,2005-07-28,2005-08-04,311,698
12610,1-698-PRINCESS GIANT,2006-02-14,,269,698
10388,1-698-PRINCESS GIANT,2005-08-01,2005-08-09,99,698
13656,1-698-PRINCESS GIANT,2005-08-20,2005-08-28,411,698
868,1-788-SHIP WONDERLAND,2005-05-30,2005-05-31,28,788
2405,1-788-SHIP WONDERLAND,2005-06-18,2005-06-21,356,788
5562,1-788-SHIP WONDERLAND,2005-07-10,2005-07-12,300,788
9012,1-788-SHIP WONDERLAND,2005-07-30,2005-08-06,494,788
12387,1-788-SHIP WONDERLAND,2005-08-18,2005-08-21,530,788
1674,2-788-SHIP WONDERLAND,2005-06-16,2005-06-18,234,788
3650,2-788-SHIP WONDERLAND,2005-07-06,2005-07-08,482,788
10096,2-788-SHIP WONDERLAND,2005-07-31,2005-08-06,290,788
14829,2-788-SHIP WONDERLAND,2005-08-22,2005-08-23,546,788
4009,2-788-SHIP WONDERLAND,2005-07-07,2005-07-10,394,788
9152,2-788-SHIP WONDERLAND,2005-07-30,2005-07-31,595,788
11712,2-788-SHIP WONDERLAND,2005-08-17,2005-08-21,203,788
4470,1-788-SHIP WONDERLAND,2005-07-08,2005-07-10,145,788
6928,1-788-SHIP WONDERLAND,2005-07-26,2005-07-30,487,788
12394,1-788-SHIP WONDERLAND,2005-08-18,2005-08-23,330,788
871,2-999-ZOOLANDER FICTION,2005-05-30,2005-06-04,303,999
2258,2-999-ZOOLANDER FICTION,2005-06-18,2005-06-24,292,999
6192,2-999-ZOOLANDER FICTION,2005-07-11,2005-07-19,314,999
9942,2-999-ZOOLANDER FICTION,2005-07-31,2005-08-07,545,999
15659,2-999-ZOOLANDER FICTION,2005-08-23,2005-08-27,131,999
2801,2-999-ZOOLANDER FICTION,2005-06-19,2005-06-20,29,999
5091,2-999-ZOOLANDER FICTION,2005-07-09,2005-07-10,149,999
6973,2-999-ZOOLANDER FICTION,2005-07-27,2005-07-29,564,999
15247,2-999-ZOOLANDER FICTION,2005-08-22,2005-08-31,250,999
3734,1-999-ZOOLANDER FICTION,2005-07-06,2005-07-14,37,999
8355,1-999-ZOOLANDER FICTION,2005-07-29,2005-08-03,270,999
13367,1-999-ZOOLANDER FICTION,2005-08-19,2005-08-24,290,999
5273,1-999-ZOOLANDER FICTION,2005-07-09,2005-07-14,38,999
10442,1-999-ZOOLANDER FICTION,2005-08-01,2005-08-05,40,999
14743,1-999-ZOOLANDER FICTION,2005-08-21,2005-08-29,2,999
10233,2-999-ZOOLANDER FICTION,2005-08-01,2005-08-10,459,999
11746,2-999-ZOOLANDER FICTION,2005-08-17,2005-08-25,299,999
873,2-998-ZHIVAGO CORE,2005-05-30,2005-06-07,375,998
2280,2-998-ZHIVAGO CORE,2005-06-18,2005-06-26,548,998
6561,2-998-ZHIVAGO CORE,2005-07-12,2005-07-16,528,998
10915,2-998-ZHIVAGO CORE,2005-08-02,2005-08-10,418,998
11739,2-998-ZHIVAGO CORE,2006-02-14,,373,998
1884,2-998-ZHIVAGO CORE,2005-06-17,2005-06-21,305,998
4221,2-998-ZHIVAGO CORE,2005-07-07,2005-07-12,143,998
7361,2-998-ZHIVAGO CORE,2005-07-27,2005-07-31,463,998
13934,2-998-ZHIVAGO CORE,2005-08-20,2005-08-26,457,998
877,1-196-CRUELTY UNFORGIVEN,2005-05-30,2005-06-02,9,196
3028,1-196-CRUELTY UNFORGIVEN,2005-06-20,2005-06-21,264,196
5366,1-196-CRUELTY UNFORGIVEN,2005-07-09,2005-07-13,187,196
8973,1-196-CRUELTY UNFORGIVEN,2005-07-30,2005-08-07,282,196
15500,1-196-CRUELTY UNFORGIVEN,2005-08-23,2005-08-27,74,196
10318,1-196-CRUELTY UNFORGIVEN,2005-08-01,2005-08-04,548,196
14348,1-196-CRUELTY UNFORGIVEN,2005-08-21,2005-08-24,496,196
878,1-928-UPTOWN YOUNG,2005-05-30,2005-06-07,323,928
2016,1-928-UPTOWN YOUNG,2005-06-17,2005-06-20,282,928
5659,1-928-UPTOWN YOUNG,2005-07-10,2005-07-15,9,928
8127,1-928-UPTOWN YOUNG,2005-07-28,2005-07-31,20,928
14513,1-928-UPTOWN YOUNG,2005-08-21,2005-08-24,185,928
3313,1-928-UPTOWN YOUNG,2005-06-21,2005-06-23,213,928
6455,1-928-UPTOWN YOUNG,2005-07-12,2005-07-16,277,928
8343,1-928-UPTOWN YOUNG,2005-07-29,2005-08-02,439,928
12550,1-928-UPTOWN YOUNG,2005-08-18,2005-08-19,138,928
6618,1-928-UPTOWN YOUNG,2005-07-12,2005-07-14,327,928
9522,1-928-UPTOWN YOUNG,2005-07-31,2005-08-03,294,928
11517,1-928-UPTOWN YOUNG,2005-08-16,2005-08-21,280,928
882,2-841-STAR OPERATION,2005-05-30,2005-06-02,477,841
1240,2-841-STAR OPERATION,2005-06-15,2005-06-17,28,841
4232,2-841-STAR OPERATION,2005-07-07,2005-07-15,347,841
10916,2-841-STAR OPERATION,2005-08-02,2005-08-06,25,841
14613,2-841-STAR OPERATION,2005-08-21,2005-08-26,20,841
3580,1-841-STAR OPERATION,2005-07-06,2005-07-13,200,841
7019,1-841-STAR OPERATION,2005-07-27,2005-08-02,491,841
13451,1-841-STAR OPERATION,2005-08-20,2005-08-29,6,841
4310,2-841-STAR OPERATION,2005-07-07,2005-07-12,390,841
10262,2-841-STAR OPERATION,2005-08-01,2005-08-08,181,841
14559,2-841-STAR OPERATION,2005-08-21,2005-08-30,433,841
5825,2-841-STAR OPERATION,2005-07-10,2005-07-11,444,841
6982,2-841-STAR OPERATION,2005-07-27,2005-07-31,284,841
11975,2-841-STAR OPERATION,2005-08-17,2005-08-20,458,841
6750,1-841-STAR OPERATION,2005-07-12,2005-07-18,459,841
8279,1-841-STAR OPERATION,2005-07-29,2005-08-03,176,841
15645,1-841-STAR OPERATION,2006-02-14,,214,841
8078,1-841-STAR OPERATION,2005-07-28,2005-07-30,407,841
14717,1-841-STAR OPERATION,2005-08-21,2005-08-26,366,841
9827,2-841-STAR OPERATION,2005-07-31,2005-08-09,329,841
14846,2-841-STAR OPERATION,2005-08-22,2005-08-30,309,841
884,1-889-TIES HUNGER,2005-05-30,2005-05-31,17,889
3226,1-889-TIES HUNGER,2005-06-21,2005-06-26,576,889
5241,1-889-TIES HUNGER,2005-07-09,2005-07-11,314,889
8920,1-889-TIES HUNGER,2005-07-30,2005-08-02,78,889
15059,1-889-TIES HUNGER,2005-08-22,2005-08-29,564,889
2480,1-889-TIES HUNGER,2005-06-18,2005-06-22,310,889
4655,1-889-TIES HUNGER,2005-07-08,2005-07-15,213,889
10102,1-889-TIES HUNGER,2005-07-31,2005-08-08,170,889
14611,1-889-TIES HUNGER,2005-08-21,2005-08-26,443,889
11479,1-889-TIES HUNGER,2005-08-02,2005-08-12,237,889
15849,1-889-TIES HUNGER,2005-08-23,2005-08-27,482,889
887,1-598-MOSQUITO ARMAGEDDON,2005-05-30,2005-06-01,16,598
3290,1-598-MOSQUITO ARMAGEDDON,2005-06-21,2005-06-28,293,598
5902,1-598-MOSQUITO ARMAGEDDON,2005-07-10,2005-07-11,228,598
11440,1-598-MOSQUITO ARMAGEDDON,2005-08-02,2005-08-07,306,598
13941,1-598-MOSQUITO ARMAGEDDON,2006-02-14,,476,598
1153,1-598-MOSQUITO ARMAGEDDON,2005-05-31,2005-06-10,506,598
3202,1-598-MOSQUITO ARMAGEDDON,2005-06-21,2005-06-24,273,598
4401,1-598-MOSQUITO ARMAGEDDON,2005-07-07,2005-07-12,405,598
10055,1-598-MOSQUITO ARMAGEDDON,2005-07-31,2005-08-05,336,598
11905,1-598-MOSQUITO ARMAGEDDON,2005-08-17,2005-08-26,349,598
3585,1-598-MOSQUITO ARMAGEDDON,2005-07-06,2005-07-09,266,598
7734,1-598-MOSQUITO ARMAGEDDON,2005-07-28,2005-07-30,135,598
15235,1-598-MOSQUITO ARMAGEDDON,2005-08-22,2005-08-29,416,598
9815,1-598-MOSQUITO ARMAGEDDON,2005-07-31,2005-08-08,540,598
13369,1-598-MOSQUITO ARMAGEDDON,2005-08-19,2005-08-24,116,598
889,2-286-ENOUGH RAGING,2005-05-30,2005-05-31,114,286
1223,2-286-ENOUGH RAGING,2005-06-15,2005-06-20,50,286
3669,2-286-ENOUGH RAGING,2005-07-06,2005-07-10,530,286
9877,2-286-ENOUGH RAGING,2005-07-31,2005-08-06,559,286
11930,2-286-ENOUGH RAGING,2005-08-17,2005-08-25,5,286
1386,1-286-ENOUGH RAGING,2005-06-15,2005-06-20,322,286
5827,1-286-ENOUGH RAGING,2005-07-10,2005-07-15,290,286
8277,1-286-ENOUGH RAGING,2005-07-29,2005-08-04,13,286
13497,1-286-ENOUGH RAGING,2005-08-20,2005-08-26,481,286
3010,2-286-ENOUGH RAGING,2005-06-20,2005-06-27,567,286
5510,2-286-ENOUGH RAGING,2005-07-10,2005-07-17,67,286
9395,2-286-ENOUGH RAGING,2005-07-30,2005-08-08,306,286
15492,2-286-ENOUGH RAGING,2005-08-23,2005-08-26,520,286
3540,1-286-ENOUGH RAGING,2005-07-06,2005-07-08,97,286
10338,1-286-ENOUGH RAGING,2005-08-01,2005-08-09,339,286
11757,1-286-ENOUGH RAGING,2006-02-14,,550,286
10198,2-286-ENOUGH RAGING,2005-08-01,2005-08-07,366,286
13449,2-286-ENOUGH RAGING,2005-08-20,2005-08-23,400,286
890,2-320-FLAMINGOS CONNECTICUT,2005-05-30,2005-06-01,349,320
1959,2-320-FLAMINGOS CONNECTICUT,2005-06-17,2005-06-20,554,320
6662,2-320-FLAMINGOS CONNECTICUT,2005-07-12,2005-07-13,99,320
7501,2-320-FLAMINGOS CONNECTICUT,2005-07-27,2005-08-04,587,320
13801,2-320-FLAMINGOS CONNECTICUT,2005-08-20,2005-08-21,433,320
2544,2-320-FLAMINGOS CONNECTICUT,2005-06-19,2005-06-22,558,320
6367,2-320-FLAMINGOS CONNECTICUT,2005-07-11,2005-07-15,357,320
10714,2-320-FLAMINGOS CONNECTICUT,2005-08-01,2005-08-04,64,320
14658,2-320-FLAMINGOS CONNECTICUT,2005-08-21,2005-08-25,473,320
5685,2-320-FLAMINGOS CONNECTICUT,2005-07-10,2005-07-17,170,320
10213,2-320-FLAMINGOS CONNECTICUT,2005-08-01,2005-08-09,106,320
13384,2-320-FLAMINGOS CONNECTICUT,2005-08-19,2005-08-23,440,320
5890,2-320-FLAMINGOS CONNECTICUT,2005-07-10,2005-07-18,535,320
11230,2-320-FLAMINGOS CONNECTICUT,2005-08-02,2005-08-04,257,320
13146,2-320-FLAMINGOS CONNECTICUT,2005-08-19,2005-08-26,116,320
6255,1-320-FLAMINGOS CONNECTICUT,2005-07-11,2005-07-15,319,320
9746,1-320-FLAMINGOS CONNECTICUT,2005-07-31,2005-08-07,308,320
13819,1-320-FLAMINGOS CONNECTICUT,2005-08-20,2005-08-22,296,320
6754,1-320-FLAMINGOS CONNECTICUT,2005-07-12,2005-07-14,114,320
7001,1-320-FLAMINGOS CONNECTICUT,2005-07-27,2005-07-31,240,320
13611,1-320-FLAMINGOS CONNECTICUT,2005-08-20,2005-08-28,112,320
9850,1-320-FLAMINGOS CONNECTICUT,2005-07-31,2005-08-04,497,320
15291,1-320-FLAMINGOS CONNECTICUT,2005-08-22,2005-08-26,494,320
893,2-717-REAR TRADING,2005-05-30,2005-06-07,502,717
1738,2-717-REAR TRADING,2005-06-16,2005-06-20,177,717
5948,2-717-REAR TRADING,2005-07-10,2005-07-18,57,717
11160,2-717-REAR TRADING,2005-08-02,2005-08-07,436,717
15351,2-717-REAR TRADING,2005-08-22,2005-08-23,154,717
1137,1-717-REAR TRADING,2005-05-31,2005-06-07,351,717
2263,1-717-REAR TRADING,2005-06-18,2005-06-20,452,717
5735,1-717-REAR TRADING,2005-07-10,2005-07-19,65,717
9808,1-717-REAR TRADING,2005-07-31,2005-08-07,583,717
12539,1-717-REAR TRADING,2005-08-18,2005-08-19,136,717
2727,2-717-REAR TRADING,2005-06-19,2005-06-28,129,717
3684,2-717-REAR TRADING,2005-07-06,2005-07-12,395,717
8545,2-717-REAR TRADING,2005-07-29,2005-08-06,3,717
15259,2-717-REAR TRADING,2005-08-22,2005-08-27,488,717
6200,1-717-REAR TRADING,2005-07-11,2005-07-17,137,717
9949,1-717-REAR TRADING,2005-07-31,2005-08-01,309,717
12020,1-717-REAR TRADING,2005-08-17,2005-08-25,72,717
896,1-619-NEIGHBORS CHARADE,2005-05-30,2005-06-05,207,619
3054,1-619-NEIGHBORS CHARADE,2005-06-20,2005-06-28,322,619
6684,1-619-NEIGHBORS CHARADE,2005-07-12,2005-07-21,583,619
8291,1-619-NEIGHBORS CHARADE,2005-07-29,2005-08-03,455,619
14765,1-619-NEIGHBORS CHARADE,2005-08-21,2005-08-25,435,619
1202,2-619-NEIGHBORS CHARADE,2005-06-15,2005-06-16,451,619
3671,2-619-NEIGHBORS CHARADE,2005-07-06,2005-07-15,179,619
7076,2-619-NEIGHBORS CHARADE,2005-07-27,2005-08-05,333,619
14476,2-619-NEIGHBORS CHARADE,2005-08-21,2005-08-23,101,619
5883,2-619-NEIGHBORS CHARADE,2005-07-10,2005-07-16,17,619
7887,2-619-NEIGHBORS CHARADE,2005-07-28,2005-08-02,253,619
12832,2-619-NEIGHBORS CHARADE,2005-08-19,2005-08-24,563,619
6033,2-619-NEIGHBORS CHARADE,2005-07-11,2005-07-16,322,619
10306,2-619-NEIGHBORS CHARADE,2005-08-01,2005-08-09,541,619
11729,2-619-NEIGHBORS CHARADE,2005-08-17,2005-08-22,215,619
8069,2-619-NEIGHBORS CHARADE,2005-07-28,2005-07-30,178,619
13680,2-619-NEIGHBORS CHARADE,2005-08-20,2005-08-27,70,619
9775,1-619-NEIGHBORS CHARADE,2005-07-31,2005-08-01,162,619
14322,1-619-NEIGHBORS CHARADE,2005-08-21,2005-08-29,221,619
897,2-294-EXPECATIONS NATURAL,2005-05-30,2005-06-08,432,294
1417,2-294-EXPECATIONS NATURAL,2005-06-15,2005-06-19,570,294
6084,2-294-EXPECATIONS NATURAL,2005-07-11,2005-07-19,479,294
6933,2-294-EXPECATIONS NATURAL,2005-07-26,2005-07-31,385,294
13506,2-294-EXPECATIONS NATURAL,2005-08-20,2005-08-26,261,294
2869,1-294-EXPECATIONS NATURAL,2005-06-20,2005-06-24,155,294
6745,1-294-EXPECATIONS NATURAL,2005-07-12,2005-07-13,524,294
7333,1-294-EXPECATIONS NATURAL,2005-07-27,2005-07-30,230,294
15034,1-294-EXPECATIONS NATURAL,2005-08-22,2005-08-29,235,294
3277,1-294-EXPECATIONS NATURAL,2005-06-21,2005-06-29,229,294
6163,1-294-EXPECATIONS NATURAL,2005-07-11,2005-07-19,1,294
7190,1-294-EXPECATIONS NATURAL,2005-07-27,2005-07-30,372,294
13730,1-294-EXPECATIONS NATURAL,2005-08-20,2005-08-28,548,294
4335,2-294-EXPECATIONS NATURAL,2005-07-07,2005-07-11,375,294
8509,2-294-EXPECATIONS NATURAL,2005-07-29,2005-08-04,80,294
12516,2-294-EXPECATIONS NATURAL,2005-08-18,2005-08-20,302,294
11170,2-294-EXPECATIONS NATURAL,2005-08-02,2005-08-08,547,294
12350,2-294-EXPECATIONS NATURAL,2005-08-18,2005-08-21,172,294
898,1-766-SAVANNAH TOWN,2005-05-30,2005-06-01,384,766
2363,1-766-SAVANNAH TOWN,2005-06-18,2005-06-19,1,766
4814,1-766-SAVANNAH TOWN,2005-07-08,2005-07-17,244,766
9740,1-766-SAVANNAH TOWN,2005-07-31,2005-08-06,443,766
14947,1-766-SAVANNAH TOWN,2005-08-22,2005-08-28,68,766
2664,1-766-SAVANNAH TOWN,2005-06-19,2005-06-28,299,766
5207,1-766-SAVANNAH TOWN,2005-07-09,2005-07-17,59,766
7450,1-766-SAVANNAH TOWN,2005-07-27,2005-08-04,191,766
14527,1-766-SAVANNAH TOWN,2005-08-21,2005-08-23,232,766
5136,1-766-SAVANNAH TOWN,2005-07-09,2005-07-11,395,766
8873,1-766-SAVANNAH TOWN,2005-07-30,2005-08-04,91,766
12960,1-766-SAVANNAH TOWN,2005-08-19,2005-08-25,152,766
906,2-406-HAUNTING PIANIST,2005-05-30,2005-06-07,549,406
1459,2-406-HAUNTING PIANIST,2005-06-15,2005-06-22,218,406
5227,2-406-HAUNTING PIANIST,2005-07-09,2005-07-18,362,406
7066,2-406-HAUNTING PIANIST,2005-07-27,2005-08-05,185,406
14174,2-406-HAUNTING PIANIST,2005-08-21,2005-08-22,29,406
915,1-406-HAUNTING PIANIST,2005-05-30,2005-06-02,115,406
2856,1-406-HAUNTING PIANIST,2005-06-19,2005-06-23,210,406
6061,1-406-HAUNTING PIANIST,2005-07-11,2005-07-11,392,406
8211,1-406-HAUNTING PIANIST,2005-07-28,2005-08-04,193,406
15861,1-406-HAUNTING PIANIST,2005-08-23,2005-09-01,256,406
2201,2-406-HAUNTING PIANIST,2005-06-18,2005-06-23,489,406
4505,2-406-HAUNTING PIANIST,2005-07-08,2005-07-14,481,406
8050,2-406-HAUNTING PIANIST,2005-07-28,2005-08-02,488,406
13615,2-406-HAUNTING PIANIST,2005-08-20,2005-08-27,539,406
2256,2-406-HAUNTING PIANIST,2005-06-18,2005-06-27,93,406
6814,2-406-HAUNTING PIANIST,2005-07-12,2005-07-18,579,406
7744,2-406-HAUNTING PIANIST,2005-07-28,2005-07-31,288,406
15496,2-406-HAUNTING PIANIST,2005-08-23,2005-08-31,275,406
8983,2-406-HAUNTING PIANIST,2005-07-30,2005-07-31,144,406
13335,2-406-HAUNTING PIANIST,2005-08-19,2005-08-24,74,406
11131,1-406-HAUNTING PIANIST,2005-08-02,2005-08-08,293,406
11516,1-406-HAUNTING PIANIST,2005-08-16,2005-08-17,90,406
908,1-968-WEREWOLF LOLA,2005-05-30,2005-06-03,85,968
2092,1-968-WEREWOLF LOLA,2005-06-17,2005-06-25,556,968
4420,1-968-WEREWOLF LOLA,2005-07-07,2005-07-12,346,968
9419,1-968-WEREWOLF LOLA,2005-07-30,2005-08-06,142,968
14725,1-968-WEREWOLF LOLA,2005-08-21,2005-08-23,403,968
957,1-968-WEREWOLF LOLA,2005-05-30,2005-06-03,440,968
1916,1-968-WEREWOLF LOLA,2005-06-17,2005-06-26,429,968
5395,1-968-WEREWOLF LOLA,2005-07-09,2005-07-10,131,968
8004,1-968-WEREWOLF LOLA,2005-07-28,2005-07-30,393,968
15972,1-968-WEREWOLF LOLA,2005-08-23,2005-08-30,25,968
1342,1-968-WEREWOLF LOLA,2005-06-15,2005-06-22,427,968
5368,1-968-WEREWOLF LOLA,2005-07-09,2005-07-16,502,968
10948,1-968-WEREWOLF LOLA,2005-08-02,2005-08-05,220,968
12504,1-968-WEREWOLF LOLA,2005-08-18,2005-08-24,44,968
909,1-827-SPICE SORORITY,2005-05-30,2005-06-08,486,827
2750,1-827-SPICE SORORITY,2005-06-19,2005-06-20,197,827
4530,1-827-SPICE SORORITY,2005-07-08,2005-07-11,79,827
9004,1-827-SPICE SORORITY,2005-07-30,2005-07-31,178,827
14865,1-827-SPICE SORORITY,2005-08-22,2005-08-23,94,827
2015,1-827-SPICE SORORITY,2005-06-17,2005-06-18,484,827
3613,1-827-SPICE SORORITY,2005-07-06,2005-07-07,331,827
11035,1-827-SPICE SORORITY,2005-08-02,2005-08-08,305,827
14696,1-827-SPICE SORORITY,2005-08-21,2005-08-25,435,827
2872,2-827-SPICE SORORITY,2005-06-20,2005-06-26,240,827
5577,2-827-SPICE SORORITY,2005-07-10,2005-07-14,266,827
7347,2-827-SPICE SORORITY,2005-07-27,2005-07-31,225,827
15513,2-827-SPICE SORORITY,2005-08-23,2005-08-24,147,827
6472,2-827-SPICE SORORITY,2005-07-12,2005-07-15,183,827
9229,2-827-SPICE SORORITY,2005-07-30,2005-08-08,276,827
12054,2-827-SPICE SORORITY,2005-08-17,2005-08-23,53,827
9761,2-827-SPICE SORORITY,2005-07-31,2005-08-03,60,827
12482,2-827-SPICE SORORITY,2005-08-18,2005-08-26,247,827
11220,2-827-SPICE SORORITY,2005-08-02,2005-08-05,84,827
12368,2-827-SPICE SORORITY,2005-08-18,2005-08-25,392,827
912,2-703-PUNK DIVORCE,2005-05-30,2005-05-31,390,703
1858,2-703-PUNK DIVORCE,2005-06-17,2005-06-18,99,703
4019,2-703-PUNK DIVORCE,2005-07-07,2005-07-10,294,703
9677,2-703-PUNK DIVORCE,2005-07-31,2005-08-01,274,703
13920,2-703-PUNK DIVORCE,2005-08-20,2005-08-27,460,703
4939,2-703-PUNK DIVORCE,2005-07-08,2005-07-17,425,703
7132,2-703-PUNK DIVORCE,2005-07-27,2005-08-05,227,703
12649,2-703-PUNK DIVORCE,2005-08-18,2005-08-22,530,703
913,2-706-QUEEN LUKE,2005-05-30,2005-06-07,369,706
2515,2-706-QUEEN LUKE,2005-06-18,2005-06-22,188,706
5478,2-706-QUEEN LUKE,2005-07-09,2005-07-15,583,706
9674,2-706-QUEEN LUKE,2005-07-31,2005-08-06,297,706
12300,2-706-QUEEN LUKE,2005-08-18,2005-08-25,540,706
1566,2-706-QUEEN LUKE,2005-06-16,2005-06-24,174,706
4339,2-706-QUEEN LUKE,2005-07-07,2005-07-08,130,706
10740,2-706-QUEEN LUKE,2005-08-01,2005-08-07,144,706
14495,2-706-QUEEN LUKE,2005-08-21,2005-08-22,429,706
3044,2-706-QUEEN LUKE,2005-06-20,2005-06-25,424,706
3891,2-706-QUEEN LUKE,2005-07-06,2005-07-09,553,706
10530,2-706-QUEEN LUKE,2005-08-01,2005-08-06,520,706
13589,2-706-QUEEN LUKE,2005-08-20,2005-08-23,574,706
3380,1-706-QUEEN LUKE,2005-06-21,2005-06-30,483,706
4898,1-706-QUEEN LUKE,2005-07-08,2005-07-15,218,706
10461,1-706-QUEEN LUKE,2005-08-01,2005-08-09,270,706
13106,1-706-QUEEN LUKE,2006-02-14,,440,706
6844,1-706-QUEEN LUKE,2005-07-12,2005-07-18,482,706
8565,1-706-QUEEN LUKE,2005-07-29,2005-08-06,280,706
12435,1-706-QUEEN LUKE,2005-08-18,2005-08-26,160,706
9197,2-706-QUEEN LUKE,2005-07-30,2005-08-03,168,706
13475,2-706-QUEEN LUKE,2005-08-20,2005-08-20,68,706
918,1-178-CONNECTION MICROCOSMOS,2005-05-30,2005-05-31,197,178
3053,1-178-CONNECTION MICROCOSMOS,2005-06-20,2005-06-25,329,178
4303,1-178-CONNECTION MICROCOSMOS,2005-07-07,2005-07-14,108,178
9509,1-178-CONNECTION MICROCOSMOS,2005-07-31,2005-08-03,320,178
14068,1-178-CONNECTION MICROCOSMOS,2005-08-20,2005-08-29,412,178
7922,1-178-CONNECTION MICROCOSMOS,2005-07-28,2005-08-02,125,178
11593,1-178-CONNECTION MICROCOSMOS,2006-02-14,,99,178
919,1-882-TENENBAUMS COMMAND,2005-05-30,2005-06-02,374,882
2767,1-882-TENENBAUMS COMMAND,2005-06-19,2005-06-24,596,882
5769,1-882-TENENBAUMS COMMAND,2005-07-10,2005-07-11,141,882
7808,1-882-TENENBAUMS COMMAND,2005-07-28,2005-08-02,327,882
11807,1-882-TENENBAUMS COMMAND,2005-08-17,2005-08-21,201,882
4003,1-882-TENENBAUMS COMMAND,2005-07-07,2005-07-08,8,882
8708,1-882-TENENBAUMS COMMAND,2005-07-29,2005-08-04,529,882
12868,1-882-TENENBAUMS COMMAND,2005-08-19,2005-08-20,551,882
6280,1-882-TENENBAUMS COMMAND,2005-07-11,2005-07-13,33,882
8130,1-882-TENENBAUMS COMMAND,2005-07-28,2005-08-05,499,882
15349,1-882-TENENBAUMS COMMAND,2005-08-22,2005-08-23,587,882
7853,1-882-TENENBAUMS COMMAND,2005-07-28,2005-07-29,318,882
12263,1-882-TENENBAUMS COMMAND,2005-08-18,2005-08-21,131,882
920,1-845-STEPMOM DREAM,2005-05-30,2005-06-02,584,845
3070,1-845-STEPMOM DREAM,2005-06-20,2005-06-25,543,845
6586,1-845-STEPMOM DREAM,2005-07-12,2005-07-17,93,845
7383,1-845-STEPMOM DREAM,2005-07-27,2005-08-03,50,845
12518,1-845-STEPMOM DREAM,2005-08-18,2005-08-23,264,845
3678,1-845-STEPMOM DREAM,2005-07-06,2005-07-10,364,845
10719,1-845-STEPMOM DREAM,2005-08-01,2005-08-07,188,845
13725,1-845-STEPMOM DREAM,2005-08-20,2005-08-28,306,845
6099,2-845-STEPMOM DREAM,2005-07-11,2005-07-15,469,845
7968,2-845-STEPMOM DREAM,2005-07-28,2005-08-04,597,845
13462,2-845-STEPMOM DREAM,2005-08-20,2005-08-26,489,845
6409,1-845-STEPMOM DREAM,2005-07-11,2005-07-13,537,845
7073,1-845-STEPMOM DREAM,2005-07-27,2005-08-03,92,845
14130,1-845-STEPMOM DREAM,2005-08-21,2005-08-27,352,845
10645,2-845-STEPMOM DREAM,2005-08-01,2005-08-09,130,845
15375,2-845-STEPMOM DREAM,2005-08-22,2005-08-24,191,845
10852,1-845-STEPMOM DREAM,2005-08-02,2005-08-03,27,845
14347,1-845-STEPMOM DREAM,2005-08-21,2005-08-25,214,845
10902,2-845-STEPMOM DREAM,2005-08-02,2005-08-09,486,845
13397,2-845-STEPMOM DREAM,2005-08-19,2005-08-29,379,845
924,1-723-REIGN GENTLEMEN,2005-05-30,2005-06-04,293,723
2174,1-723-REIGN GENTLEMEN,2005-06-18,2005-06-25,520,723
3785,1-723-REIGN GENTLEMEN,2005-07-06,2005-07-14,577,723
11449,1-723-REIGN GENTLEMEN,2005-08-02,2005-08-07,443,723
12843,1-723-REIGN GENTLEMEN,2005-08-19,2005-08-20,128,723
2658,1-723-REIGN GENTLEMEN,2005-06-19,2005-06-24,156,723
4812,1-723-REIGN GENTLEMEN,2005-07-08,2005-07-17,304,723
7798,1-723-REIGN GENTLEMEN,2005-07-28,2005-07-31,236,723
13901,1-723-REIGN GENTLEMEN,2005-08-20,2005-08-28,166,723
4112,2-723-REIGN GENTLEMEN,2005-07-07,2005-07-16,533,723
7961,2-723-REIGN GENTLEMEN,2005-07-28,2005-08-01,45,723
14237,2-723-REIGN GENTLEMEN,2005-08-21,2005-08-25,410,723
7027,1-723-REIGN GENTLEMEN,2005-07-27,2005-08-04,61,723
15426,1-723-REIGN GENTLEMEN,2005-08-23,2005-08-26,347,723
7365,2-723-REIGN GENTLEMEN,2005-07-27,2005-07-30,450,723
13029,2-723-REIGN GENTLEMEN,2005-08-19,2005-08-22,293,723
10799,1-723-REIGN GENTLEMEN,2005-08-01,2005-08-06,145,723
15782,1-723-REIGN GENTLEMEN,2005-08-23,2005-08-30,245,723
11404,2-723-REIGN GENTLEMEN,2005-08-02,2005-08-11,60,723
12813,2-723-REIGN GENTLEMEN,2005-08-19,2005-08-19,500,723
925,1-704-PURE RUNNER,2005-05-30,2005-06-02,137,704
1954,1-704-PURE RUNNER,2005-06-17,2005-06-20,533,704
6354,1-704-PURE RUNNER,2005-07-11,2005-07-18,176,704
10752,1-704-PURE RUNNER,2005-08-01,2005-08-10,147,704
11806,1-704-PURE RUNNER,2005-08-17,2005-08-22,125,704
4363,1-704-PURE RUNNER,2005-07-07,2005-07-13,168,704
7372,1-704-PURE RUNNER,2005-07-27,2005-08-01,584,704
13561,1-704-PURE RUNNER,2006-02-14,,530,704
4968,2-704-PURE RUNNER,2005-07-08,2005-07-14,390,704
7805,2-704-PURE RUNNER,2005-07-28,2005-08-04,366,704
12439,2-704-PURE RUNNER,2005-08-18,2005-08-22,153,704
5023,2-704-PURE RUNNER,2005-07-09,2005-07-15,358,704
10750,2-704-PURE RUNNER,2005-08-01,2005-08-07,201,704
13871,2-704-PURE RUNNER,2005-08-20,2005-08-29,372,704
9919,2-704-PURE RUNNER,2005-07-31,2005-08-08,291,704
12278,2-704-PURE RUNNER,2005-08-18,2005-08-24,294,704
926,2-942-VIETNAM SMOOCHY,2005-05-30,2005-06-01,76,942
1943,2-942-VIETNAM SMOOCHY,2005-06-17,2005-06-20,144,942
3982,2-942-VIETNAM SMOOCHY,2005-07-06,2005-07-08,64,942
8158,2-942-VIETNAM SMOOCHY,2005-07-28,2005-08-01,458,942
12068,2-942-VIETNAM SMOOCHY,2005-08-17,2005-08-26,388,942
2185,2-942-VIETNAM SMOOCHY,2005-06-18,2005-06-20,198,942
4436,2-942-VIETNAM SMOOCHY,2005-07-07,2005-07-10,563,942
11330,2-942-VIETNAM SMOOCHY,2005-08-02,2005-08-04,75,942
13917,2-942-VIETNAM SMOOCHY,2005-08-20,2005-08-29,10,942
3322,1-942-VIETNAM SMOOCHY,2005-06-21,2005-06-22,458,942
4735,1-942-VIETNAM SMOOCHY,2005-07-08,2005-07-13,381,942
9077,1-942-VIETNAM SMOOCHY,2005-07-30,2005-08-08,471,942
14670,1-942-VIETNAM SMOOCHY,2005-08-21,2005-08-27,537,942
8042,1-942-VIETNAM SMOOCHY,2005-07-28,2005-08-04,14,942
12316,1-942-VIETNAM SMOOCHY,2005-08-18,2005-08-27,94,942
929,2-936-VANISHING ROCKY,2005-05-30,2005-06-06,536,936
1319,2-936-VANISHING ROCKY,2005-06-15,2005-06-18,190,936
6108,2-936-VANISHING ROCKY,2005-07-11,2005-07-13,572,936
11173,2-936-VANISHING ROCKY,2005-08-02,2005-08-10,146,936
14531,2-936-VANISHING ROCKY,2006-02-14,,568,936
1528,2-936-VANISHING ROCKY,2005-06-16,2005-06-25,110,936
6371,2-936-VANISHING ROCKY,2005-07-11,2005-07-16,265,936
8241,2-936-VANISHING ROCKY,2005-07-29,2005-08-03,26,936
14901,2-936-VANISHING ROCKY,2005-08-22,2005-08-29,258,936
5725,1-936-VANISHING ROCKY,2005-07-10,2005-07-14,426,936
10088,1-936-VANISHING ROCKY,2005-07-31,2005-08-01,46,936
15472,1-936-VANISHING ROCKY,2005-08-23,2005-08-25,226,936
7524,2-936-VANISHING ROCKY,2005-07-27,2005-08-03,225,936
14100,2-936-VANISHING ROCKY,2005-08-21,2005-08-25,397,936
7885,1-936-VANISHING ROCKY,2005-07-28,2005-08-05,260,936
13655,1-936-VANISHING ROCKY,2005-08-20,2005-08-22,207,936
9196,2-936-VANISHING ROCKY,2005-07-30,2005-07-31,251,936
12119,2-936-VANISHING ROCKY,2005-08-17,2005-08-20,567,936
931,2-743-ROOM ROMAN,2005-05-30,2005-05-31,421,743
2884,2-743-ROOM ROMAN,2005-06-20,2005-06-21,319,743
4135,2-743-ROOM ROMAN,2005-07-07,2005-07-11,36,743
7183,2-743-ROOM ROMAN,2005-07-27,2005-08-01,302,743
14313,2-743-ROOM ROMAN,2005-08-21,2005-08-30,468,743
3008,1-743-ROOM ROMAN,2005-06-20,2005-06-26,202,743
4750,1-743-ROOM ROMAN,2005-07-08,2005-07-13,198,743
11273,1-743-ROOM ROMAN,2005-08-02,2005-08-07,541,743
3746,2-743-ROOM ROMAN,2005-07-06,2005-07-07,424,743
10334,2-743-ROOM ROMAN,2005-08-01,2005-08-09,445,743
13877,2-743-ROOM ROMAN,2005-08-20,2005-08-22,5,743
4304,1-743-ROOM ROMAN,2005-07-07,2005-07-12,165,743
11143,1-743-ROOM ROMAN,2005-08-02,2005-08-05,100,743
15365,1-743-ROOM ROMAN,2005-08-22,2005-09-01,327,743
4547,2-743-ROOM ROMAN,2005-07-08,2005-07-09,255,743
7800,2-743-ROOM ROMAN,2005-07-28,2005-07-29,499,743
12880,2-743-ROOM ROMAN,2005-08-19,2005-08-28,552,743
6639,2-743-ROOM ROMAN,2005-07-12,2005-07-19,587,743
9716,2-743-ROOM ROMAN,2005-07-31,2005-08-08,287,743
11540,2-743-ROOM ROMAN,2005-08-17,2005-08-25,370,743
935,1-528-LOLITA WORLD,2005-05-30,2005-06-02,256,528
1530,1-528-LOLITA WORLD,2005-06-16,2005-06-24,392,528
6542,1-528-LOLITA WORLD,2005-07-12,2005-07-13,359,528
9482,1-528-LOLITA WORLD,2005-07-30,2005-08-02,348,528
16012,1-528-LOLITA WORLD,2005-08-23,2005-08-30,80,528
3750,1-528-LOLITA WORLD,2005-07-06,2005-07-14,103,528
10599,1-528-LOLITA WORLD,2005-08-01,2005-08-06,271,528
14182,1-528-LOLITA WORLD,2005-08-21,2005-08-24,519,528
10263,1-528-LOLITA WORLD,2005-08-01,2005-08-08,415,528
12161,1-528-LOLITA WORLD,2005-08-18,2005-08-26,444,528
940,1-283-ENDING CROWDS,2005-05-30,2005-06-01,534,283
2018,1-283-ENDING CROWDS,2005-06-17,2005-06-26,380,283
4757,1-283-ENDING CROWDS,2005-07-08,2005-07-12,504,283
7795,1-283-ENDING CROWDS,2005-07-28,2005-07-31,38,283
12703,1-283-ENDING CROWDS,2005-08-18,2005-08-26,453,283
3424,1-283-ENDING CROWDS,2005-06-21,2005-06-24,583,283
4610,1-283-ENDING CROWDS,2005-07-08,2005-07-14,265,283
7610,1-283-ENDING CROWDS,2005-07-28,2005-07-31,450,283
13696,1-283-ENDING CROWDS,2005-08-20,2005-08-21,206,283
9779,1-283-ENDING CROWDS,2005-07-31,2005-08-03,402,283
14642,1-283-ENDING CROWDS,2005-08-21,2005-08-30,81,283
943,1-817-SOLDIERS EVOLUTION,2005-05-30,2005-06-06,57,817
2946,1-817-SOLDIERS EVOLUTION,2005-06-20,2005-06-21,213,817
3986,1-817-SOLDIERS EVOLUTION,2005-07-06,2005-07-09,122,817
8578,1-817-SOLDIERS EVOLUTION,2005-07-29,2005-08-03,148,817
12766,1-817-SOLDIERS EVOLUTION,2005-08-18,2005-08-27,50,817
4722,1-817-SOLDIERS EVOLUTION,2005-07-08,2005-07-09,590,817
7932,1-817-SOLDIERS EVOLUTION,2005-07-28,2005-07-30,462,817
13835,1-817-SOLDIERS EVOLUTION,2005-08-20,2005-08-26,143,817
945,2-315-FINDING ANACONDA,2005-05-30,2005-06-02,357,315
3074,2-315-FINDING ANACONDA,2005-06-20,2005-06-21,299,315
5430,2-315-FINDING ANACONDA,2005-07-09,2005-07-15,173,315
8945,2-315-FINDING ANACONDA,2005-07-30,2005-08-07,447,315
11925,2-315-FINDING ANACONDA,2005-08-17,2005-08-21,370,315
3241,2-315-FINDING ANACONDA,2005-06-21,2005-06-26,499,315
6557,2-315-FINDING ANACONDA,2005-07-12,2005-07-20,116,315
10689,2-315-FINDING ANACONDA,2005-08-01,2005-08-05,568,315
13477,2-315-FINDING ANACONDA,2005-08-20,2005-08-26,222,315
3521,2-315-FINDING ANACONDA,2005-07-06,2005-07-11,262,315
11367,2-315-FINDING ANACONDA,2005-08-02,2005-08-04,1,315
14580,2-315-FINDING ANACONDA,2005-08-21,2005-08-28,448,315
949,2-476-JASON TRAP,2005-05-30,2005-06-03,368,476
1960,2-476-JASON TRAP,2005-06-17,2005-06-23,27,476
4079,2-476-JASON TRAP,2005-07-07,2005-07-16,84,476
9308,2-476-JASON TRAP,2005-07-30,2005-08-08,267,476
14533,2-476-JASON TRAP,2005-08-21,2005-08-26,586,476
1920,1-476-JASON TRAP,2005-06-17,2005-06-24,75,476
5495,1-476-JASON TRAP,2005-07-10,2005-07-19,257,476
7188,1-476-JASON TRAP,2005-07-27,2005-07-28,259,476
14267,1-476-JASON TRAP,2006-02-14,,527,476
1994,2-476-JASON TRAP,2005-06-17,2005-06-25,346,476
5458,2-476-JASON TRAP,2005-07-09,2005-07-16,521,476
10391,2-476-JASON TRAP,2005-08-01,2005-08-04,357,476
13453,2-476-JASON TRAP,2005-08-20,2005-08-28,164,476
3702,2-476-JASON TRAP,2005-07-06,2005-07-10,428,476
7807,2-476-JASON TRAP,2005-07-28,2005-08-01,504,476
12314,2-476-JASON TRAP,2005-08-18,2005-08-25,455,476
5469,2-476-JASON TRAP,2005-07-09,2005-07-13,475,476
10276,2-476-JASON TRAP,2005-08-01,2005-08-03,48,476
14462,2-476-JASON TRAP,2005-08-21,2005-08-27,96,476
6652,1-476-JASON TRAP,2005-07-12,2005-07-13,518,476
9540,1-476-JASON TRAP,2005-07-31,2005-08-01,365,476
15261,1-476-JASON TRAP,2005-08-22,2005-08-27,140,476
7540,1-476-JASON TRAP,2005-07-27,2005-08-04,207,476
13748,1-476-JASON TRAP,2005-08-20,2005-08-23,410,476
955,1-899-TOWERS HURRICANE,2005-05-30,2005-05-31,301,899
3215,1-899-TOWERS HURRICANE,2005-06-21,2005-06-26,279,899
5911,1-899-TOWERS HURRICANE,2005-07-10,2005-07-14,420,899
11017,1-899-TOWERS HURRICANE,2005-08-02,2005-08-09,480,899
12117,1-899-TOWERS HURRICANE,2005-08-17,2005-08-22,303,899
2404,1-899-TOWERS HURRICANE,2005-06-18,2005-06-23,456,899
5656,1-899-TOWERS HURRICANE,2005-07-10,2005-07-15,159,899
9317,1-899-TOWERS HURRICANE,2005-07-30,2005-08-08,217,899
11606,1-899-TOWERS HURRICANE,2005-08-17,2005-08-18,499,899
11248,1-899-TOWERS HURRICANE,2005-08-02,2005-08-03,312,899
12216,1-899-TOWERS HURRICANE,2005-08-18,2005-08-19,131,899
958,2-119-CAPER MOTIONS,2005-05-30,2005-06-01,186,119
3368,2-119-CAPER MOTIONS,2005-06-21,2005-06-23,438,119
5674,2-119-CAPER MOTIONS,2005-07-10,2005-07-16,258,119
9269,2-119-CAPER MOTIONS,2005-07-30,2005-08-02,435,119
14601,2-119-CAPER MOTIONS,2005-08-21,2005-08-29,406,119
2522,2-119-CAPER MOTIONS,2005-06-19,2005-06-28,579,119
4144,2-119-CAPER MOTIONS,2005-07-07,2005-07-16,431,119
7558,2-119-CAPER MOTIONS,2005-07-27,2005-07-30,80,119
13267,2-119-CAPER MOTIONS,2005-08-19,2005-08-21,335,119
3000,2-119-CAPER MOTIONS,2005-06-20,2005-06-22,50,119
4784,2-119-CAPER MOTIONS,2005-07-08,2005-07-09,182,119
11039,2-119-CAPER MOTIONS,2005-08-02,2005-08-05,170,119
16035,2-119-CAPER MOTIONS,2005-08-23,2005-08-28,37,119
3462,2-119-CAPER MOTIONS,2005-06-21,2005-06-28,568,119
6757,2-119-CAPER MOTIONS,2005-07-12,2005-07-17,558,119
10635,2-119-CAPER MOTIONS,2005-08-01,2005-08-07,52,119
15959,2-119-CAPER MOTIONS,2005-08-23,2005-08-24,415,119
5073,1-119-CAPER MOTIONS,2005-07-09,2005-07-15,408,119
9537,1-119-CAPER MOTIONS,2005-07-31,2005-08-01,488,119
13423,1-119-CAPER MOTIONS,2005-08-19,2005-08-26,311,119
7888,1-119-CAPER MOTIONS,2005-07-28,2005-08-01,378,119
16039,1-119-CAPER MOTIONS,2005-08-23,2005-08-31,78,119
10738,1-119-CAPER MOTIONS,2005-08-01,2005-08-10,377,119
15534,1-119-CAPER MOTIONS,2005-08-23,2005-08-24,169,119
959,1-683-PITY BOUND,2005-05-30,2005-06-02,535,683
2652,1-683-PITY BOUND,2005-06-19,2005-06-28,589,683
4531,1-683-PITY BOUND,2005-07-08,2005-07-10,142,683
9920,1-683-PITY BOUND,2005-07-31,2005-08-03,139,683
12968,1-683-PITY BOUND,2005-08-19,2005-08-20,166,683
975,1-683-PITY BOUND,2005-05-30,2005-06-03,7,683
2365,1-683-PITY BOUND,2005-06-18,2005-06-21,493,683
5428,1-683-PITY BOUND,2005-07-09,2005-07-14,346,683
14814,1-683-PITY BOUND,2005-08-22,2005-08-27,250,683
1311,2-683-PITY BOUND,2005-06-15,2005-06-17,326,683
3871,2-683-PITY BOUND,2005-07-06,2005-07-15,331,683
6993,2-683-PITY BOUND,2005-07-27,2005-07-30,154,683
13695,2-683-PITY BOUND,2005-08-20,2005-08-27,258,683
3824,1-683-PITY BOUND,2005-07-06,2005-07-13,107,683
7252,1-683-PITY BOUND,2005-07-27,2005-08-04,549,683
14282,1-683-PITY BOUND,2005-08-21,2005-08-22,450,683
5084,2-683-PITY BOUND,2005-07-09,2005-07-17,87,683
7024,2-683-PITY BOUND,2005-07-27,2005-07-28,252,683
16015,2-683-PITY BOUND,2005-08-23,2005-08-24,50,683
5287,1-683-PITY BOUND,2005-07-09,2005-07-16,523,683
9610,1-683-PITY BOUND,2005-07-31,2005-08-06,16,683
13539,1-683-PITY BOUND,2005-08-20,2005-08-27,518,683
10181,2-683-PITY BOUND,2005-08-01,2005-08-04,113,683
12419,2-683-PITY BOUND,2005-08-18,2005-08-19,133,683
11102,2-683-PITY BOUND,2005-08-02,2005-08-04,73,683
15074,2-683-PITY BOUND,2005-08-22,2005-08-28,567,683
961,1-725-REQUIEM TYCOON,2005-05-30,2005-06-04,588,725
3125,1-725-REQUIEM TYCOON,2005-06-20,2005-06-21,382,725
6521,1-725-REQUIEM TYCOON,2005-07-12,2005-07-21,49,725
10499,1-725-REQUIEM TYCOON,2005-08-01,2005-08-10,459,725
15682,1-725-REQUIEM TYCOON,2005-08-23,2005-08-31,31,725
3149,2-725-REQUIEM TYCOON,2005-06-20,2005-06-21,55,725
5940,2-725-REQUIEM TYCOON,2005-07-10,2005-07-14,292,725
10854,2-725-REQUIEM TYCOON,2005-08-02,2005-08-02,356,725
13357,2-725-REQUIEM TYCOON,2005-08-19,2005-08-25,393,725
4377,1-725-REQUIEM TYCOON,2005-07-07,2005-07-16,205,725
10512,1-725-REQUIEM TYCOON,2005-08-01,2005-08-09,438,725
14240,1-725-REQUIEM TYCOON,2005-08-21,2005-08-22,12,725
5238,2-725-REQUIEM TYCOON,2005-07-09,2005-07-10,100,725
7378,2-725-REQUIEM TYCOON,2005-07-27,2005-08-03,144,725
11518,2-725-REQUIEM TYCOON,2005-08-16,2005-08-17,407,725
7682,2-725-REQUIEM TYCOON,2005-07-28,2005-08-04,400,725
13239,2-725-REQUIEM TYCOON,2005-08-19,2005-08-23,541,725
10597,1-725-REQUIEM TYCOON,2005-08-01,2005-08-08,3,725
14856,1-725-REQUIEM TYCOON,2005-08-22,2005-08-26,151,725
968,2-23-ANACONDA CONFESSIONS,2005-05-30,2005-05-31,576,23
1854,2-23-ANACONDA CONFESSIONS,2005-06-17,2005-06-23,37,23
5263,2-23-ANACONDA CONFESSIONS,2005-07-09,2005-07-12,406,23
9218,2-23-ANACONDA CONFESSIONS,2005-07-30,2005-08-07,172,23
11812,2-23-ANACONDA CONFESSIONS,2005-08-17,2005-08-18,132,23
1011,2-23-ANACONDA CONFESSIONS,2005-05-31,2005-06-04,164,23
3080,2-23-ANACONDA CONFESSIONS,2005-06-20,2005-06-24,377,23
5545,2-23-ANACONDA CONFESSIONS,2005-07-10,2005-07-16,236,23
7104,2-23-ANACONDA CONFESSIONS,2005-07-27,2005-08-01,217,23
11982,2-23-ANACONDA CONFESSIONS,2005-08-17,2005-08-18,186,23
1364,1-23-ANACONDA CONFESSIONS,2005-06-15,2005-06-16,400,23
4818,1-23-ANACONDA CONFESSIONS,2005-07-08,2005-07-14,144,23
7837,1-23-ANACONDA CONFESSIONS,2005-07-28,2005-07-29,374,23
14026,1-23-ANACONDA CONFESSIONS,2005-08-20,2005-08-22,231,23
1726,1-23-ANACONDA CONFESSIONS,2005-06-16,2005-06-25,3,23
4361,1-23-ANACONDA CONFESSIONS,2005-07-07,2005-07-12,425,23
7921,1-23-ANACONDA CONFESSIONS,2005-07-28,2005-08-01,100,23
2249,1-23-ANACONDA CONFESSIONS,2005-06-18,2005-06-26,285,23
3485,1-23-ANACONDA CONFESSIONS,2005-07-05,2005-07-09,111,23
10866,1-23-ANACONDA CONFESSIONS,2005-08-02,2005-08-07,424,23
13665,1-23-ANACONDA CONFESSIONS,2005-08-20,2005-08-28,291,23
969,1-98-BRIGHT ENCOUNTERS,2005-05-30,2005-05-31,551,98
1640,1-98-BRIGHT ENCOUNTERS,2005-06-16,2005-06-17,86,98
3957,1-98-BRIGHT ENCOUNTERS,2005-07-06,2005-07-16,414,98
8697,1-98-BRIGHT ENCOUNTERS,2005-07-29,2005-08-02,291,98
12289,1-98-BRIGHT ENCOUNTERS,2005-08-18,2005-08-26,575,98
3203,1-98-BRIGHT ENCOUNTERS,2005-06-21,2005-06-29,158,98
4885,1-98-BRIGHT ENCOUNTERS,2005-07-08,2005-07-12,233,98
9870,1-98-BRIGHT ENCOUNTERS,2005-07-31,2005-08-05,195,98
14925,1-98-BRIGHT ENCOUNTERS,2005-08-22,2005-08-30,128,98
3298,1-98-BRIGHT ENCOUNTERS,2005-06-21,2005-06-30,492,98
6832,1-98-BRIGHT ENCOUNTERS,2005-07-12,2005-07-20,220,98
9315,1-98-BRIGHT ENCOUNTERS,2005-07-30,2005-08-01,96,98
13806,1-98-BRIGHT ENCOUNTERS,2005-08-20,2005-08-21,341,98
971,2-639-OPPOSITE NECKLACE,2005-05-30,2005-06-06,561,639
3059,2-639-OPPOSITE NECKLACE,2005-06-20,2005-06-21,266,639
6234,2-639-OPPOSITE NECKLACE,2005-07-11,2005-07-19,232,639
9023,2-639-OPPOSITE NECKLACE,2005-07-30,2005-08-07,148,639
15780,2-639-OPPOSITE NECKLACE,2006-02-14,,120,639
1086,2-639-OPPOSITE NECKLACE,2005-05-31,2005-06-06,549,639
1547,2-639-OPPOSITE NECKLACE,2005-06-16,2005-06-19,343,639
6775,2-639-OPPOSITE NECKLACE,2005-07-12,2005-07-19,383,639
7413,2-639-OPPOSITE NECKLACE,2005-07-27,2005-07-31,254,639
11868,2-639-OPPOSITE NECKLACE,2005-08-17,2005-08-19,445,639
5917,2-639-OPPOSITE NECKLACE,2005-07-10,2005-07-12,74,639
6953,2-639-OPPOSITE NECKLACE,2005-07-26,2005-07-30,306,639
16024,2-639-OPPOSITE NECKLACE,2005-08-23,2005-08-27,473,639
974,1-574-MIDNIGHT WESTWARD,2005-05-30,2005-06-08,596,574
1557,1-574-MIDNIGHT WESTWARD,2005-06-16,2005-06-16,439,574
5161,1-574-MIDNIGHT WESTWARD,2005-07-09,2005-07-18,284,574
7437,1-574-MIDNIGHT WESTWARD,2005-07-27,2005-07-28,135,574
14584,1-574-MIDNIGHT WESTWARD,2005-08-21,2005-08-24,481,574
1915,2-574-MIDNIGHT WESTWARD,2005-06-17,2005-06-21,393,574
4895,2-574-MIDNIGHT WESTWARD,2005-07-08,2005-07-12,242,574
9049,2-574-MIDNIGHT WESTWARD,2005-07-30,2005-08-04,417,574
15818,2-574-MIDNIGHT WESTWARD,2005-08-23,2005-08-27,439,574
5765,2-574-MIDNIGHT WESTWARD,2005-07-10,2005-07-16,293,574
9352,2-574-MIDNIGHT WESTWARD,2005-07-30,2005-07-31,360,574
11891,2-574-MIDNIGHT WESTWARD,2005-08-17,2005-08-22,115,574
6101,2-574-MIDNIGHT WESTWARD,2005-07-11,2005-07-18,508,574
9413,2-574-MIDNIGHT WESTWARD,2005-07-30,2005-08-01,290,574
14220,2-574-MIDNIGHT WESTWARD,2006-02-14,,162,574
10975,1-574-MIDNIGHT WESTWARD,2005-08-02,2005-08-04,361,574
13205,1-574-MIDNIGHT WESTWARD,2005-08-19,2005-08-25,495,574
978,1-90-BOULEVARD MOB,2005-05-30,2005-06-07,154,90
2151,1-90-BOULEVARD MOB,2005-06-17,2005-06-20,329,90
4457,1-90-BOULEVARD MOB,2005-07-07,2005-07-09,567,90
10139,1-90-BOULEVARD MOB,2005-07-31,2005-08-04,441,90
12277,1-90-BOULEVARD MOB,2006-02-14,,33,90
3384,2-90-BOULEVARD MOB,2005-06-21,2005-06-26,91,90
5137,2-90-BOULEVARD MOB,2005-07-09,2005-07-12,126,90
7760,2-90-BOULEVARD MOB,2005-07-28,2005-08-03,307,90
14177,2-90-BOULEVARD MOB,2005-08-21,2005-08-28,121,90
6707,1-90-BOULEVARD MOB,2005-07-12,2005-07-16,80,90
8843,1-90-BOULEVARD MOB,2005-07-29,2005-08-05,294,90
12983,1-90-BOULEVARD MOB,2005-08-19,2005-08-28,148,90
8672,1-90-BOULEVARD MOB,2005-07-29,2005-08-06,495,90
13270,1-90-BOULEVARD MOB,2005-08-19,2005-08-23,159,90
9133,2-90-BOULEVARD MOB,2005-07-30,2005-08-07,576,90
14938,2-90-BOULEVARD MOB,2005-08-22,2005-08-31,541,90
10510,2-90-BOULEVARD MOB,2005-08-01,2005-08-07,259,90
13160,2-90-BOULEVARD MOB,2005-08-19,2005-08-22,484,90
981,2-640-OPUS ICE,2005-05-30,2005-06-01,326,640
3331,2-640-OPUS ICE,2005-06-21,2005-06-26,352,640
5858,2-640-OPUS ICE,2005-07-10,2005-07-11,257,640
7850,2-640-OPUS ICE,2005-07-28,2005-08-02,118,640
12354,2-640-OPUS ICE,2005-08-18,2005-08-26,499,640
2172,2-640-OPUS ICE,2005-06-18,2005-06-26,457,640
6665,2-640-OPUS ICE,2005-07-12,2005-07-19,587,640
8846,2-640-OPUS ICE,2005-07-29,2005-08-03,108,640
12120,2-640-OPUS ICE,2005-08-17,2005-08-19,323,640
7943,2-640-OPUS ICE,2005-07-28,2005-08-04,346,640
14948,2-640-OPUS ICE,2005-08-22,2005-08-28,488,640
986,2-880-TELEMARK HEARTBREAKERS,2005-05-30,2005-06-01,253,880
2442,2-880-TELEMARK HEARTBREAKERS,2005-06-18,2005-06-22,364,880
4142,2-880-TELEMARK HEARTBREAKERS,2005-07-07,2005-07-08,492,880
8579,2-880-TELEMARK HEARTBREAKERS,2005-07-29,2005-07-30,250,880
13373,2-880-TELEMARK HEARTBREAKERS,2005-08-19,2005-08-25,7,880
1470,2-880-TELEMARK HEARTBREAKERS,2005-06-15,2005-06-25,11,880
3774,2-880-TELEMARK HEARTBREAKERS,2005-07-06,2005-07-15,439,880
7511,2-880-TELEMARK HEARTBREAKERS,2005-07-27,2005-08-04,591,880
14775,2-880-TELEMARK HEARTBREAKERS,2005-08-21,2005-08-22,400,880
2250,1-880-TELEMARK HEARTBREAKERS,2005-06-18,2005-06-22,7,880
3754,1-880-TELEMARK HEARTBREAKERS,2005-07-06,2005-07-08,83,880
9082,1-880-TELEMARK HEARTBREAKERS,2005-07-30,2005-08-06,438,880
11808,1-880-TELEMARK HEARTBREAKERS,2005-08-17,2005-08-18,462,880
4680,1-880-TELEMARK HEARTBREAKERS,2005-07-08,2005-07-14,227,880
8455,1-880-TELEMARK HEARTBREAKERS,2005-07-29,2005-08-05,404,880
12238,1-880-TELEMARK HEARTBREAKERS,2005-08-18,2005-08-20,46,880
5172,2-880-TELEMARK HEARTBREAKERS,2005-07-09,2005-07-13,214,880
7219,2-880-TELEMARK HEARTBREAKERS,2005-07-27,2005-07-29,512,880
15595,2-880-TELEMARK HEARTBREAKERS,2005-08-23,2005-08-31,264,880
5628,1-880-TELEMARK HEARTBREAKERS,2005-07-10,2005-07-17,87,880
8580,1-880-TELEMARK HEARTBREAKERS,2005-07-29,2005-08-04,543,880
8805,1-880-TELEMARK HEARTBREAKERS,2005-07-29,2005-08-04,39,880
13302,1-880-TELEMARK HEARTBREAKERS,2005-08-19,2005-08-21,51,880
9505,2-880-TELEMARK HEARTBREAKERS,2005-07-31,2005-08-05,543,880
14772,2-880-TELEMARK HEARTBREAKERS,2005-08-21,2005-08-30,411,880
990,1-907-TRANSLATION SUMMER,2005-05-30,2005-06-06,311,907
1598,1-907-TRANSLATION SUMMER,2005-06-16,2005-06-23,314,907
4623,1-907-TRANSLATION SUMMER,2005-07-08,2005-07-12,593,907
7633,1-907-TRANSLATION SUMMER,2005-07-28,2005-08-01,402,907
13763,1-907-TRANSLATION SUMMER,2005-08-20,2005-08-26,469,907
1802,1-907-TRANSLATION SUMMER,2005-06-16,2005-06-21,455,907
4290,1-907-TRANSLATION SUMMER,2005-07-07,2005-07-15,277,907
9774,1-907-TRANSLATION SUMMER,2005-07-31,2005-08-02,306,907
13290,1-907-TRANSLATION SUMMER,2005-08-19,2005-08-25,23,907
2262,1-907-TRANSLATION SUMMER,2005-06-18,2005-06-20,218,907
4049,1-907-TRANSLATION SUMMER,2005-07-07,2005-07-15,79,907
11007,1-907-TRANSLATION SUMMER,2005-08-02,2005-08-05,98,907
12359,1-907-TRANSLATION SUMMER,2005-08-18,2005-08-19,28,907
8508,1-907-TRANSLATION SUMMER,2005-07-29,2005-08-01,484,907
12948,1-907-TRANSLATION SUMMER,2005-08-19,2005-08-22,442,907
991,2-627-NORTH TEQUILA,2005-05-30,2005-06-07,593,627
3441,2-627-NORTH TEQUILA,2005-06-21,2005-06-24,326,627
3965,2-627-NORTH TEQUILA,2005-07-06,2005-07-09,243,627
9665,2-627-NORTH TEQUILA,2005-07-31,2005-08-04,478,627
15793,2-627-NORTH TEQUILA,2005-08-23,2005-08-24,22,627
1816,2-627-NORTH TEQUILA,2005-06-16,2005-06-18,594,627
5942,2-627-NORTH TEQUILA,2005-07-10,2005-07-17,317,627
10559,2-627-NORTH TEQUILA,2005-08-01,2005-08-09,174,627
12258,2-627-NORTH TEQUILA,2005-08-18,2005-08-21,83,627
7029,2-627-NORTH TEQUILA,2005-07-27,2005-07-30,389,627
11770,2-627-NORTH TEQUILA,2005-08-17,2005-08-20,475,627
992,1-782-SHAKESPEARE SADDLE,2005-05-30,2005-06-05,123,782
2590,1-782-SHAKESPEARE SADDLE,2005-06-19,2005-06-20,324,782
5303,1-782-SHAKESPEARE SADDLE,2005-07-09,2005-07-15,350,782
8971,1-782-SHAKESPEARE SADDLE,2005-07-30,2005-08-08,35,782
14129,1-782-SHAKESPEARE SADDLE,2005-08-21,2005-08-23,362,782
1891,2-782-SHAKESPEARE SADDLE,2005-06-17,2005-06-24,109,782
4890,2-782-SHAKESPEARE SADDLE,2005-07-08,2005-07-14,574,782
9643,2-782-SHAKESPEARE SADDLE,2005-07-31,2005-08-08,538,782
11838,2-782-SHAKESPEARE SADDLE,2005-08-17,2005-08-20,161,782
2218,2-782-SHAKESPEARE SADDLE,2005-06-18,2005-06-18,176,782
6608,2-782-SHAKESPEARE SADDLE,2005-07-12,2005-07-18,244,782
11246,2-782-SHAKESPEARE SADDLE,2005-08-02,2005-08-03,550,782
11984,2-782-SHAKESPEARE SADDLE,2005-08-17,2005-08-24,96,782
3481,2-782-SHAKESPEARE SADDLE,2005-07-05,2005-07-07,138,782
8995,2-782-SHAKESPEARE SADDLE,2005-07-30,2005-08-07,331,782
14853,2-782-SHAKESPEARE SADDLE,2005-08-22,2005-08-31,388,782
3719,1-782-SHAKESPEARE SADDLE,2005-07-06,2005-07-11,376,782
7384,1-782-SHAKESPEARE SADDLE,2005-07-27,2005-08-04,585,782
12617,1-782-SHAKESPEARE SADDLE,2005-08-18,2005-08-24,564,782
4688,1-782-SHAKESPEARE SADDLE,2005-07-08,2005-07-17,80,782
7560,1-782-SHAKESPEARE SADDLE,2005-07-27,2005-08-02,562,782
12690,1-782-SHAKESPEARE SADDLE,2005-08-18,2005-08-24,361,782
993,1-451-IGBY MAKER,2005-05-30,2005-06-04,513,451
2830,1-451-IGBY MAKER,2005-06-19,2005-06-21,21,451
6770,1-451-IGBY MAKER,2005-07-12,2005-07-20,360,451
8115,1-451-IGBY MAKER,2005-07-28,2005-08-03,106,451
12642,1-451-IGBY MAKER,2005-08-18,2005-08-20,167,451
1029,2-451-IGBY MAKER,2005-05-31,2005-06-06,50,451
2715,2-451-IGBY MAKER,2005-06-19,2005-06-26,404,451
6570,2-451-IGBY MAKER,2005-07-12,2005-07-13,217,451
8800,2-451-IGBY MAKER,2005-07-29,2005-08-06,207,451
11602,2-451-IGBY MAKER,2005-08-17,2005-08-19,391,451
2008,1-451-IGBY MAKER,2005-06-17,2005-06-25,570,451
4992,1-451-IGBY MAKER,2005-07-09,2005-07-16,315,451
11125,1-451-IGBY MAKER,2005-08-02,2005-08-03,237,451
15118,1-451-IGBY MAKER,2005-08-22,2005-08-29,473,451
3568,2-451-IGBY MAKER,2005-07-06,2005-07-15,283,451
7449,2-451-IGBY MAKER,2005-07-27,2005-08-01,421,451
12741,2-451-IGBY MAKER,2005-08-18,2005-08-25,435,451
8551,2-451-IGBY MAKER,2005-07-29,2005-08-05,340,451
15714,2-451-IGBY MAKER,2006-02-14,,56,451
994,2-614-NAME DETECTIVE,2005-05-30,2005-06-04,472,614
2478,2-614-NAME DETECTIVE,2005-06-18,2005-06-24,241,614
6721,2-614-NAME DETECTIVE,2005-07-12,2005-07-19,462,614
7630,2-614-NAME DETECTIVE,2005-07-28,2005-07-31,351,614
13992,2-614-NAME DETECTIVE,2005-08-20,2005-08-24,136,614
1160,1-614-NAME DETECTIVE,2005-06-14,2005-06-18,239,614
5791,1-614-NAME DETECTIVE,2005-07-10,2005-07-19,319,614
10297,1-614-NAME DETECTIVE,2005-08-01,2005-08-09,289,614
13408,1-614-NAME DETECTIVE,2005-08-19,2005-08-21,575,614
1222,2-614-NAME DETECTIVE,2005-06-15,2005-06-17,168,614
3574,2-614-NAME DETECTIVE,2005-07-06,2005-07-10,225,614
9011,2-614-NAME DETECTIVE,2005-07-30,2005-08-05,236,614
12901,2-614-NAME DETECTIVE,2006-02-14,,180,614
2378,1-614-NAME DETECTIVE,2005-06-18,2005-06-26,384,614
3877,1-614-NAME DETECTIVE,2005-07-06,2005-07-07,576,614
7914,1-614-NAME DETECTIVE,2005-07-28,2005-07-30,469,614
11835,1-614-NAME DETECTIVE,2005-08-17,2005-08-19,479,614
4549,2-614-NAME DETECTIVE,2005-07-08,2005-07-10,98,614
9392,2-614-NAME DETECTIVE,2005-07-30,2005-08-03,29,614
12152,2-614-NAME DETECTIVE,2005-08-18,2005-08-22,367,614
6640,1-614-NAME DETECTIVE,2005-07-12,2005-07-21,148,614
6931,1-614-NAME DETECTIVE,2005-07-26,2005-07-28,333,614
15598,1-614-NAME DETECTIVE,2005-08-23,2005-09-01,66,614
997,2-922-UNDEFEATED DALMATIONS,2005-05-31,2005-06-02,216,922
2967,2-922-UNDEFEATED DALMATIONS,2005-06-20,2005-06-29,311,922
6073,2-922-UNDEFEATED DALMATIONS,2005-07-11,2005-07-20,466,922
9833,2-922-UNDEFEATED DALMATIONS,2005-07-31,2005-08-09,368,922
15741,2-922-UNDEFEATED DALMATIONS,2005-08-23,2005-08-24,126,922
1384,2-922-UNDEFEATED DALMATIONS,2005-06-15,2005-06-18,242,922
6742,2-922-UNDEFEATED DALMATIONS,2005-07-12,2005-07-17,558,922
9992,2-922-UNDEFEATED DALMATIONS,2005-07-31,2005-08-09,304,922
11705,2-922-UNDEFEATED DALMATIONS,2005-08-17,2005-08-18,489,922
2500,1-922-UNDEFEATED DALMATIONS,2005-06-18,2005-06-26,12,922
3926,1-922-UNDEFEATED DALMATIONS,2005-07-06,2005-07-09,500,922
9906,1-922-UNDEFEATED DALMATIONS,2005-07-31,2005-08-01,204,922
15777,1-922-UNDEFEATED DALMATIONS,2005-08-23,2005-08-27,130,922
8268,1-922-UNDEFEATED DALMATIONS,2005-07-29,2005-08-05,421,922
15656,1-922-UNDEFEATED DALMATIONS,2005-08-23,2005-08-24,334,922
8273,2-922-UNDEFEATED DALMATIONS,2005-07-29,2005-08-06,532,922
12798,2-922-UNDEFEATED DALMATIONS,2005-08-19,2005-08-21,534,922
9846,1-922-UNDEFEATED DALMATIONS,2005-07-31,2005-08-05,573,922
11514,1-922-UNDEFEATED DALMATIONS,2005-08-16,2005-08-23,423,922
10428,2-922-UNDEFEATED DALMATIONS,2005-08-01,2005-08-02,46,922
12586,2-922-UNDEFEATED DALMATIONS,2005-08-18,2005-08-21,460,922
999,1-969-WEST LION,2005-05-31,2005-06-03,413,969
2559,1-969-WEST LION,2005-06-19,2005-06-28,414,969
5683,1-969-WEST LION,2005-07-10,2005-07-19,285,969
9370,1-969-WEST LION,2005-07-30,2005-08-01,588,969
14373,1-969-WEST LION,2005-08-21,2005-08-25,268,969
1041,1-969-WEST LION,2005-05-31,2005-06-06,272,969
3246,1-969-WEST LION,2005-06-21,2005-06-28,41,969
5907,1-969-WEST LION,2005-07-10,2005-07-15,168,969
8275,1-969-WEST LION,2005-07-29,2005-07-30,336,969
14325,1-969-WEST LION,2005-08-21,2005-08-23,313,969
3082,1-969-WEST LION,2005-06-20,2005-06-28,164,969
5120,1-969-WEST LION,2005-07-09,2005-07-14,373,969
8304,1-969-WEST LION,2005-07-29,2005-08-02,119,969
13137,1-969-WEST LION,2005-08-19,2005-08-22,20,969
10671,1-969-WEST LION,2005-08-01,2005-08-09,10,969
14992,1-969-WEST LION,2005-08-22,2005-08-25,415,969
1001,2-328-FOREVER CANDIDATE,2005-05-31,2005-06-06,64,328
2120,2-328-FOREVER CANDIDATE,2005-06-17,2005-06-27,182,328
6668,2-328-FOREVER CANDIDATE,2005-07-12,2005-07-14,199,328
8755,2-328-FOREVER CANDIDATE,2005-07-29,2005-07-31,372,328
14467,2-328-FOREVER CANDIDATE,2005-08-21,2005-08-28,522,328
3900,2-328-FOREVER CANDIDATE,2005-07-06,2005-07-15,129,328
11411,2-328-FOREVER CANDIDATE,2005-08-02,2005-08-09,141,328
15960,2-328-FOREVER CANDIDATE,2005-08-23,2005-08-26,431,328
5149,2-328-FOREVER CANDIDATE,2005-07-09,2005-07-16,330,328
10458,2-328-FOREVER CANDIDATE,2005-08-01,2005-08-02,309,328
15214,2-328-FOREVER CANDIDATE,2005-08-22,2005-08-24,574,328
9334,2-328-FOREVER CANDIDATE,2005-07-30,2005-08-03,25,328
12179,2-328-FOREVER CANDIDATE,2005-08-18,2005-08-19,222,328
1008,2-203-DAISY MENAGERIE,2005-05-31,2005-06-01,599,203
2029,2-203-DAISY MENAGERIE,2005-06-17,2005-06-19,512,203
5770,2-203-DAISY MENAGERIE,2005-07-10,2005-07-11,71,203
7839,2-203-DAISY MENAGERIE,2005-07-28,2005-08-04,518,203
13505,2-203-DAISY MENAGERIE,2005-08-20,2005-08-23,536,203
2382,2-203-DAISY MENAGERIE,2005-06-18,2005-06-20,568,203
4113,2-203-DAISY MENAGERIE,2005-07-07,2005-07-12,170,203
8157,2-203-DAISY MENAGERIE,2005-07-28,2005-08-04,566,203
15257,2-203-DAISY MENAGERIE,2005-08-22,2005-08-30,223,203
3375,2-203-DAISY MENAGERIE,2005-06-21,2005-06-22,279,203
6833,2-203-DAISY MENAGERIE,2005-07-12,2005-07-19,301,203
7928,2-203-DAISY MENAGERIE,2005-07-28,2005-08-05,473,203
14104,2-203-DAISY MENAGERIE,2005-08-21,2005-08-21,178,203
4543,2-203-DAISY MENAGERIE,2005-07-08,2005-07-12,41,203
10929,2-203-DAISY MENAGERIE,2005-08-02,2005-08-05,305,203
12722,2-203-DAISY MENAGERIE,2005-08-18,2005-08-27,416,203
1013,1-987-WORDS HUNTER,2005-05-31,2005-06-02,384,987
2337,1-987-WORDS HUNTER,2005-06-18,2005-06-26,582,987
3522,1-987-WORDS HUNTER,2005-07-06,2005-07-11,469,987
10922,1-987-WORDS HUNTER,2005-08-02,2005-08-06,539,987
13320,1-987-WORDS HUNTER,2005-08-19,2005-08-24,172,987
1081,2-987-WORDS HUNTER,2005-05-31,2005-06-06,404,987
1362,2-987-WORDS HUNTER,2005-06-15,2005-06-19,98,987
5492,2-987-WORDS HUNTER,2005-07-10,2005-07-14,558,987
8318,2-987-WORDS HUNTER,2005-07-29,2005-07-30,167,987
13204,2-987-WORDS HUNTER,2005-08-19,2005-08-24,152,987
4341,2-987-WORDS HUNTER,2005-07-07,2005-07-15,124,987
10285,2-987-WORDS HUNTER,2005-08-01,2005-08-05,167,987
15276,2-987-WORDS HUNTER,2005-08-22,2005-08-23,490,987
6500,1-987-WORDS HUNTER,2005-07-12,2005-07-13,577,987
9045,1-987-WORDS HUNTER,2005-07-30,2005-08-08,46,987
14025,1-987-WORDS HUNTER,2005-08-20,2005-08-29,37,987
1016,1-750-RUN PACIFIC,2005-05-31,2005-06-04,204,750
3401,1-750-RUN PACIFIC,2005-06-21,2005-06-30,577,750
3909,1-750-RUN PACIFIC,2005-07-06,2005-07-15,396,750
11244,1-750-RUN PACIFIC,2005-08-02,2005-08-10,142,750
12121,1-750-RUN PACIFIC,2005-08-17,2005-08-22,69,750
4858,1-750-RUN PACIFIC,2005-07-08,2005-07-17,447,750
8210,1-750-RUN PACIFIC,2005-07-28,2005-08-06,300,750
13594,1-750-RUN PACIFIC,2005-08-20,2005-08-23,7,750
10724,1-750-RUN PACIFIC,2005-08-01,2005-08-07,576,750
15019,1-750-RUN PACIFIC,2005-08-22,2005-08-25,450,750
1017,2-274-EGG IGBY,2005-05-31,2005-06-03,16,274
1334,2-274-EGG IGBY,2005-06-15,2005-06-20,269,274
5583,2-274-EGG IGBY,2005-07-10,2005-07-19,391,274
9986,2-274-EGG IGBY,2005-07-31,2005-08-05,124,274
13021,2-274-EGG IGBY,2005-08-19,2005-08-26,309,274
3591,2-274-EGG IGBY,2005-07-06,2005-07-09,53,274
8389,2-274-EGG IGBY,2005-07-29,2005-08-06,133,274
14937,2-274-EGG IGBY,2005-08-22,2005-08-31,348,274
3692,1-274-EGG IGBY,2005-07-06,2005-07-11,286,274
8172,1-274-EGG IGBY,2005-07-28,2005-08-06,329,274
12473,1-274-EGG IGBY,2005-08-18,2005-08-21,303,274
4215,1-274-EGG IGBY,2005-07-07,2005-07-11,22,274
10572,1-274-EGG IGBY,2005-08-01,2005-08-07,386,274
14981,1-274-EGG IGBY,2005-08-22,2005-08-26,544,274
6915,2-274-EGG IGBY,2005-07-12,2005-07-14,559,274
10637,2-274-EGG IGBY,2005-08-01,2005-08-04,161,274
13568,2-274-EGG IGBY,2005-08-20,2005-08-27,151,274
7628,2-274-EGG IGBY,2005-07-28,2005-08-03,516,274
14840,2-274-EGG IGBY,2005-08-22,2005-08-29,354,274
7864,1-274-EGG IGBY,2005-07-28,2005-08-04,20,274
14138,1-274-EGG IGBY,2005-08-21,2005-08-30,121,274
1019,2-866-SUNSET RACER,2005-05-31,2005-06-03,279,866
3257,2-866-SUNSET RACER,2005-06-21,2005-06-28,263,866
5742,2-866-SUNSET RACER,2005-07-10,2005-07-19,596,866
9940,2-866-SUNSET RACER,2005-07-31,2005-08-06,388,866
15017,2-866-SUNSET RACER,2005-08-22,2005-08-29,144,866
4024,2-866-SUNSET RACER,2005-07-07,2005-07-11,448,866
9284,2-866-SUNSET RACER,2005-07-30,2005-08-01,38,866
15684,2-866-SUNSET RACER,2005-08-23,2005-08-28,586,866
1020,1-746-ROUGE SQUAD,2005-05-31,2005-06-02,138,746
3239,1-746-ROUGE SQUAD,2005-06-21,2005-06-22,328,746
3935,1-746-ROUGE SQUAD,2005-07-06,2005-07-15,503,746
9538,1-746-ROUGE SQUAD,2005-07-31,2005-08-06,68,746
14386,1-746-ROUGE SQUAD,2005-08-21,2005-08-25,514,746
1859,2-746-ROUGE SQUAD,2005-06-17,2005-06-18,533,746
5829,2-746-ROUGE SQUAD,2005-07-10,2005-07-14,118,746
10716,2-746-ROUGE SQUAD,2005-08-01,2005-08-04,515,746
15377,2-746-ROUGE SQUAD,2005-08-22,2005-08-29,551,746
1877,2-746-ROUGE SQUAD,2005-06-17,2005-06-25,261,746
3838,2-746-ROUGE SQUAD,2005-07-06,2005-07-11,565,746
8361,2-746-ROUGE SQUAD,2005-07-29,2005-08-03,360,746
12967,2-746-ROUGE SQUAD,2005-08-19,2005-08-25,170,746
5133,2-746-ROUGE SQUAD,2005-07-09,2005-07-12,469,746
9655,2-746-ROUGE SQUAD,2005-07-31,2005-08-06,435,746
15731,2-746-ROUGE SQUAD,2005-08-23,2005-08-24,118,746
7508,1-746-ROUGE SQUAD,2005-07-27,2005-08-01,465,746
13371,1-746-ROUGE SQUAD,2005-08-19,2005-08-26,34,746
1021,2-597-MOONWALKER FOOL,2005-05-31,2005-06-08,541,597
3422,2-597-MOONWALKER FOOL,2005-06-21,2005-06-29,251,597
4786,2-597-MOONWALKER FOOL,2005-07-08,2005-07-16,294,597
11144,2-597-MOONWALKER FOOL,2005-08-02,2005-08-03,376,597
14997,2-597-MOONWALKER FOOL,2005-08-22,2005-08-28,29,597
3009,2-597-MOONWALKER FOOL,2005-06-20,2005-06-23,280,597
4423,2-597-MOONWALKER FOOL,2005-07-07,2005-07-14,526,597
8048,2-597-MOONWALKER FOOL,2005-07-28,2005-08-06,182,597
13374,2-597-MOONWALKER FOOL,2006-02-14,,227,597
7577,2-597-MOONWALKER FOOL,2005-07-27,2005-08-05,332,597
15975,2-597-MOONWALKER FOOL,2005-08-23,2005-08-27,174,597
11214,2-597-MOONWALKER FOOL,2005-08-02,2005-08-11,407,597
15011,2-597-MOONWALKER FOOL,2005-08-22,2005-08-24,329,597
1022,2-184-CORE SUIT,2005-05-31,2005-06-08,239,184
3453,2-184-CORE SUIT,2005-06-21,2005-06-23,278,184
3981,2-184-CORE SUIT,2005-07-06,2005-07-13,375,184
10440,2-184-CORE SUIT,2005-08-01,2005-08-02,299,184
13300,2-184-CORE SUIT,2005-08-19,2005-08-28,531,184
2065,2-184-CORE SUIT,2005-06-17,2005-06-22,266,184
6731,2-184-CORE SUIT,2005-07-12,2005-07-15,593,184
8759,2-184-CORE SUIT,2005-07-29,2005-08-07,209,184
14230,2-184-CORE SUIT,2005-08-21,2005-08-27,584,184
3472,1-184-CORE SUIT,2005-07-05,2005-07-13,37,184
8582,1-184-CORE SUIT,2005-07-29,2005-08-03,162,184
13013,1-184-CORE SUIT,2005-08-19,2005-08-26,293,184
4815,1-184-CORE SUIT,2005-07-08,2005-07-17,581,184
9137,1-184-CORE SUIT,2005-07-30,2005-08-06,459,184
12200,1-184-CORE SUIT,2005-08-18,2005-08-18,52,184
4875,2-184-CORE SUIT,2005-07-08,2005-07-11,555,184
9393,2-184-CORE SUIT,2005-07-30,2005-08-02,158,184
15545,2-184-CORE SUIT,2005-08-23,2005-08-29,513,184
1025,2-353-GENTLEMEN STAGE,2005-05-31,2005-06-08,93,353
2608,2-353-GENTLEMEN STAGE,2005-06-19,2005-06-24,132,353
5748,2-353-GENTLEMEN STAGE,2005-07-10,2005-07-12,99,353
6959,2-353-GENTLEMEN STAGE,2005-07-27,2005-07-27,452,353
12592,2-353-GENTLEMEN STAGE,2005-08-18,2005-08-25,305,353
1104,2-353-GENTLEMEN STAGE,2005-05-31,2005-06-05,466,353
2157,2-353-GENTLEMEN STAGE,2005-06-17,2005-06-24,201,353
4730,2-353-GENTLEMEN STAGE,2005-07-08,2005-07-14,126,353
9987,2-353-GENTLEMEN STAGE,2005-07-31,2005-08-01,15,353
14818,2-353-GENTLEMEN STAGE,2005-08-22,2005-08-26,580,353
2300,2-353-GENTLEMEN STAGE,2005-06-18,2005-06-24,291,353
4674,2-353-GENTLEMEN STAGE,2005-07-08,2005-07-12,329,353
7510,2-353-GENTLEMEN STAGE,2005-07-27,2005-08-01,257,353
13855,2-353-GENTLEMEN STAGE,2005-08-20,2005-08-28,96,353
4865,1-353-GENTLEMEN STAGE,2005-07-08,2005-07-13,418,353
11141,1-353-GENTLEMEN STAGE,2005-08-02,2005-08-04,15,353
14428,1-353-GENTLEMEN STAGE,2005-08-21,2005-08-29,458,353
5567,2-353-GENTLEMEN STAGE,2005-07-10,2005-07-15,147,353
9638,2-353-GENTLEMEN STAGE,2005-07-31,2005-08-09,436,353
14560,2-353-GENTLEMEN STAGE,2005-08-21,2005-08-26,579,353
5843,1-353-GENTLEMEN STAGE,2005-07-10,2005-07-15,599,353
7646,1-353-GENTLEMEN STAGE,2005-07-28,2005-07-31,255,353
11715,1-353-GENTLEMEN STAGE,2005-08-17,2005-08-25,452,353
1027,2-596-MOONSHINE CABIN,2005-05-31,2005-06-09,55,596
2866,2-596-MOONSHINE CABIN,2005-06-20,2005-06-20,44,596
4988,2-596-MOONSHINE CABIN,2005-07-09,2005-07-16,433,596
7960,2-596-MOONSHINE CABIN,2005-07-28,2005-08-03,324,596
14389,2-596-MOONSHINE CABIN,2005-08-21,2005-08-27,145,596
1176,1-596-MOONSHINE CABIN,2005-06-15,2005-06-21,512,596
4051,1-596-MOONSHINE CABIN,2005-07-07,2005-07-09,331,596
8028,1-596-MOONSHINE CABIN,2005-07-28,2005-08-05,137,596
15296,1-596-MOONSHINE CABIN,2005-08-22,2005-08-24,55,596
3122,2-596-MOONSHINE CABIN,2005-06-20,2005-06-29,87,596
6096,2-596-MOONSHINE CABIN,2005-07-11,2005-07-14,420,596
7108,2-596-MOONSHINE CABIN,2005-07-27,2005-07-31,355,596
11996,2-596-MOONSHINE CABIN,2005-08-17,2005-08-20,510,596
6154,2-596-MOONSHINE CABIN,2005-07-11,2005-07-16,368,596
7892,2-596-MOONSHINE CABIN,2005-07-28,2005-07-30,397,596
11641,2-596-MOONSHINE CABIN,2005-08-17,2005-08-20,79,596
6160,1-596-MOONSHINE CABIN,2005-07-11,2005-07-14,110,596
8817,1-596-MOONSHINE CABIN,2005-07-29,2005-08-01,175,596
13287,1-596-MOONSHINE CABIN,2005-08-19,2005-08-26,569,596
8097,2-596-MOONSHINE CABIN,2005-07-28,2005-08-06,436,596
13256,2-596-MOONSHINE CABIN,2005-08-19,2005-08-28,289,596
1033,2-3-ADAPTATION HOLES,2005-05-31,2005-06-02,25,3
1427,2-3-ADAPTATION HOLES,2005-06-15,2005-06-16,100,3
3897,2-3-ADAPTATION HOLES,2005-07-06,2005-07-11,277,3
10437,2-3-ADAPTATION HOLES,2005-08-01,2005-08-10,1,3
11845,2-3-ADAPTATION HOLES,2005-08-17,2005-08-18,65,3
3956,2-3-ADAPTATION HOLES,2005-07-06,2005-07-12,147,3
7586,2-3-ADAPTATION HOLES,2005-07-27,2005-07-29,316,3
12727,2-3-ADAPTATION HOLES,2005-08-18,2005-08-24,178,3
6999,2-3-ADAPTATION HOLES,2005-07-27,2005-07-29,224,3
14882,2-3-ADAPTATION HOLES,2005-08-22,2005-08-25,417,3
11306,2-3-ADAPTATION HOLES,2005-08-02,2005-08-03,247,3
15788,2-3-ADAPTATION HOLES,2005-08-23,2005-08-26,269,3
1034,1-895-TOMORROW HUSTLER,2005-05-31,2005-06-09,293,895
3200,1-895-TOMORROW HUSTLER,2005-06-21,2005-06-27,221,895
3958,1-895-TOMORROW HUSTLER,2005-07-06,2005-07-10,288,895
9100,1-895-TOMORROW HUSTLER,2005-07-30,2005-08-05,4,895
14549,1-895-TOMORROW HUSTLER,2005-08-21,2005-08-22,155,895
1429,1-895-TOMORROW HUSTLER,2005-06-15,2005-06-18,362,895
5636,1-895-TOMORROW HUSTLER,2005-07-10,2005-07-13,2,895
10524,1-895-TOMORROW HUSTLER,2005-08-01,2005-08-08,38,895
16041,1-895-TOMORROW HUSTLER,2005-08-23,2005-08-25,121,895
2211,1-895-TOMORROW HUSTLER,2005-06-18,2005-06-22,166,895
4522,1-895-TOMORROW HUSTLER,2005-07-08,2005-07-10,307,895
9127,1-895-TOMORROW HUSTLER,2005-07-30,2005-07-31,300,895
14828,1-895-TOMORROW HUSTLER,2005-08-22,2005-08-27,319,895
2878,2-895-TOMORROW HUSTLER,2005-06-20,2005-06-21,88,895
4462,2-895-TOMORROW HUSTLER,2005-07-08,2005-07-15,257,895
8182,2-895-TOMORROW HUSTLER,2005-07-28,2005-08-01,427,895
13508,2-895-TOMORROW HUSTLER,2005-08-20,2005-08-28,408,895
3418,1-895-TOMORROW HUSTLER,2005-06-21,2005-06-25,85,895
6322,1-895-TOMORROW HUSTLER,2005-07-11,2005-07-14,403,895
7445,1-895-TOMORROW HUSTLER,2005-07-27,2005-07-31,394,895
14314,1-895-TOMORROW HUSTLER,2005-08-21,2005-08-24,178,895
8316,2-895-TOMORROW HUSTLER,2005-07-29,2005-08-03,549,895
15607,2-895-TOMORROW HUSTLER,2005-08-23,2005-08-26,484,895
8887,2-895-TOMORROW HUSTLER,2005-07-30,2005-08-04,389,895
14382,2-895-TOMORROW HUSTLER,2005-08-21,2005-08-22,119,895
1035,1-211-DARLING BREAKING,2005-05-31,2005-06-02,362,211
2213,1-211-DARLING BREAKING,2005-06-18,2005-06-23,98,211
3921,1-211-DARLING BREAKING,2005-07-06,2005-07-14,531,211
9916,1-211-DARLING BREAKING,2005-07-31,2005-08-07,432,211
13375,1-211-DARLING BREAKING,2005-08-19,2005-08-29,120,211
3285,1-211-DARLING BREAKING,2005-06-21,2005-06-23,481,211
6334,1-211-DARLING BREAKING,2005-07-11,2005-07-19,168,211
8948,1-211-DARLING BREAKING,2005-07-30,2005-08-04,597,211
14646,1-211-DARLING BREAKING,2005-08-21,2005-08-23,186,211
1036,2-467-INTRIGUE WORST,2005-05-31,2005-06-04,438,467
2671,2-467-INTRIGUE WORST,2005-06-19,2005-06-26,451,467
4938,2-467-INTRIGUE WORST,2005-07-08,2005-07-14,418,467
8405,2-467-INTRIGUE WORST,2005-07-29,2005-08-07,76,467
15295,2-467-INTRIGUE WORST,2005-08-22,2005-08-31,186,467
5250,2-467-INTRIGUE WORST,2005-07-09,2005-07-13,384,467
10861,2-467-INTRIGUE WORST,2005-08-02,2005-08-09,131,467
11668,2-467-INTRIGUE WORST,2005-08-17,2005-08-20,249,467
6040,1-467-INTRIGUE WORST,2005-07-11,2005-07-14,511,467
10876,1-467-INTRIGUE WORST,2005-08-02,2005-08-05,559,467
12091,1-467-INTRIGUE WORST,2005-08-17,2005-08-27,555,467
6075,1-467-INTRIGUE WORST,2005-07-11,2005-07-12,283,467
7429,1-467-INTRIGUE WORST,2005-07-27,2005-08-05,515,467
13017,1-467-INTRIGUE WORST,2005-08-19,2005-08-26,104,467
7799,2-467-INTRIGUE WORST,2005-07-28,2005-08-02,384,467
12441,2-467-INTRIGUE WORST,2005-08-18,2005-08-26,561,467
8911,1-467-INTRIGUE WORST,2005-07-30,2005-08-02,445,467
14134,1-467-INTRIGUE WORST,2005-08-21,2005-08-24,497,467
10355,1-467-INTRIGUE WORST,2005-08-01,2005-08-02,161,467
14172,1-467-INTRIGUE WORST,2006-02-14,,450,467
1040,1-559-MARRIED GO,2005-05-31,2005-06-09,270,559
3177,1-559-MARRIED GO,2005-06-20,2005-06-22,300,559
4994,1-559-MARRIED GO,2005-07-09,2005-07-09,246,559
8129,1-559-MARRIED GO,2005-07-28,2005-07-31,345,559
15310,1-559-MARRIED GO,2005-08-22,2005-08-24,360,559
1076,2-559-MARRIED GO,2005-05-31,2005-06-05,214,559
2821,2-559-MARRIED GO,2005-06-19,2005-06-27,532,559
5555,2-559-MARRIED GO,2005-07-10,2005-07-11,79,559
7403,2-559-MARRIED GO,2005-07-27,2005-08-01,163,559
11632,2-559-MARRIED GO,2005-08-17,2005-08-22,238,559
1178,2-559-MARRIED GO,2005-06-15,2005-06-21,279,559
6036,2-559-MARRIED GO,2005-07-11,2005-07-15,297,559
8696,2-559-MARRIED GO,2005-07-29,2005-08-07,178,559
15147,2-559-MARRIED GO,2005-08-22,2005-08-28,4,559
1596,2-559-MARRIED GO,2005-06-16,2005-06-21,416,559
5392,2-559-MARRIED GO,2005-07-09,2005-07-16,499,559
10874,2-559-MARRIED GO,2005-08-02,2005-08-07,230,559
12563,2-559-MARRIED GO,2005-08-18,2005-08-27,393,559
2407,1-559-MARRIED GO,2005-06-18,2005-06-24,421,559
6130,1-559-MARRIED GO,2005-07-11,2005-07-16,538,559
9536,1-559-MARRIED GO,2005-07-31,2005-08-02,310,559
14241,1-559-MARRIED GO,2005-08-21,2005-08-30,291,559
3859,1-559-MARRIED GO,2005-07-06,2005-07-09,553,559
7427,1-559-MARRIED GO,2005-07-27,2005-08-03,442,559
13652,1-559-MARRIED GO,2005-08-20,2005-08-23,67,559
4552,1-559-MARRIED GO,2005-07-08,2005-07-14,313,559
9998,1-559-MARRIED GO,2005-07-31,2005-08-04,30,559
14143,1-559-MARRIED GO,2005-08-21,2005-08-23,146,559
9138,2-559-MARRIED GO,2005-07-30,2005-07-31,17,559
13483,2-559-MARRIED GO,2005-08-20,2005-08-21,441,559
1042,1-693-POTTER CONNECTICUT,2005-05-31,2005-06-01,506,693
1439,1-693-POTTER CONNECTICUT,2005-06-15,2005-06-22,589,693
6308,1-693-POTTER CONNECTICUT,2005-07-11,2005-07-19,472,693
7037,1-693-POTTER CONNECTICUT,2005-07-27,2005-08-02,171,693
14821,1-693-POTTER CONNECTICUT,2005-08-22,2005-08-29,62,693
1103,1-693-POTTER CONNECTICUT,2005-05-31,2005-06-09,353,693
1289,1-693-POTTER CONNECTICUT,2005-06-15,2005-06-21,522,693
3588,1-693-POTTER CONNECTICUT,2005-07-06,2005-07-07,289,693
11434,1-693-POTTER CONNECTICUT,2005-08-02,2005-08-05,391,693
14669,1-693-POTTER CONNECTICUT,2005-08-21,2005-08-25,317,693
3729,2-693-POTTER CONNECTICUT,2005-07-06,2005-07-12,90,693
8513,2-693-POTTER CONNECTICUT,2005-07-29,2005-07-31,142,693
12728,2-693-POTTER CONNECTICUT,2005-08-18,2005-08-25,129,693
8701,2-693-POTTER CONNECTICUT,2005-07-29,2005-08-07,245,693
14186,2-693-POTTER CONNECTICUT,2005-08-21,2005-08-28,461,693
8750,2-693-POTTER CONNECTICUT,2005-07-29,2005-07-31,158,693
13006,2-693-POTTER CONNECTICUT,2005-08-19,2005-08-21,134,693
1045,2-760-SAMURAI LION,2005-05-31,2005-06-09,594,760
1979,2-760-SAMURAI LION,2005-06-17,2005-06-20,45,760
5655,2-760-SAMURAI LION,2005-07-10,2005-07-17,113,760
9193,2-760-SAMURAI LION,2005-07-30,2005-08-02,69,760
15353,2-760-SAMURAI LION,2005-08-22,2005-08-25,368,760
2184,2-760-SAMURAI LION,2005-06-18,2005-06-21,537,760
5958,2-760-SAMURAI LION,2005-07-10,2005-07-19,430,760
8329,2-760-SAMURAI LION,2005-07-29,2005-08-06,108,760
14401,2-760-SAMURAI LION,2005-08-21,2005-08-30,407,760
2631,2-760-SAMURAI LION,2005-06-19,2005-06-26,39,760
6431,2-760-SAMURAI LION,2005-07-12,2005-07-20,458,760
8711,2-760-SAMURAI LION,2005-07-29,2005-07-31,575,760
15665,2-760-SAMURAI LION,2005-08-23,2005-08-24,487,760
2691,2-760-SAMURAI LION,2005-06-19,2005-06-26,242,760
4751,2-760-SAMURAI LION,2005-07-08,2005-07-13,436,760
8815,2-760-SAMURAI LION,2005-07-29,2005-08-03,230,760
13083,2-760-SAMURAI LION,2005-08-19,2005-08-23,455,760
4475,1-760-SAMURAI LION,2005-07-08,2005-07-09,340,760
9403,1-760-SAMURAI LION,2005-07-30,2005-08-06,267,760
12413,1-760-SAMURAI LION,2005-08-18,2005-08-23,366,760
4620,1-760-SAMURAI LION,2005-07-08,2005-07-16,210,760
8751,1-760-SAMURAI LION,2005-07-29,2005-07-31,386,760
12777,1-760-SAMURAI LION,2005-08-18,2005-08-27,130,760
7265,1-760-SAMURAI LION,2005-07-27,2005-08-01,290,760
14768,1-760-SAMURAI LION,2005-08-21,2005-08-27,570,760
1048,1-617-NATURAL STOCK,2005-05-31,2005-06-02,55,617
3305,1-617-NATURAL STOCK,2005-06-21,2005-06-27,578,617
3864,1-617-NATURAL STOCK,2005-07-06,2005-07-08,68,617
10163,1-617-NATURAL STOCK,2005-07-31,2005-08-01,425,617
13749,1-617-NATURAL STOCK,2005-08-20,2005-08-26,282,617
1745,1-617-NATURAL STOCK,2005-06-16,2005-06-23,178,617
3639,1-617-NATURAL STOCK,2005-07-06,2005-07-15,7,617
9978,1-617-NATURAL STOCK,2005-07-31,2005-08-06,427,617
15716,1-617-NATURAL STOCK,2005-08-23,2005-08-28,408,617
3385,1-617-NATURAL STOCK,2005-06-21,2005-06-24,514,617
3648,1-617-NATURAL STOCK,2005-07-06,2005-07-10,598,617
10732,1-617-NATURAL STOCK,2005-08-01,2005-08-10,538,617
14589,1-617-NATURAL STOCK,2005-08-21,2005-08-22,179,617
1051,2-229-DEVIL DESIRE,2005-05-31,2005-06-03,246,229
3326,2-229-DEVIL DESIRE,2005-06-21,2005-06-30,347,229
4681,2-229-DEVIL DESIRE,2005-07-08,2005-07-16,133,229
11121,2-229-DEVIL DESIRE,2005-08-02,2005-08-04,572,229
15724,2-229-DEVIL DESIRE,2005-08-23,2005-08-28,478,229
1244,2-229-DEVIL DESIRE,2005-06-15,2005-06-20,515,229
3502,2-229-DEVIL DESIRE,2005-07-06,2005-07-13,126,229
8675,2-229-DEVIL DESIRE,2005-07-29,2005-07-30,258,229
15289,2-229-DEVIL DESIRE,2005-08-22,2005-08-30,513,229
2459,1-229-DEVIL DESIRE,2005-06-18,2005-06-23,185,229
4240,1-229-DEVIL DESIRE,2005-07-07,2005-07-13,65,229
9890,1-229-DEVIL DESIRE,2005-07-31,2005-08-01,151,229
14604,1-229-DEVIL DESIRE,2006-02-14,,585,229
11029,1-229-DEVIL DESIRE,2005-08-02,2005-08-05,45,229
15362,1-229-DEVIL DESIRE,2005-08-22,2005-08-29,497,229
1052,1-466-INTOLERABLE INTENTIONS,2005-05-31,2005-06-05,156,466
2314,1-466-INTOLERABLE INTENTIONS,2005-06-18,2005-06-19,160,466
5869,1-466-INTOLERABLE INTENTIONS,2005-07-10,2005-07-17,40,466
7289,1-466-INTOLERABLE INTENTIONS,2005-07-27,2005-08-02,187,466
12886,1-466-INTOLERABLE INTENTIONS,2005-08-19,2005-08-26,174,466
3274,1-466-INTOLERABLE INTENTIONS,2005-06-21,2005-06-24,277,466
4772,1-466-INTOLERABLE INTENTIONS,2005-07-08,2005-07-17,486,466
9802,1-466-INTOLERABLE INTENTIONS,2005-07-31,2005-08-03,594,466
11895,1-466-INTOLERABLE INTENTIONS,2005-08-17,2005-08-18,236,466
1053,2-816-SNOWMAN ROLLERCOASTER,2005-05-31,2005-06-04,196,816
3032,2-816-SNOWMAN ROLLERCOASTER,2005-06-20,2005-06-24,172,816
5114,2-816-SNOWMAN ROLLERCOASTER,2005-07-09,2005-07-15,64,816
9277,2-816-SNOWMAN ROLLERCOASTER,2005-07-30,2005-08-05,82,816
15593,2-816-SNOWMAN ROLLERCOASTER,2005-08-23,2005-08-27,153,816
1140,1-816-SNOWMAN ROLLERCOASTER,2005-05-31,2005-06-07,10,816
1239,1-816-SNOWMAN ROLLERCOASTER,2005-06-15,2005-06-16,444,816
6233,1-816-SNOWMAN ROLLERCOASTER,2005-07-11,2005-07-15,378,816
9600,1-816-SNOWMAN ROLLERCOASTER,2005-07-31,2005-08-08,464,816
15286,1-816-SNOWMAN ROLLERCOASTER,2005-08-22,2005-08-29,74,816
2584,1-816-SNOWMAN ROLLERCOASTER,2005-06-19,2005-06-28,90,816
4838,1-816-SNOWMAN ROLLERCOASTER,2005-07-08,2005-07-17,84,816
9926,1-816-SNOWMAN ROLLERCOASTER,2005-07-31,2005-08-09,472,816
15979,1-816-SNOWMAN ROLLERCOASTER,2005-08-23,2005-08-26,536,816
4975,1-816-SNOWMAN ROLLERCOASTER,2005-07-09,2005-07-14,101,816
11459,1-816-SNOWMAN ROLLERCOASTER,2005-08-02,2005-08-04,392,816
13066,1-816-SNOWMAN ROLLERCOASTER,2005-08-19,2005-08-22,336,816
7489,1-816-SNOWMAN ROLLERCOASTER,2005-07-27,2005-07-30,16,816
14195,1-816-SNOWMAN ROLLERCOASTER,2005-08-21,2005-08-23,93,816
7792,2-816-SNOWMAN ROLLERCOASTER,2005-07-28,2005-08-04,236,816
13614,2-816-SNOWMAN ROLLERCOASTER,2005-08-20,2005-08-22,381,816
7954,2-816-SNOWMAN ROLLERCOASTER,2005-07-28,2005-07-29,145,816
12428,2-816-SNOWMAN ROLLERCOASTER,2005-08-18,2005-08-24,121,816
1059,1-667-PEACH INNOCENT,2005-05-31,2005-06-04,241,667
1481,1-667-PEACH INNOCENT,2005-06-15,2005-06-18,125,667
3490,1-667-PEACH INNOCENT,2005-07-05,2005-07-12,369,667
11197,1-667-PEACH INNOCENT,2005-08-02,2005-08-03,122,667
15319,1-667-PEACH INNOCENT,2005-08-22,2005-08-25,188,667
2770,2-667-PEACH INNOCENT,2005-06-19,2005-06-26,533,667
6417,2-667-PEACH INNOCENT,2005-07-11,2005-07-18,80,667
11104,2-667-PEACH INNOCENT,2005-08-02,2005-08-05,196,667
11738,2-667-PEACH INNOCENT,2005-08-17,2005-08-26,347,667
6424,1-667-PEACH INNOCENT,2005-07-11,2005-07-21,359,667
9081,1-667-PEACH INNOCENT,2005-07-30,2005-08-03,572,667
13496,1-667-PEACH INNOCENT,2005-08-20,2005-08-29,454,667
7049,2-667-PEACH INNOCENT,2005-07-27,2005-08-04,332,667
11657,2-667-PEACH INNOCENT,2006-02-14,,53,667
1060,1-587-MOD SECRETARY,2005-05-31,2005-06-09,570,587
3041,1-587-MOD SECRETARY,2005-06-20,2005-06-23,459,587
6803,1-587-MOD SECRETARY,2005-07-12,2005-07-14,490,587
7518,1-587-MOD SECRETARY,2005-07-27,2005-08-03,257,587
12720,1-587-MOD SECRETARY,2005-08-18,2005-08-25,419,587
2936,1-587-MOD SECRETARY,2005-06-20,2005-06-26,330,587
6051,1-587-MOD SECRETARY,2005-07-11,2005-07-11,435,587
10169,1-587-MOD SECRETARY,2005-07-31,2005-08-05,57,587
13214,1-587-MOD SECRETARY,2005-08-19,2005-08-20,157,587
11329,1-587-MOD SECRETARY,2005-08-02,2005-08-08,399,587
14360,1-587-MOD SECRETARY,2005-08-21,2005-08-29,246,587
1061,1-215-DAWN POND,2005-05-31,2005-06-07,109,215
1389,1-215-DAWN POND,2005-06-15,2005-06-19,472,215
4723,1-215-DAWN POND,2005-07-08,2005-07-17,44,215
11067,1-215-DAWN POND,2005-08-02,2005-08-10,85,215
13046,1-215-DAWN POND,2005-08-19,2005-08-26,37,215
4562,1-215-DAWN POND,2005-07-08,2005-07-12,454,215
8106,1-215-DAWN POND,2005-07-28,2005-07-30,137,215
15800,1-215-DAWN POND,2005-08-23,2005-08-29,43,215
5875,1-215-DAWN POND,2005-07-10,2005-07-18,575,215
9511,1-215-DAWN POND,2005-07-31,2005-08-09,549,215
12883,1-215-DAWN POND,2005-08-19,2005-08-23,555,215
6166,2-215-DAWN POND,2005-07-11,2005-07-12,503,215
9469,2-215-DAWN POND,2005-07-30,2005-08-07,59,215
14321,2-215-DAWN POND,2005-08-21,2005-08-23,236,215
10595,2-215-DAWN POND,2005-08-01,2005-08-03,137,215
13192,2-215-DAWN POND,2005-08-19,2005-08-27,532,215
10987,2-215-DAWN POND,2005-08-02,2005-08-04,349,215
13912,2-215-DAWN POND,2005-08-20,2005-08-29,207,215
1062,1-481-JEKYLL FROGMEN,2005-05-31,2005-06-09,176,481
1203,1-481-JEKYLL FROGMEN,2005-06-15,2005-06-21,452,481
4350,1-481-JEKYLL FROGMEN,2005-07-07,2005-07-09,299,481
11250,1-481-JEKYLL FROGMEN,2005-08-02,2005-08-10,279,481
16004,1-481-JEKYLL FROGMEN,2005-08-23,2005-08-31,147,481
5666,2-481-JEKYLL FROGMEN,2005-07-10,2005-07-17,242,481
10380,2-481-JEKYLL FROGMEN,2005-08-01,2005-08-02,533,481
11964,2-481-JEKYLL FROGMEN,2005-08-17,2005-08-25,309,481
6812,2-481-JEKYLL FROGMEN,2005-07-12,2005-07-20,553,481
10736,2-481-JEKYLL FROGMEN,2005-08-01,2005-08-02,272,481
12991,2-481-JEKYLL FROGMEN,2005-08-19,2005-08-21,126,481
7838,1-481-JEKYLL FROGMEN,2005-07-28,2005-07-29,550,481
12940,1-481-JEKYLL FROGMEN,2005-08-19,2005-08-20,340,481
7969,1-481-JEKYLL FROGMEN,2005-07-28,2005-08-04,123,481
12724,1-481-JEKYLL FROGMEN,2005-08-18,2005-08-27,242,481
11065,2-481-JEKYLL FROGMEN,2005-08-02,2005-08-06,357,481
13038,2-481-JEKYLL FROGMEN,2005-08-19,2005-08-25,532,481
1064,1-518-LIAISONS SWEET,2005-05-31,2005-06-02,460,518
2116,1-518-LIAISONS SWEET,2005-06-17,2005-06-18,24,518
5109,1-518-LIAISONS SWEET,2005-07-09,2005-07-14,102,518
10944,1-518-LIAISONS SWEET,2005-08-02,2005-08-04,470,518
12060,1-518-LIAISONS SWEET,2005-08-17,2005-08-21,127,518
1473,2-518-LIAISONS SWEET,2005-06-15,2005-06-21,249,518
6688,2-518-LIAISONS SWEET,2005-07-12,2005-07-14,246,518
9031,2-518-LIAISONS SWEET,2005-07-30,2005-08-04,2,518
14286,2-518-LIAISONS SWEET,2005-08-21,2005-08-27,558,518
1660,1-518-LIAISONS SWEET,2005-06-16,2005-06-18,238,518
6340,1-518-LIAISONS SWEET,2005-07-11,2005-07-20,264,518
8734,1-518-LIAISONS SWEET,2005-07-29,2005-08-05,303,518
11767,1-518-LIAISONS SWEET,2005-08-17,2005-08-25,77,518
2818,2-518-LIAISONS SWEET,2005-06-19,2005-06-22,497,518
6246,2-518-LIAISONS SWEET,2005-07-11,2005-07-19,172,518
7856,2-518-LIAISONS SWEET,2005-07-28,2005-07-29,375,518
11557,2-518-LIAISONS SWEET,2005-08-17,2005-08-24,416,518
5664,2-518-LIAISONS SWEET,2005-07-10,2005-07-17,469,518
10493,2-518-LIAISONS SWEET,2005-08-01,2005-08-07,285,518
15130,2-518-LIAISONS SWEET,2005-08-22,2005-08-30,536,518
8858,2-518-LIAISONS SWEET,2005-07-29,2005-08-01,558,518
15107,2-518-LIAISONS SWEET,2005-08-22,2005-08-23,376,518
1066,1-520-LICENSE WEEKEND,2005-05-31,2005-06-09,541,520
3195,1-520-LICENSE WEEKEND,2005-06-21,2005-06-21,165,520
4627,1-520-LICENSE WEEKEND,2005-07-08,2005-07-13,78,520
9544,1-520-LICENSE WEEKEND,2005-07-31,2005-08-05,28,520
13574,1-520-LICENSE WEEKEND,2005-08-20,2005-08-21,552,520
10588,1-520-LICENSE WEEKEND,2005-08-01,2005-08-03,49,520
11790,1-520-LICENSE WEEKEND,2005-08-17,2005-08-20,451,520
1069,1-672-PERFECT GROOVE,2005-05-31,2005-06-08,251,672
2792,1-672-PERFECT GROOVE,2005-06-19,2005-06-23,437,672
6390,1-672-PERFECT GROOVE,2005-07-11,2005-07-15,77,672
8900,1-672-PERFECT GROOVE,2005-07-30,2005-08-06,375,672
16021,1-672-PERFECT GROOVE,2005-08-23,2005-08-31,314,672
1774,2-672-PERFECT GROOVE,2005-06-16,2005-06-21,442,672
6395,2-672-PERFECT GROOVE,2005-07-11,2005-07-18,264,672
7893,2-672-PERFECT GROOVE,2005-07-28,2005-08-02,479,672
13843,2-672-PERFECT GROOVE,2005-08-20,2005-08-27,308,672
7661,2-672-PERFECT GROOVE,2005-07-28,2005-08-05,256,672
13895,2-672-PERFECT GROOVE,2005-08-20,2005-08-26,12,672
8085,2-672-PERFECT GROOVE,2005-07-28,2005-08-04,552,672
15149,2-672-PERFECT GROOVE,2005-08-22,2005-08-25,537,672
8980,2-672-PERFECT GROOVE,2005-07-30,2005-08-04,105,672
14892,2-672-PERFECT GROOVE,2005-08-22,2005-08-31,82,672
10817,1-672-PERFECT GROOVE,2005-08-01,2005-08-10,501,672
15386,1-672-PERFECT GROOVE,2005-08-22,2005-08-29,327,672
1070,2-696-PRIDE ALAMO,2005-05-31,2005-06-05,228,696
2422,2-696-PRIDE ALAMO,2005-06-18,2005-06-23,527,696
6378,2-696-PRIDE ALAMO,2005-07-11,2005-07-14,145,696
11105,2-696-PRIDE ALAMO,2005-08-02,2005-08-03,245,696
13676,2-696-PRIDE ALAMO,2005-08-20,2005-08-25,103,696
3208,2-696-PRIDE ALAMO,2005-06-21,2005-06-24,229,696
5959,2-696-PRIDE ALAMO,2005-07-10,2005-07-13,436,696
7432,2-696-PRIDE ALAMO,2005-07-27,2005-07-28,132,696
14356,2-696-PRIDE ALAMO,2005-08-21,2005-08-24,65,696
3689,1-696-PRIDE ALAMO,2005-07-06,2005-07-11,129,696
11468,1-696-PRIDE ALAMO,2005-08-02,2005-08-05,413,696
15030,1-696-PRIDE ALAMO,2005-08-22,2005-08-24,341,696
9339,2-696-PRIDE ALAMO,2005-07-30,2005-08-08,68,696
14780,2-696-PRIDE ALAMO,2005-08-22,2005-08-22,491,696
10664,1-696-PRIDE ALAMO,2005-08-01,2005-08-04,337,696
15735,1-696-PRIDE ALAMO,2006-02-14,,295,696
1073,2-115-CAMPUS REMEMBER,2005-05-31,2005-06-07,146,115
2981,2-115-CAMPUS REMEMBER,2005-06-20,2005-06-28,387,115
6379,2-115-CAMPUS REMEMBER,2005-07-11,2005-07-17,287,115
10381,2-115-CAMPUS REMEMBER,2005-08-01,2005-08-05,412,115
12177,2-115-CAMPUS REMEMBER,2005-08-18,2005-08-24,470,115
1432,2-115-CAMPUS REMEMBER,2005-06-15,2005-06-21,339,115
6717,2-115-CAMPUS REMEMBER,2005-07-12,2005-07-20,273,115
10324,2-115-CAMPUS REMEMBER,2005-08-01,2005-08-09,25,115
13193,2-115-CAMPUS REMEMBER,2005-08-19,2005-08-28,118,115
8577,1-115-CAMPUS REMEMBER,2005-07-29,2005-08-07,328,115
13095,1-115-CAMPUS REMEMBER,2005-08-19,2005-08-28,508,115
10027,2-115-CAMPUS REMEMBER,2005-07-31,2005-08-09,287,115
14033,2-115-CAMPUS REMEMBER,2005-08-20,2005-08-23,243,115
10084,2-115-CAMPUS REMEMBER,2005-07-31,2005-08-06,528,115
15269,2-115-CAMPUS REMEMBER,2005-08-22,2005-08-24,275,115
11316,1-115-CAMPUS REMEMBER,2005-08-02,2005-08-10,108,115
15306,1-115-CAMPUS REMEMBER,2005-08-22,2005-08-27,340,115
11386,1-115-CAMPUS REMEMBER,2005-08-02,2005-08-06,183,115
11725,1-115-CAMPUS REMEMBER,2005-08-17,2005-08-18,45,115
1077,1-433-HORN WORKING,2005-05-31,2005-06-02,24,433
2396,1-433-HORN WORKING,2005-06-18,2005-06-27,31,433
6000,1-433-HORN WORKING,2005-07-11,2005-07-12,371,433
9924,1-433-HORN WORKING,2005-07-31,2005-08-05,64,433
12668,1-433-HORN WORKING,2005-08-18,2005-08-19,14,433
1446,2-433-HORN WORKING,2005-06-15,2005-06-23,506,433
4075,2-433-HORN WORKING,2005-07-07,2005-07-09,593,433
7664,2-433-HORN WORKING,2005-07-28,2005-07-29,461,433
14854,2-433-HORN WORKING,2005-08-22,2005-08-23,117,433
2252,1-433-HORN WORKING,2005-06-18,2005-06-21,383,433
6538,1-433-HORN WORKING,2005-07-12,2005-07-20,529,433
8552,1-433-HORN WORKING,2005-07-29,2005-08-05,490,433
15697,1-433-HORN WORKING,2005-08-23,2005-08-24,380,433
2430,1-433-HORN WORKING,2005-06-18,2005-06-23,434,433
6682,1-433-HORN WORKING,2005-07-12,2005-07-21,339,433
7210,1-433-HORN WORKING,2005-07-27,2005-07-28,176,433
12556,1-433-HORN WORKING,2005-08-18,2005-08-24,3,433
2918,1-433-HORN WORKING,2005-06-20,2005-06-21,215,433
3714,1-433-HORN WORKING,2005-07-06,2005-07-09,276,433
10684,1-433-HORN WORKING,2005-08-01,2005-08-09,244,433
12083,1-433-HORN WORKING,2005-08-17,2005-08-19,474,433
5357,2-433-HORN WORKING,2005-07-09,2005-07-16,411,433
9453,2-433-HORN WORKING,2005-07-30,2005-08-08,221,433
12545,2-433-HORN WORKING,2005-08-18,2005-08-26,168,433
1082,1-985-WONDERLAND CHRISTMAS,2005-05-31,2005-06-05,239,985
2736,1-985-WONDERLAND CHRISTMAS,2005-06-19,2005-06-21,359,985
3553,1-985-WONDERLAND CHRISTMAS,2005-07-06,2005-07-08,422,985
8536,1-985-WONDERLAND CHRISTMAS,2005-07-29,2005-07-31,219,985
14214,1-985-WONDERLAND CHRISTMAS,2005-08-21,2005-08-26,198,985
2744,1-985-WONDERLAND CHRISTMAS,2005-06-19,2005-06-22,368,985
4807,1-985-WONDERLAND CHRISTMAS,2005-07-08,2005-07-16,348,985
6927,1-985-WONDERLAND CHRISTMAS,2005-07-26,2005-08-05,470,985
15805,1-985-WONDERLAND CHRISTMAS,2005-08-23,2005-08-25,8,985
3786,1-985-WONDERLAND CHRISTMAS,2005-07-06,2005-07-13,152,985
8223,1-985-WONDERLAND CHRISTMAS,2005-07-28,2005-08-03,282,985
13512,1-985-WONDERLAND CHRISTMAS,2005-08-20,2005-08-28,62,985
4010,1-985-WONDERLAND CHRISTMAS,2005-07-07,2005-07-12,476,985
7794,1-985-WONDERLAND CHRISTMAS,2005-07-28,2005-08-06,510,985
15970,1-985-WONDERLAND CHRISTMAS,2005-08-23,2005-08-24,395,985
5210,2-985-WONDERLAND CHRISTMAS,2005-07-09,2005-07-11,355,985
11325,2-985-WONDERLAND CHRISTMAS,2005-08-02,2005-08-08,422,985
13867,2-985-WONDERLAND CHRISTMAS,2005-08-20,2005-08-29,591,985
9186,2-985-WONDERLAND CHRISTMAS,2005-07-30,2005-07-31,273,985
15044,2-985-WONDERLAND CHRISTMAS,2005-08-22,2005-08-31,439,985
10321,2-985-WONDERLAND CHRISTMAS,2005-08-01,2005-08-03,177,985
12478,2-985-WONDERLAND CHRISTMAS,2005-08-18,2005-08-22,42,985
1087,2-95-BREAKFAST GOLDFINGER,2005-05-31,2005-06-04,169,95
1246,2-95-BREAKFAST GOLDFINGER,2005-06-15,2005-06-21,357,95
5401,2-95-BREAKFAST GOLDFINGER,2005-07-09,2005-07-11,43,95
8032,2-95-BREAKFAST GOLDFINGER,2005-07-28,2005-07-29,230,95
13600,2-95-BREAKFAST GOLDFINGER,2005-08-20,2005-08-28,528,95
2084,1-95-BREAKFAST GOLDFINGER,2005-06-17,2005-06-22,92,95
4860,1-95-BREAKFAST GOLDFINGER,2005-07-08,2005-07-17,123,95
11059,1-95-BREAKFAST GOLDFINGER,2005-08-02,2005-08-09,189,95
15828,1-95-BREAKFAST GOLDFINGER,2005-08-23,2005-08-29,327,95
3623,2-95-BREAKFAST GOLDFINGER,2005-07-06,2005-07-07,80,95
9974,2-95-BREAKFAST GOLDFINGER,2005-07-31,2005-08-05,503,95
13624,2-95-BREAKFAST GOLDFINGER,2005-08-20,2005-08-29,63,95
4268,2-95-BREAKFAST GOLDFINGER,2005-07-07,2005-07-16,80,95
10237,2-95-BREAKFAST GOLDFINGER,2005-08-01,2005-08-07,313,95
15948,2-95-BREAKFAST GOLDFINGER,2005-08-23,2005-08-31,520,95
8913,1-95-BREAKFAST GOLDFINGER,2005-07-30,2005-08-06,391,95
13326,1-95-BREAKFAST GOLDFINGER,2005-08-19,2005-08-20,576,95
1089,2-828-SPIKING ELEMENT,2005-05-31,2005-06-02,367,828
1803,2-828-SPIKING ELEMENT,2005-06-16,2005-06-21,127,828
4617,2-828-SPIKING ELEMENT,2005-07-08,2005-07-17,475,828
11323,2-828-SPIKING ELEMENT,2005-08-02,2005-08-06,419,828
12416,2-828-SPIKING ELEMENT,2005-08-18,2005-08-22,515,828
2465,2-828-SPIKING ELEMENT,2005-06-18,2005-06-25,160,828
6781,2-828-SPIKING ELEMENT,2005-07-12,2005-07-15,533,828
9803,2-828-SPIKING ELEMENT,2005-07-31,2005-08-01,520,828
12544,2-828-SPIKING ELEMENT,2005-08-18,2005-08-26,354,828
8740,2-828-SPIKING ELEMENT,2005-07-29,2005-08-01,378,828
12150,2-828-SPIKING ELEMENT,2005-08-18,2005-08-20,555,828
9278,2-828-SPIKING ELEMENT,2005-07-30,2005-08-03,581,828
15129,2-828-SPIKING ELEMENT,2005-08-22,2005-08-29,234,828
1091,2-843-STEEL SANTA,2005-05-31,2005-06-04,251,843
2079,2-843-STEEL SANTA,2005-06-17,2005-06-18,465,843
6533,2-843-STEEL SANTA,2005-07-12,2005-07-18,366,843
10643,2-843-STEEL SANTA,2005-08-01,2005-08-06,495,843
12306,2-843-STEEL SANTA,2005-08-18,2005-08-21,541,843
2549,2-843-STEEL SANTA,2005-06-19,2005-06-26,495,843
5608,2-843-STEEL SANTA,2005-07-10,2005-07-10,384,843
10773,2-843-STEEL SANTA,2005-08-01,2005-08-07,181,843
14647,2-843-STEEL SANTA,2005-08-21,2005-08-30,36,843
3096,1-843-STEEL SANTA,2005-06-20,2005-06-24,79,843
5879,1-843-STEEL SANTA,2005-07-10,2005-07-16,430,843
11055,1-843-STEEL SANTA,2005-08-02,2005-08-06,182,843
15899,1-843-STEEL SANTA,2005-08-23,2005-08-29,596,843
3694,1-843-STEEL SANTA,2005-07-06,2005-07-08,419,843
11382,1-843-STEEL SANTA,2005-08-02,2005-08-07,407,843
15439,1-843-STEEL SANTA,2005-08-23,2005-08-27,136,843
5334,2-843-STEEL SANTA,2005-07-09,2005-07-11,482,843
8916,2-843-STEEL SANTA,2005-07-30,2005-08-03,377,843
14998,2-843-STEEL SANTA,2005-08-22,2005-08-24,92,843
7571,1-843-STEEL SANTA,2005-07-27,2005-07-30,368,843
14683,1-843-STEEL SANTA,2005-08-21,2005-08-29,342,843
11285,1-843-STEEL SANTA,2005-08-02,2005-08-11,585,843
12164,1-843-STEEL SANTA,2005-08-18,2005-08-19,587,843
1092,2-964-WATERFRONT DELIVERANCE,2005-05-31,2005-06-03,278,964
1426,2-964-WATERFRONT DELIVERANCE,2005-06-15,2005-06-18,363,964
6623,2-964-WATERFRONT DELIVERANCE,2005-07-12,2005-07-19,302,964
9951,2-964-WATERFRONT DELIVERANCE,2005-07-31,2005-08-03,95,964
11950,2-964-WATERFRONT DELIVERANCE,2005-08-17,2005-08-26,190,964
2380,2-964-WATERFRONT DELIVERANCE,2005-06-18,2005-06-24,256,964
5415,2-964-WATERFRONT DELIVERANCE,2005-07-09,2005-07-18,475,964
8981,2-964-WATERFRONT DELIVERANCE,2005-07-30,2005-08-06,310,964
13799,2-964-WATERFRONT DELIVERANCE,2005-08-20,2005-08-28,196,964
2835,1-964-WATERFRONT DELIVERANCE,2005-06-19,2005-06-26,89,964
5304,1-964-WATERFRONT DELIVERANCE,2005-07-09,2005-07-14,51,964
10190,1-964-WATERFRONT DELIVERANCE,2005-08-01,2005-08-01,138,964
14677,1-964-WATERFRONT DELIVERANCE,2005-08-21,2005-08-28,26,964
7415,1-964-WATERFRONT DELIVERANCE,2005-07-27,2005-08-02,294,964
12930,1-964-WATERFRONT DELIVERANCE,2005-08-19,2005-08-22,414,964
9316,1-964-WATERFRONT DELIVERANCE,2005-07-30,2005-08-05,366,964
14524,1-964-WATERFRONT DELIVERANCE,2005-08-21,2005-08-29,374,964
1093,2-473-JACKET FRISCO,2005-05-31,2005-06-03,214,473
3341,2-473-JACKET FRISCO,2005-06-21,2005-06-26,591,473
3475,2-473-JACKET FRISCO,2005-07-05,2005-07-13,8,473
10619,2-473-JACKET FRISCO,2005-08-01,2005-08-07,132,473
14006,2-473-JACKET FRISCO,2005-08-20,2005-08-21,186,473
2587,1-473-JACKET FRISCO,2005-06-19,2005-06-24,331,473
6312,1-473-JACKET FRISCO,2005-07-11,2005-07-18,417,473
10001,1-473-JACKET FRISCO,2005-07-31,2005-08-07,244,473
14014,1-473-JACKET FRISCO,2005-08-20,2005-08-21,335,473
4901,1-473-JACKET FRISCO,2005-07-08,2005-07-10,507,473
8083,1-473-JACKET FRISCO,2005-07-28,2005-08-04,30,473
14295,1-473-JACKET FRISCO,2005-08-21,2005-08-22,336,473
5062,2-473-JACKET FRISCO,2005-07-09,2005-07-10,141,473
11465,2-473-JACKET FRISCO,2005-08-02,2005-08-10,447,473
13478,2-473-JACKET FRISCO,2005-08-20,2005-08-22,466,473
5971,2-473-JACKET FRISCO,2005-07-11,2005-07-19,84,473
7787,2-473-JACKET FRISCO,2005-07-28,2005-08-06,203,473
12615,2-473-JACKET FRISCO,2005-08-18,2005-08-27,29,473
1094,2-834-SPOILERS HELLFIGHTERS,2005-05-31,2005-06-05,547,834
2615,2-834-SPOILERS HELLFIGHTERS,2005-06-19,2005-06-27,578,834
6772,2-834-SPOILERS HELLFIGHTERS,2005-07-12,2005-07-18,89,834
7530,2-834-SPOILERS HELLFIGHTERS,2005-07-27,2005-07-31,98,834
13059,2-834-SPOILERS HELLFIGHTERS,2005-08-19,2005-08-21,341,834
5194,2-834-SPOILERS HELLFIGHTERS,2005-07-09,2005-07-15,202,834
8383,2-834-SPOILERS HELLFIGHTERS,2005-07-29,2005-08-03,495,834
12994,2-834-SPOILERS HELLFIGHTERS,2005-08-19,2005-08-20,506,834
10764,2-834-SPOILERS HELLFIGHTERS,2005-08-01,2005-08-03,357,834
15715,2-834-SPOILERS HELLFIGHTERS,2005-08-23,2005-08-28,86,834
1095,2-992-WRATH MILE,2005-05-31,2005-06-05,252,992
2557,2-992-WRATH MILE,2005-06-19,2005-06-20,257,992
3514,2-992-WRATH MILE,2005-07-06,2005-07-09,536,992
8903,2-992-WRATH MILE,2005-07-30,2005-07-30,406,992
15328,2-992-WRATH MILE,2005-08-22,2005-08-29,274,992
2995,2-992-WRATH MILE,2005-06-20,2005-06-26,573,992
3656,2-992-WRATH MILE,2005-07-06,2005-07-13,314,992
9250,2-992-WRATH MILE,2005-07-30,2005-08-04,539,992
13586,2-992-WRATH MILE,2005-08-20,2005-08-25,445,992
5578,2-992-WRATH MILE,2005-07-10,2005-07-16,378,992
8040,2-992-WRATH MILE,2005-07-28,2005-08-02,163,992
13542,2-992-WRATH MILE,2005-08-20,2005-08-29,147,992
7598,2-992-WRATH MILE,2005-07-27,2005-07-29,438,992
13141,2-992-WRATH MILE,2005-08-19,2005-08-21,376,992
1096,1-237-DIVORCE SHINING,2005-05-31,2005-06-09,271,237
1624,1-237-DIVORCE SHINING,2005-06-16,2005-06-17,314,237
4104,1-237-DIVORCE SHINING,2005-07-07,2005-07-13,338,237
7567,1-237-DIVORCE SHINING,2005-07-27,2005-07-30,504,237
12689,1-237-DIVORCE SHINING,2005-08-18,2005-08-22,296,237
8703,1-237-DIVORCE SHINING,2005-07-29,2005-07-30,439,237
15053,1-237-DIVORCE SHINING,2005-08-22,2005-08-28,374,237
1099,1-205-DANCES NONE,2005-05-31,2005-06-05,269,205
1436,1-205-DANCES NONE,2005-06-15,2005-06-21,584,205
6831,1-205-DANCES NONE,2005-07-12,2005-07-16,163,205
9634,1-205-DANCES NONE,2005-07-31,2005-08-04,444,205
14975,1-205-DANCES NONE,2005-08-22,2005-08-28,244,205
2553,1-205-DANCES NONE,2005-06-19,2005-06-26,473,205
3767,1-205-DANCES NONE,2005-07-06,2005-07-08,582,205
10371,1-205-DANCES NONE,2005-08-01,2005-08-04,327,205
14466,1-205-DANCES NONE,2005-08-21,2005-08-22,442,205
3665,1-205-DANCES NONE,2005-07-06,2005-07-13,102,205
11190,1-205-DANCES NONE,2005-08-02,2005-08-05,254,205
15094,1-205-DANCES NONE,2006-02-14,,424,205
10421,1-205-DANCES NONE,2005-08-01,2005-08-03,262,205
15862,1-205-DANCES NONE,2006-02-14,,215,205
1100,2-71-BILKO ANONYMOUS,2005-05-31,2005-06-06,497,71
1828,2-71-BILKO ANONYMOUS,2005-06-16,2005-06-20,68,71
6215,2-71-BILKO ANONYMOUS,2005-07-11,2005-07-12,390,71
7904,2-71-BILKO ANONYMOUS,2005-07-28,2005-08-06,477,71
15815,2-71-BILKO ANONYMOUS,2005-08-23,2005-08-24,444,71
1944,2-71-BILKO ANONYMOUS,2005-06-17,2005-06-23,16,71
4625,2-71-BILKO ANONYMOUS,2005-07-08,2005-07-09,473,71
10361,2-71-BILKO ANONYMOUS,2005-08-01,2005-08-10,529,71
15226,2-71-BILKO ANONYMOUS,2005-08-22,2005-08-31,54,71
6991,2-71-BILKO ANONYMOUS,2005-07-27,2005-08-05,307,71
11594,2-71-BILKO ANONYMOUS,2005-08-17,2005-08-22,198,71
8382,2-71-BILKO ANONYMOUS,2005-07-29,2005-08-03,238,71
11524,2-71-BILKO ANONYMOUS,2005-08-17,2005-08-23,533,71
1101,2-260-DUDE BLINDNESS,2005-05-31,2005-06-07,260,260
1807,2-260-DUDE BLINDNESS,2005-06-16,2005-06-20,338,260
6756,2-260-DUDE BLINDNESS,2005-07-12,2005-07-13,531,260
10159,2-260-DUDE BLINDNESS,2005-07-31,2005-08-03,515,260
15156,2-260-DUDE BLINDNESS,2005-08-22,2005-08-30,494,260
1125,2-260-DUDE BLINDNESS,2005-05-31,2005-06-01,234,260
2519,2-260-DUDE BLINDNESS,2005-06-19,2005-06-25,128,260
5736,2-260-DUDE BLINDNESS,2005-07-10,2005-07-13,27,260
8812,2-260-DUDE BLINDNESS,2005-07-29,2005-08-04,563,260
14547,2-260-DUDE BLINDNESS,2005-08-21,2005-08-26,265,260
1513,2-260-DUDE BLINDNESS,2005-06-15,2005-06-23,368,260
5669,2-260-DUDE BLINDNESS,2005-07-10,2005-07-11,323,260
9947,2-260-DUDE BLINDNESS,2005-07-31,2005-08-08,138,260
15620,2-260-DUDE BLINDNESS,2005-08-23,2005-08-28,270,260
10506,2-260-DUDE BLINDNESS,2005-08-01,2005-08-03,216,260
12927,2-260-DUDE BLINDNESS,2005-08-19,2005-08-23,223,260
1115,1-463-INSTINCT AIRPORT,2005-05-31,2005-06-04,109,463
1229,1-463-INSTINCT AIRPORT,2005-06-15,2005-06-18,468,463
6285,1-463-INSTINCT AIRPORT,2005-07-11,2005-07-13,444,463
10537,1-463-INSTINCT AIRPORT,2005-08-01,2005-08-08,418,463
12873,1-463-INSTINCT AIRPORT,2005-08-19,2005-08-22,138,463
1722,2-463-INSTINCT AIRPORT,2005-06-16,2005-06-19,364,463
5333,2-463-INSTINCT AIRPORT,2005-07-09,2005-07-16,419,463
9612,2-463-INSTINCT AIRPORT,2005-07-31,2005-08-04,69,463
13543,2-463-INSTINCT AIRPORT,2005-08-20,2005-08-29,163,463
2352,1-463-INSTINCT AIRPORT,2005-06-18,2005-06-22,590,463
4592,1-463-INSTINCT AIRPORT,2005-07-08,2005-07-10,235,463
8122,1-463-INSTINCT AIRPORT,2005-07-28,2005-07-29,18,463
15848,1-463-INSTINCT AIRPORT,2005-08-23,2005-08-26,336,463
4671,1-463-INSTINCT AIRPORT,2005-07-08,2005-07-14,55,463
10143,1-463-INSTINCT AIRPORT,2005-07-31,2005-08-09,271,463
13285,1-463-INSTINCT AIRPORT,2005-08-19,2005-08-20,182,463
9079,2-463-INSTINCT AIRPORT,2005-07-30,2005-07-31,193,463
12951,2-463-INSTINCT AIRPORT,2005-08-19,2005-08-24,70,463
1117,1-897-TORQUE BOUND,2005-05-31,2005-06-04,189,897
1650,1-897-TORQUE BOUND,2005-06-16,2005-06-23,299,897
6299,1-897-TORQUE BOUND,2005-07-11,2005-07-13,324,897
10927,1-897-TORQUE BOUND,2005-08-02,2005-08-10,288,897
13075,1-897-TORQUE BOUND,2005-08-19,2005-08-21,224,897
1141,1-897-TORQUE BOUND,2005-05-31,2005-06-07,217,897
2561,1-897-TORQUE BOUND,2005-06-19,2005-06-21,256,897
6314,1-897-TORQUE BOUND,2005-07-11,2005-07-17,55,897
9015,1-897-TORQUE BOUND,2005-07-30,2005-08-08,203,897
11737,1-897-TORQUE BOUND,2005-08-17,2005-08-19,549,897
1450,2-897-TORQUE BOUND,2005-06-15,2005-06-16,268,897
5928,2-897-TORQUE BOUND,2005-07-10,2005-07-15,50,897
8512,2-897-TORQUE BOUND,2005-07-29,2005-07-31,351,897
11992,2-897-TORQUE BOUND,2005-08-17,2005-08-26,136,897
3072,2-897-TORQUE BOUND,2005-06-20,2005-06-27,423,897
4125,2-897-TORQUE BOUND,2005-07-07,2005-07-15,269,897
11206,2-897-TORQUE BOUND,2005-08-02,2005-08-07,72,897
13064,2-897-TORQUE BOUND,2005-08-19,2005-08-21,588,897
3829,1-897-TORQUE BOUND,2005-07-06,2005-07-11,356,897
8197,1-897-TORQUE BOUND,2005-07-28,2005-08-05,407,897
13414,1-897-TORQUE BOUND,2005-08-19,2005-08-21,438,897
7899,2-897-TORQUE BOUND,2005-07-28,2005-08-02,452,897
13351,2-897-TORQUE BOUND,2006-02-14,,42,897
8018,2-897-TORQUE BOUND,2005-07-28,2005-08-06,377,897
12739,2-897-TORQUE BOUND,2005-08-18,2005-08-27,292,897
9043,1-897-TORQUE BOUND,2005-07-30,2005-08-02,9,897
12604,1-897-TORQUE BOUND,2005-08-18,2005-08-19,12,897
1119,1-962-WASTELAND DIVINE,2005-05-31,2005-06-02,469,962
3344,1-962-WASTELAND DIVINE,2005-06-21,2005-06-28,277,962
6180,1-962-WASTELAND DIVINE,2005-07-11,2005-07-19,351,962
10528,1-962-WASTELAND DIVINE,2005-08-01,2005-08-07,564,962
12288,1-962-WASTELAND DIVINE,2005-08-18,2005-08-25,523,962
1398,1-962-WASTELAND DIVINE,2005-06-15,2005-06-16,527,962
5658,1-962-WASTELAND DIVINE,2005-07-10,2005-07-19,165,962
8624,1-962-WASTELAND DIVINE,2005-07-29,2005-08-02,439,962
14421,1-962-WASTELAND DIVINE,2005-08-21,2005-08-24,406,962
3455,1-962-WASTELAND DIVINE,2005-06-21,2005-06-23,340,962
5847,1-962-WASTELAND DIVINE,2005-07-10,2005-07-12,220,962
9380,1-962-WASTELAND DIVINE,2005-07-30,2005-08-01,264,962
13942,1-962-WASTELAND DIVINE,2005-08-20,2005-08-25,211,962
9888,1-962-WASTELAND DIVINE,2005-07-31,2005-08-08,5,962
13911,1-962-WASTELAND DIVINE,2005-08-20,2005-08-28,304,962
1123,1-29-ANTITRUST TOMATOES,2005-05-31,2005-06-02,448,29
1189,1-29-ANTITRUST TOMATOES,2005-06-15,2005-06-24,244,29
5785,1-29-ANTITRUST TOMATOES,2005-07-10,2005-07-17,211,29
9706,1-29-ANTITRUST TOMATOES,2005-07-31,2005-08-05,508,29
13994,1-29-ANTITRUST TOMATOES,2005-08-20,2005-08-24,180,29
1134,1-29-ANTITRUST TOMATOES,2005-05-31,2005-06-02,191,29
2838,1-29-ANTITRUST TOMATOES,2005-06-19,2005-06-25,292,29
3881,1-29-ANTITRUST TOMATOES,2005-07-06,2005-07-10,456,29
7128,1-29-ANTITRUST TOMATOES,2005-07-27,2005-08-02,529,29
14123,1-29-ANTITRUST TOMATOES,2005-08-21,2005-08-23,66,29
1129,2-85-BONNIE HOLOCAUST,2005-05-31,2005-06-04,486,85
2752,2-85-BONNIE HOLOCAUST,2005-06-19,2005-06-22,149,85
6506,2-85-BONNIE HOLOCAUST,2005-07-12,2005-07-17,423,85
9821,2-85-BONNIE HOLOCAUST,2005-07-31,2005-08-08,271,85
14316,2-85-BONNIE HOLOCAUST,2005-08-21,2005-08-23,64,85
1688,2-85-BONNIE HOLOCAUST,2005-06-16,2005-06-18,49,85
3969,2-85-BONNIE HOLOCAUST,2005-07-06,2005-07-08,587,85
9564,2-85-BONNIE HOLOCAUST,2005-07-31,2005-08-03,377,85
11697,2-85-BONNIE HOLOCAUST,2005-08-17,2005-08-19,329,85
1876,2-85-BONNIE HOLOCAUST,2005-06-17,2005-06-18,459,85
3605,2-85-BONNIE HOLOCAUST,2005-07-06,2005-07-10,347,85
10023,2-85-BONNIE HOLOCAUST,2005-07-31,2005-08-09,318,85
12847,2-85-BONNIE HOLOCAUST,2005-08-19,2005-08-23,91,85
3516,2-85-BONNIE HOLOCAUST,2005-07-06,2005-07-09,338,85
8617,2-85-BONNIE HOLOCAUST,2005-07-29,2005-08-06,441,85
12402,2-85-BONNIE HOLOCAUST,2005-08-18,2005-08-25,123,85
1131,2-582-MIRACLE VIRTUAL,2005-05-31,2005-06-01,128,582
1758,2-582-MIRACLE VIRTUAL,2005-06-16,2005-06-25,474,582
3721,2-582-MIRACLE VIRTUAL,2005-07-06,2005-07-11,226,582
10366,2-582-MIRACLE VIRTUAL,2005-08-01,2005-08-05,119,582
12568,2-582-MIRACLE VIRTUAL,2005-08-18,2005-08-22,569,582
1408,2-582-MIRACLE VIRTUAL,2005-06-15,2005-06-22,396,582
6321,2-582-MIRACLE VIRTUAL,2005-07-11,2005-07-14,388,582
10010,2-582-MIRACLE VIRTUAL,2005-07-31,2005-08-07,373,582
11759,2-582-MIRACLE VIRTUAL,2005-08-17,2005-08-19,108,582
1133,1-929-USUAL UNTOUCHABLES,2005-05-31,2005-06-02,73,929
1376,1-929-USUAL UNTOUCHABLES,2005-06-15,2005-06-19,215,929
3670,1-929-USUAL UNTOUCHABLES,2005-07-06,2005-07-11,268,929
10946,1-929-USUAL UNTOUCHABLES,2005-08-02,2005-08-05,56,929
13836,1-929-USUAL UNTOUCHABLES,2005-08-20,2005-08-21,375,929
5302,1-929-USUAL UNTOUCHABLES,2005-07-09,2005-07-10,72,929
8140,1-929-USUAL UNTOUCHABLES,2005-07-28,2005-07-30,119,929
12291,1-929-USUAL UNTOUCHABLES,2005-08-18,2005-08-23,73,929
6705,1-929-USUAL UNTOUCHABLES,2005-07-12,2005-07-13,363,929
8033,1-929-USUAL UNTOUCHABLES,2005-07-28,2005-07-30,1,929
12102,1-929-USUAL UNTOUCHABLES,2005-08-17,2005-08-24,392,929
8113,1-929-USUAL UNTOUCHABLES,2005-07-28,2005-08-06,541,929
15859,1-929-USUAL UNTOUCHABLES,2005-08-23,2005-08-28,465,929
1135,2-685-PLATOON INSTINCT,2005-05-31,2005-06-01,122,685
1406,2-685-PLATOON INSTINCT,2005-06-15,2005-06-21,199,685
5377,2-685-PLATOON INSTINCT,2005-07-09,2005-07-11,578,685
7730,2-685-PLATOON INSTINCT,2005-07-28,2005-08-04,155,685
12475,2-685-PLATOON INSTINCT,2005-08-18,2005-08-24,401,685
2876,2-685-PLATOON INSTINCT,2005-06-20,2005-06-23,39,685
4017,2-685-PLATOON INSTINCT,2005-07-07,2005-07-09,595,685
11171,2-685-PLATOON INSTINCT,2005-08-02,2005-08-04,339,685
14391,2-685-PLATOON INSTINCT,2005-08-21,2005-08-23,205,685
1136,1-864-SUNDANCE INVASION,2005-05-31,2005-06-09,50,864
1991,1-864-SUNDANCE INVASION,2005-06-17,2005-06-25,105,864
4698,1-864-SUNDANCE INVASION,2005-07-08,2005-07-13,570,864
10072,1-864-SUNDANCE INVASION,2005-07-31,2005-08-03,520,864
12086,1-864-SUNDANCE INVASION,2005-08-17,2005-08-26,140,864
2335,2-864-SUNDANCE INVASION,2005-06-18,2005-06-26,446,864
6877,2-864-SUNDANCE INVASION,2005-07-12,2005-07-18,231,864
9723,2-864-SUNDANCE INVASION,2005-07-31,2005-08-03,24,864
12910,2-864-SUNDANCE INVASION,2005-08-19,2005-08-20,128,864
4709,1-864-SUNDANCE INVASION,2005-07-08,2005-07-15,124,864
10130,1-864-SUNDANCE INVASION,2005-07-31,2005-08-04,95,864
12092,1-864-SUNDANCE INVASION,2005-08-17,2005-08-18,38,864
6337,2-864-SUNDANCE INVASION,2005-07-11,2005-07-19,47,864
10761,2-864-SUNDANCE INVASION,2005-08-01,2005-08-08,36,864
14451,2-864-SUNDANCE INVASION,2005-08-21,2005-08-22,467,864
7020,1-864-SUNDANCE INVASION,2005-07-27,2005-07-29,506,864
15105,1-864-SUNDANCE INVASION,2005-08-22,2005-08-26,338,864
7697,1-864-SUNDANCE INVASION,2005-07-28,2005-08-03,377,864
13584,1-864-SUNDANCE INVASION,2006-02-14,,548,864
1138,2-859-SUGAR WONKA,2005-05-31,2005-06-05,438,859
2711,2-859-SUGAR WONKA,2005-06-19,2005-06-21,313,859
5851,2-859-SUGAR WONKA,2005-07-10,2005-07-11,510,859
7937,2-859-SUGAR WONKA,2005-07-28,2005-07-29,323,859
12136,2-859-SUGAR WONKA,2005-08-17,2005-08-23,527,859
4747,2-859-SUGAR WONKA,2005-07-08,2005-07-12,383,859
9721,2-859-SUGAR WONKA,2005-07-31,2005-08-05,196,859
15125,2-859-SUGAR WONKA,2005-08-22,2005-08-29,221,859
5818,1-859-SUGAR WONKA,2005-07-10,2005-07-14,334,859
9209,1-859-SUGAR WONKA,2005-07-30,2005-08-03,23,859
15515,1-859-SUGAR WONKA,2005-08-23,2005-08-25,307,859
7582,1-859-SUGAR WONKA,2005-07-27,2005-07-29,128,859
14013,1-859-SUGAR WONKA,2005-08-20,2005-08-25,496,859
10093,2-859-SUGAR WONKA,2005-07-31,2005-08-04,162,859
13921,2-859-SUGAR WONKA,2005-08-20,2005-08-22,59,859
11151,1-859-SUGAR WONKA,2005-08-02,2005-08-05,391,859
12869,1-859-SUGAR WONKA,2005-08-19,2005-08-26,99,859
1146,1-689-POLLOCK DELIVERANCE,2005-05-31,2005-06-03,250,689
2313,1-689-POLLOCK DELIVERANCE,2005-06-18,2005-06-26,379,689
4282,1-689-POLLOCK DELIVERANCE,2005-07-07,2005-07-11,25,689
6987,1-689-POLLOCK DELIVERANCE,2005-07-27,2005-07-28,334,689
11927,1-689-POLLOCK DELIVERANCE,2005-08-17,2005-08-23,178,689
4358,1-689-POLLOCK DELIVERANCE,2005-07-07,2005-07-14,446,689
7099,1-689-POLLOCK DELIVERANCE,2005-07-27,2005-07-29,6,689
13329,1-689-POLLOCK DELIVERANCE,2005-08-19,2005-08-25,373,689
5349,2-689-POLLOCK DELIVERANCE,2005-07-09,2005-07-18,161,689
10906,2-689-POLLOCK DELIVERANCE,2005-08-02,2005-08-07,463,689
15644,2-689-POLLOCK DELIVERANCE,2006-02-14,,43,689
6229,1-689-POLLOCK DELIVERANCE,2005-07-11,2005-07-20,399,689
10647,1-689-POLLOCK DELIVERANCE,2005-08-01,2005-08-06,115,689
13876,1-689-POLLOCK DELIVERANCE,2005-08-20,2005-08-23,334,689
8221,2-689-POLLOCK DELIVERANCE,2005-07-28,2005-08-02,496,689
13138,2-689-POLLOCK DELIVERANCE,2005-08-19,2005-08-21,214,689
11390,1-689-POLLOCK DELIVERANCE,2005-08-02,2005-08-04,294,689
15260,1-689-POLLOCK DELIVERANCE,2005-08-22,2005-08-24,274,689
1152,2-47-BABY HALL,2005-05-31,2005-06-04,191,47
3449,2-47-BABY HALL,2005-06-21,2005-06-27,181,47
6697,2-47-BABY HALL,2005-07-12,2005-07-19,103,47
11292,2-47-BABY HALL,2005-08-02,2005-08-06,13,47
14881,2-47-BABY HALL,2005-08-22,2005-08-26,425,47
5999,2-47-BABY HALL,2005-07-11,2005-07-19,450,47
9546,2-47-BABY HALL,2005-07-31,2005-08-02,63,47
13582,2-47-BABY HALL,2005-08-20,2005-08-23,166,47
1154,2-599-MOTHER OLEANDER,2005-05-31,2005-06-08,59,599
3238,2-599-MOTHER OLEANDER,2005-06-21,2005-06-23,77,599
4943,2-599-MOTHER OLEANDER,2005-07-08,2005-07-15,11,599
11194,2-599-MOTHER OLEANDER,2005-08-02,2005-08-10,135,599
12664,2-599-MOTHER OLEANDER,2005-08-18,2005-08-25,577,599
3547,1-599-MOTHER OLEANDER,2005-07-06,2005-07-08,239,599
11200,1-599-MOTHER OLEANDER,2005-08-02,2005-08-07,98,599
11662,1-599-MOTHER OLEANDER,2005-08-17,2005-08-26,177,599
7187,2-599-MOTHER OLEANDER,2005-07-27,2005-08-05,169,599
15857,2-599-MOTHER OLEANDER,2005-08-23,2005-08-26,575,599
8652,1-599-MOTHER OLEANDER,2005-07-29,2005-08-07,219,599
13575,1-599-MOTHER OLEANDER,2005-08-20,2005-08-28,339,599
10115,1-599-MOTHER OLEANDER,2005-07-31,2005-08-10,68,599
12033,1-599-MOTHER OLEANDER,2005-08-17,2005-08-26,321,599
1168,1-952-WAGON JAWS,2005-06-14,2005-06-19,481,952
4418,1-952-WAGON JAWS,2005-07-07,2005-07-11,417,952
9824,1-952-WAGON JAWS,2005-07-31,2005-08-07,404,952
12406,1-952-WAGON JAWS,2005-08-18,2005-08-22,510,952
3268,1-952-WAGON JAWS,2005-06-21,2005-06-30,329,952
5678,1-952-WAGON JAWS,2005-07-10,2005-07-19,96,952
9468,1-952-WAGON JAWS,2005-07-30,2005-08-07,20,952
13740,1-952-WAGON JAWS,2005-08-20,2005-08-29,21,952
9788,1-952-WAGON JAWS,2005-07-31,2005-08-09,344,952
14446,1-952-WAGON JAWS,2005-08-21,2005-08-26,21,952
1169,2-236-DIVINE RESURRECTION,2005-06-14,2005-06-16,139,236
4413,2-236-DIVINE RESURRECTION,2005-07-07,2005-07-10,565,236
8054,2-236-DIVINE RESURRECTION,2005-07-28,2005-08-06,225,236
11855,2-236-DIVINE RESURRECTION,2005-08-17,2005-08-26,535,236
1182,2-236-DIVINE RESURRECTION,2005-06-15,2005-06-22,196,236
3993,2-236-DIVINE RESURRECTION,2005-07-06,2005-07-14,525,236
8220,2-236-DIVINE RESURRECTION,2005-07-28,2005-07-31,360,236
15532,2-236-DIVINE RESURRECTION,2006-02-14,,23,236
1941,2-236-DIVINE RESURRECTION,2005-06-17,2005-06-20,519,236
6416,2-236-DIVINE RESURRECTION,2005-07-11,2005-07-13,158,236
7679,2-236-DIVINE RESURRECTION,2005-07-28,2005-08-02,444,236
12498,2-236-DIVINE RESURRECTION,2005-08-18,2005-08-21,408,236
3609,2-236-DIVINE RESURRECTION,2005-07-06,2005-07-10,373,236
11375,2-236-DIVINE RESURRECTION,2005-08-02,2005-08-08,346,236
12950,2-236-DIVINE RESURRECTION,2005-08-19,2005-08-23,463,236
1171,1-890-TIGHTS DAWN,2005-06-14,2005-06-17,284,890
4957,1-890-TIGHTS DAWN,2005-07-08,2005-07-09,399,890
7011,1-890-TIGHTS DAWN,2005-07-27,2005-07-28,254,890
13035,1-890-TIGHTS DAWN,2005-08-19,2005-08-22,135,890
1401,1-890-TIGHTS DAWN,2005-06-15,2005-06-21,366,890
3539,1-890-TIGHTS DAWN,2005-07-06,2005-07-07,444,890
10110,1-890-TIGHTS DAWN,2005-07-31,2005-08-03,138,890
11660,1-890-TIGHTS DAWN,2005-08-17,2005-08-23,525,890
1506,2-890-TIGHTS DAWN,2005-06-15,2005-06-22,404,890
6918,2-890-TIGHTS DAWN,2005-07-12,2005-07-19,140,890
8806,2-890-TIGHTS DAWN,2005-07-29,2005-08-02,454,890
15617,2-890-TIGHTS DAWN,2005-08-23,2005-08-27,569,890
2367,2-890-TIGHTS DAWN,2005-06-18,2005-06-22,566,890
5471,2-890-TIGHTS DAWN,2005-07-09,2005-07-13,347,890
8169,2-890-TIGHTS DAWN,2005-07-28,2005-08-06,366,890
14816,2-890-TIGHTS DAWN,2005-08-22,2005-08-28,534,890
2703,1-890-TIGHTS DAWN,2005-06-19,2005-06-28,319,890
3597,1-890-TIGHTS DAWN,2005-07-06,2005-07-13,35,890
8699,1-890-TIGHTS DAWN,2005-07-29,2005-08-07,123,890
12830,1-890-TIGHTS DAWN,2005-08-19,2005-08-20,409,890
4106,2-890-TIGHTS DAWN,2005-07-07,2005-07-13,563,890
7342,2-890-TIGHTS DAWN,2005-07-27,2005-08-04,504,890
14270,2-890-TIGHTS DAWN,2005-08-21,2005-08-27,171,890
5554,2-890-TIGHTS DAWN,2005-07-10,2005-07-17,252,890
7525,2-890-TIGHTS DAWN,2005-07-27,2005-08-04,281,890
12447,2-890-TIGHTS DAWN,2005-08-18,2005-08-27,469,890
1174,1-581-MINORITY KISS,2005-06-15,2005-06-21,95,581
3925,1-581-MINORITY KISS,2005-07-06,2005-07-15,428,581
8835,1-581-MINORITY KISS,2005-07-29,2005-08-05,237,581
14029,1-581-MINORITY KISS,2005-08-20,2005-08-22,219,581
1500,1-581-MINORITY KISS,2005-06-15,2005-06-18,237,581
4521,1-581-MINORITY KISS,2005-07-08,2005-07-11,327,581
7929,1-581-MINORITY KISS,2005-07-28,2005-07-31,307,581
14277,1-581-MINORITY KISS,2005-08-21,2005-08-28,566,581
2136,1-581-MINORITY KISS,2005-06-17,2005-06-24,20,581
3792,1-581-MINORITY KISS,2005-07-06,2005-07-11,312,581
10161,1-581-MINORITY KISS,2005-07-31,2005-08-02,120,581
12915,1-581-MINORITY KISS,2006-02-14,,516,581
1175,2-716-REAP UNFAITHFUL,2005-06-15,2005-06-20,197,716
6167,2-716-REAP UNFAITHFUL,2005-07-11,2005-07-14,200,716
8232,2-716-REAP UNFAITHFUL,2005-07-29,2005-08-06,526,716
13638,2-716-REAP UNFAITHFUL,2005-08-20,2005-08-23,493,716
2013,2-716-REAP UNFAITHFUL,2005-06-17,2005-06-24,165,716
5092,2-716-REAP UNFAITHFUL,2005-07-09,2005-07-12,139,716
7712,2-716-REAP UNFAITHFUL,2005-07-28,2005-08-02,361,716
5470,1-716-REAP UNFAITHFUL,2005-07-09,2005-07-18,325,716
11149,1-716-REAP UNFAITHFUL,2005-08-02,2005-08-11,358,716
14090,1-716-REAP UNFAITHFUL,2005-08-21,2005-08-23,168,716
5898,2-716-REAP UNFAITHFUL,2005-07-10,2005-07-16,538,716
10751,2-716-REAP UNFAITHFUL,2005-08-01,2005-08-10,518,716
15576,2-716-REAP UNFAITHFUL,2005-08-23,2005-08-26,595,716
6257,1-716-REAP UNFAITHFUL,2005-07-11,2005-07-14,492,716
8077,1-716-REAP UNFAITHFUL,2005-07-28,2005-07-29,122,716
15574,1-716-REAP UNFAITHFUL,2005-08-23,2005-09-01,130,716
1193,1-983-WON DARES,2005-06-15,2005-06-21,561,983
3766,1-983-WON DARES,2005-07-06,2005-07-07,312,983
10460,1-983-WON DARES,2005-08-01,2005-08-09,197,983
13669,1-983-WON DARES,2005-08-20,2005-08-27,261,983
6778,1-983-WON DARES,2005-07-12,2005-07-14,381,983
7490,1-983-WON DARES,2005-07-27,2005-08-04,595,983
15475,1-983-WON DARES,2005-08-23,2005-08-23,562,983
8102,1-983-WON DARES,2005-07-28,2005-08-03,237,983
15359,1-983-WON DARES,2005-08-22,2005-08-29,77,983
1196,1-222-DESERT POSEIDON,2005-06-15,2005-06-18,52,222
5477,1-222-DESERT POSEIDON,2005-07-09,2005-07-15,542,222
7706,1-222-DESERT POSEIDON,2005-07-28,2005-07-29,263,222
15934,1-222-DESERT POSEIDON,2005-08-23,2005-08-25,216,222
2173,2-222-DESERT POSEIDON,2005-06-18,2005-06-25,65,222
6196,2-222-DESERT POSEIDON,2005-07-11,2005-07-18,429,222
8719,2-222-DESERT POSEIDON,2005-07-29,2005-08-01,333,222
12534,2-222-DESERT POSEIDON,2005-08-18,2005-08-25,187,222
4132,1-222-DESERT POSEIDON,2005-07-07,2005-07-10,154,222
11381,1-222-DESERT POSEIDON,2005-08-02,2005-08-08,451,222
11701,1-222-DESERT POSEIDON,2005-08-17,2005-08-19,34,222
4987,2-222-DESERT POSEIDON,2005-07-09,2005-07-14,277,222
7849,2-222-DESERT POSEIDON,2005-07-28,2005-08-06,423,222
15737,2-222-DESERT POSEIDON,2005-08-23,2005-08-28,83,222
5854,2-222-DESERT POSEIDON,2005-07-10,2005-07-13,547,222
10629,2-222-DESERT POSEIDON,2005-08-01,2005-08-08,575,222
15164,2-222-DESERT POSEIDON,2005-08-22,2005-08-25,193,222
7970,2-222-DESERT POSEIDON,2005-07-28,2005-08-02,507,222
13770,2-222-DESERT POSEIDON,2005-08-20,2005-08-22,538,222
1197,1-835-SPY MILE,2005-06-15,2005-06-20,349,835
5330,1-835-SPY MILE,2005-07-09,2005-07-18,410,835
11115,1-835-SPY MILE,2005-08-02,2005-08-04,408,835
13954,1-835-SPY MILE,2005-08-20,2005-08-27,207,835
1365,1-835-SPY MILE,2005-06-15,2005-06-19,25,835
6236,1-835-SPY MILE,2005-07-11,2005-07-14,338,835
10901,1-835-SPY MILE,2005-08-02,2005-08-04,290,835
14296,1-835-SPY MILE,2005-08-21,2005-08-26,275,835
1416,2-835-SPY MILE,2005-06-15,2005-06-22,167,835
4941,2-835-SPY MILE,2005-07-08,2005-07-15,553,835
8213,2-835-SPY MILE,2005-07-28,2005-07-31,17,835
11696,2-835-SPY MILE,2005-08-17,2005-08-21,522,835
1753,2-835-SPY MILE,2005-06-16,2005-06-21,249,835
3905,2-835-SPY MILE,2005-07-06,2005-07-15,526,835
7783,2-835-SPY MILE,2005-07-28,2005-08-01,581,835
11730,2-835-SPY MILE,2005-08-17,2005-08-22,98,835
2757,1-835-SPY MILE,2005-06-19,2005-06-28,243,835
4174,1-835-SPY MILE,2005-07-07,2005-07-11,182,835
10898,1-835-SPY MILE,2005-08-02,2005-08-06,23,835
12310,1-835-SPY MILE,2005-08-18,2005-08-24,385,835
4435,2-835-SPY MILE,2005-07-07,2005-07-14,157,835
7455,2-835-SPY MILE,2005-07-27,2005-07-31,405,835
12744,2-835-SPY MILE,2005-08-18,2005-08-24,593,835
7177,2-835-SPY MILE,2005-07-27,2005-07-30,133,835
13297,2-835-SPY MILE,2005-08-19,2005-08-22,359,835
10525,1-835-SPY MILE,2005-08-01,2005-08-07,36,835
15210,1-835-SPY MILE,2005-08-22,2005-08-29,332,835
1212,1-789-SHOCK CABIN,2005-06-15,2005-06-17,371,789
4035,1-789-SHOCK CABIN,2005-07-07,2005-07-14,539,789
7784,1-789-SHOCK CABIN,2005-07-28,2005-08-06,505,789
15875,1-789-SHOCK CABIN,2006-02-14,,41,789
1312,1-789-SHOCK CABIN,2005-06-15,2005-06-20,313,789
5474,1-789-SHOCK CABIN,2005-07-09,2005-07-15,375,789
10340,1-789-SHOCK CABIN,2005-08-01,2005-08-06,568,789
14954,1-789-SHOCK CABIN,2006-02-14,,525,789
2355,2-789-SHOCK CABIN,2005-06-18,2005-06-26,125,789
4887,2-789-SHOCK CABIN,2005-07-08,2005-07-15,543,789
7740,2-789-SHOCK CABIN,2005-07-28,2005-08-01,395,789
12956,2-789-SHOCK CABIN,2005-08-19,2005-08-28,241,789
2682,1-789-SHOCK CABIN,2005-06-19,2005-06-28,538,789
5042,1-789-SHOCK CABIN,2005-07-09,2005-07-15,254,789
8219,1-789-SHOCK CABIN,2005-07-28,2005-08-03,227,789
14913,1-789-SHOCK CABIN,2005-08-22,2005-08-23,503,789
2930,2-789-SHOCK CABIN,2005-06-20,2005-06-28,585,789
6766,2-789-SHOCK CABIN,2005-07-12,2005-07-18,171,789
9922,2-789-SHOCK CABIN,2005-07-31,2005-08-06,25,789
14880,2-789-SHOCK CABIN,2005-08-22,2005-08-24,224,789
3423,2-789-SHOCK CABIN,2005-06-21,2005-06-23,19,789
6871,2-789-SHOCK CABIN,2005-07-12,2005-07-14,204,789
10695,2-789-SHOCK CABIN,2005-08-01,2005-08-03,374,789
15311,2-789-SHOCK CABIN,2005-08-22,2005-08-31,176,789
3903,2-789-SHOCK CABIN,2005-07-06,2005-07-08,369,789
8523,2-789-SHOCK CABIN,2005-07-29,2005-08-04,558,789
15158,2-789-SHOCK CABIN,2005-08-22,2005-08-27,588,789
4679,1-789-SHOCK CABIN,2005-07-08,2005-07-15,423,789
9745,1-789-SHOCK CABIN,2005-07-31,2005-08-07,217,789
13659,1-789-SHOCK CABIN,2005-08-20,2005-08-24,520,789
1221,2-460-INNOCENT USUAL,2005-06-15,2005-06-18,403,460
6675,2-460-INNOCENT USUAL,2005-07-12,2005-07-13,523,460
7527,2-460-INNOCENT USUAL,2005-07-27,2005-08-05,426,460
12403,2-460-INNOCENT USUAL,2005-08-18,2005-08-23,440,460
1249,1-460-INNOCENT USUAL,2005-06-15,2005-06-22,403,460
4199,1-460-INNOCENT USUAL,2005-07-07,2005-07-11,259,460
8336,1-460-INNOCENT USUAL,2005-07-29,2005-08-05,210,460
12248,1-460-INNOCENT USUAL,2005-08-18,2005-08-22,562,460
3336,1-460-INNOCENT USUAL,2005-06-21,2005-06-22,173,460
4000,1-460-INNOCENT USUAL,2005-07-06,2005-07-08,95,460
10754,1-460-INNOCENT USUAL,2005-08-01,2005-08-10,460,460
13018,1-460-INNOCENT USUAL,2005-08-19,2005-08-26,168,460
4619,2-460-INNOCENT USUAL,2005-07-08,2005-07-16,579,460
9382,2-460-INNOCENT USUAL,2005-07-30,2005-08-06,17,460
11511,2-460-INNOCENT USUAL,2005-08-16,2005-08-18,397,460
5312,1-460-INNOCENT USUAL,2005-07-09,2005-07-13,258,460
8716,1-460-INNOCENT USUAL,2005-07-29,2005-08-03,48,460
15170,1-460-INNOCENT USUAL,2005-08-22,2005-08-23,521,460
5967,2-460-INNOCENT USUAL,2005-07-11,2005-07-18,215,460
7063,2-460-INNOCENT USUAL,2005-07-27,2005-08-04,58,460
14411,2-460-INNOCENT USUAL,2005-08-21,2005-08-22,502,460
6581,1-460-INNOCENT USUAL,2005-07-12,2005-07-14,468,460
10669,1-460-INNOCENT USUAL,2005-08-01,2005-08-08,559,460
12919,1-460-INNOCENT USUAL,2005-08-19,2005-08-24,263,460
8984,2-460-INNOCENT USUAL,2005-07-30,2005-08-04,485,460
13231,2-460-INNOCENT USUAL,2005-08-19,2005-08-27,280,460
1228,2-977-WINDOW SIDE,2005-06-15,2005-06-17,398,977
5497,2-977-WINDOW SIDE,2005-07-10,2005-07-16,92,977
9022,2-977-WINDOW SIDE,2005-07-30,2005-08-03,159,977
11513,2-977-WINDOW SIDE,2005-08-16,2005-08-24,499,977
1588,2-977-WINDOW SIDE,2005-06-16,2005-06-25,322,977
5229,2-977-WINDOW SIDE,2005-07-09,2005-07-14,372,977
8103,2-977-WINDOW SIDE,2005-07-28,2005-08-04,397,977
15966,2-977-WINDOW SIDE,2006-02-14,,374,977
2539,2-977-WINDOW SIDE,2005-06-19,2005-06-19,527,977
4474,2-977-WINDOW SIDE,2005-07-08,2005-07-12,137,977
7397,2-977-WINDOW SIDE,2005-07-27,2005-08-01,245,977
15750,2-977-WINDOW SIDE,2005-08-23,2005-08-24,496,977
1231,2-658-PARIS WEEKEND,2005-06-15,2005-06-20,302,658
5456,2-658-PARIS WEEKEND,2005-07-09,2005-07-12,360,658
10063,2-658-PARIS WEEKEND,2005-07-31,2005-08-09,517,658
15623,2-658-PARIS WEEKEND,2005-08-23,2005-08-31,525,658
1701,2-658-PARIS WEEKEND,2005-06-16,2005-06-22,315,658
5013,2-658-PARIS WEEKEND,2005-07-09,2005-07-16,35,658
10587,2-658-PARIS WEEKEND,2005-08-01,2005-08-08,521,658
14843,2-658-PARIS WEEKEND,2005-08-22,2005-08-28,454,658
2398,2-658-PARIS WEEKEND,2005-06-18,2005-06-27,526,658
3834,2-658-PARIS WEEKEND,2005-07-06,2005-07-13,366,658
11489,2-658-PARIS WEEKEND,2005-08-02,2005-08-04,474,658
15078,2-658-PARIS WEEKEND,2005-08-22,2005-08-25,197,658
7299,2-658-PARIS WEEKEND,2005-07-27,2005-08-03,286,658
14416,2-658-PARIS WEEKEND,2005-08-21,2005-08-25,384,658
1235,2-223-DESIRE ALIEN,2005-06-15,2005-06-22,255,223
5987,2-223-DESIRE ALIEN,2005-07-11,2005-07-16,447,223
8441,2-223-DESIRE ALIEN,2005-07-29,2005-08-04,526,223
15200,2-223-DESIRE ALIEN,2005-08-22,2005-08-24,374,223
2942,2-223-DESIRE ALIEN,2005-06-20,2005-06-29,242,223
6328,2-223-DESIRE ALIEN,2005-07-11,2005-07-12,260,223
9927,2-223-DESIRE ALIEN,2005-07-31,2005-08-01,346,223
12319,2-223-DESIRE ALIEN,2005-08-18,2005-08-23,368,223
1257,2-421-HOLIDAY GAMES,2005-06-15,2005-06-21,267,421
4514,2-421-HOLIDAY GAMES,2005-07-08,2005-07-15,576,421
9325,2-421-HOLIDAY GAMES,2005-07-30,2005-08-08,476,421
15075,2-421-HOLIDAY GAMES,2005-08-22,2005-08-30,535,421
1647,2-421-HOLIDAY GAMES,2005-06-16,2005-06-17,454,421
6375,2-421-HOLIDAY GAMES,2005-07-11,2005-07-18,8,421
9002,2-421-HOLIDAY GAMES,2005-07-30,2005-07-31,137,421
14376,2-421-HOLIDAY GAMES,2005-08-21,2005-08-22,582,421
1903,2-421-HOLIDAY GAMES,2005-06-17,2005-06-26,588,421
4859,2-421-HOLIDAY GAMES,2005-07-08,2005-07-13,369,421
10778,2-421-HOLIDAY GAMES,2005-08-01,2005-08-02,220,421
15469,2-421-HOLIDAY GAMES,2005-08-23,2005-08-27,597,421
3691,2-421-HOLIDAY GAMES,2005-07-06,2005-07-07,478,421
8230,2-421-HOLIDAY GAMES,2005-07-29,2005-08-06,2,421
14448,2-421-HOLIDAY GAMES,2005-08-21,2005-08-30,263,421
1259,1-974-WILD APOLLO,2005-06-15,2005-06-23,570,974
5295,1-974-WILD APOLLO,2005-07-09,2005-07-10,86,974
8917,1-974-WILD APOLLO,2005-07-30,2005-08-05,309,974
13486,1-974-WILD APOLLO,2006-02-14,,274,974
8020,1-974-WILD APOLLO,2005-07-28,2005-08-05,498,974
15264,1-974-WILD APOLLO,2005-08-22,2005-08-24,440,974
1262,2-981-WOLVES DESIRE,2005-06-15,2005-06-22,236,981
3845,2-981-WOLVES DESIRE,2005-07-06,2005-07-09,28,981
9126,2-981-WOLVES DESIRE,2005-07-30,2005-08-02,590,981
12825,2-981-WOLVES DESIRE,2005-08-19,2005-08-20,328,981
1757,1-981-WOLVES DESIRE,2005-06-16,2005-06-18,510,981
5939,1-981-WOLVES DESIRE,2005-07-10,2005-07-14,207,981
9930,1-981-WOLVES DESIRE,2005-07-31,2005-08-01,304,981
12276,1-981-WOLVES DESIRE,2005-08-18,2005-08-22,397,981
3111,2-981-WOLVES DESIRE,2005-06-20,2005-06-29,579,981
6726,2-981-WOLVES DESIRE,2005-07-12,2005-07-16,97,981
10240,2-981-WOLVES DESIRE,2005-08-01,2005-08-07,109,981
14706,2-981-WOLVES DESIRE,2005-08-21,2005-08-22,589,981
3148,1-981-WOLVES DESIRE,2005-06-20,2005-06-24,202,981
3812,1-981-WOLVES DESIRE,2005-07-06,2005-07-08,381,981
11418,1-981-WOLVES DESIRE,2005-08-02,2005-08-06,91,981
14618,1-981-WOLVES DESIRE,2005-08-21,2005-08-28,270,981
3828,2-981-WOLVES DESIRE,2005-07-06,2005-07-10,498,981
9039,2-981-WOLVES DESIRE,2005-07-30,2005-08-08,485,981
14506,2-981-WOLVES DESIRE,2005-08-21,2005-08-24,537,981
7830,1-981-WOLVES DESIRE,2005-07-28,2005-08-04,144,981
14188,1-981-WOLVES DESIRE,2005-08-21,2005-08-22,548,981
1266,1-482-JEOPARDY ENCINO,2005-06-15,2005-06-21,96,482
4733,1-482-JEOPARDY ENCINO,2005-07-08,2005-07-13,93,482
9849,1-482-JEOPARDY ENCINO,2005-07-31,2005-08-02,429,482
11761,1-482-JEOPARDY ENCINO,2005-08-17,2005-08-25,13,482
2596,1-482-JEOPARDY ENCINO,2005-06-19,2005-06-24,80,482
6621,1-482-JEOPARDY ENCINO,2005-07-12,2005-07-14,561,482
8121,1-482-JEOPARDY ENCINO,2005-07-28,2005-08-02,363,482
11688,1-482-JEOPARDY ENCINO,2005-08-17,2005-08-25,82,482
7721,1-482-JEOPARDY ENCINO,2005-07-28,2005-07-31,83,482
13810,1-482-JEOPARDY ENCINO,2005-08-20,2005-08-21,450,482
1267,2-923-UNFAITHFUL KILL,2005-06-15,2005-06-17,509,923
6264,2-923-UNFAITHFUL KILL,2005-07-11,2005-07-12,565,923
10073,2-923-UNFAITHFUL KILL,2005-07-31,2005-08-05,584,923
14253,2-923-UNFAITHFUL KILL,2005-08-21,2005-08-25,456,923
10731,2-923-UNFAITHFUL KILL,2005-08-01,2005-08-08,278,923
15028,2-923-UNFAITHFUL KILL,2005-08-22,2005-08-30,37,923
10756,2-923-UNFAITHFUL KILL,2005-08-01,2005-08-08,596,923
12398,2-923-UNFAITHFUL KILL,2005-08-18,2005-08-27,321,923
1269,1-22-AMISTAD MIDSUMMER,2005-06-15,2005-06-16,59,22
4967,1-22-AMISTAD MIDSUMMER,2005-07-08,2005-07-15,339,22
8326,1-22-AMISTAD MIDSUMMER,2005-07-29,2005-08-01,1,22
13964,1-22-AMISTAD MIDSUMMER,2005-08-20,2005-08-21,128,22
1987,1-22-AMISTAD MIDSUMMER,2005-06-17,2005-06-23,479,22
5106,1-22-AMISTAD MIDSUMMER,2005-07-09,2005-07-13,137,22
10317,1-22-AMISTAD MIDSUMMER,2005-08-01,2005-08-06,561,22
15221,1-22-AMISTAD MIDSUMMER,2005-08-22,2005-08-24,253,22
2923,1-22-AMISTAD MIDSUMMER,2005-06-20,2005-06-21,29,22
6452,1-22-AMISTAD MIDSUMMER,2005-07-12,2005-07-14,388,22
7202,1-22-AMISTAD MIDSUMMER,2005-07-27,2005-08-04,560,22
14346,1-22-AMISTAD MIDSUMMER,2005-08-21,2005-08-23,17,22
5619,2-22-AMISTAD MIDSUMMER,2005-07-10,2005-07-15,204,22
9623,2-22-AMISTAD MIDSUMMER,2005-07-31,2005-08-06,360,22
13281,2-22-AMISTAD MIDSUMMER,2005-08-19,2005-08-20,220,22
7829,1-22-AMISTAD MIDSUMMER,2005-07-28,2005-08-04,5,22
13201,1-22-AMISTAD MIDSUMMER,2005-08-19,2005-08-25,508,22
10105,2-22-AMISTAD MIDSUMMER,2005-07-31,2005-08-09,286,22
14915,2-22-AMISTAD MIDSUMMER,2006-02-14,,349,22
10349,2-22-AMISTAD MIDSUMMER,2005-08-01,2005-08-08,295,22
12532,2-22-AMISTAD MIDSUMMER,2005-08-18,2005-08-24,184,22
1279,1-153-CITIZEN SHREK,2005-06-15,2005-06-18,183,153
5339,1-153-CITIZEN SHREK,2005-07-09,2005-07-10,380,153
11124,1-153-CITIZEN SHREK,2005-08-02,2005-08-10,249,153
11968,1-153-CITIZEN SHREK,2005-08-17,2005-08-18,239,153
1489,1-153-CITIZEN SHREK,2005-06-15,2005-06-22,213,153
6353,1-153-CITIZEN SHREK,2005-07-11,2005-07-21,130,153
11308,1-153-CITIZEN SHREK,2005-08-02,2005-08-05,16,153
14978,1-153-CITIZEN SHREK,2005-08-22,2005-08-25,94,153
3970,1-153-CITIZEN SHREK,2005-07-06,2005-07-15,381,153
7650,1-153-CITIZEN SHREK,2005-07-28,2005-08-05,290,153
15672,1-153-CITIZEN SHREK,2005-08-23,2005-08-27,210,153
9270,1-153-CITIZEN SHREK,2005-07-30,2005-07-31,232,153
13702,1-153-CITIZEN SHREK,2005-08-20,2005-08-29,296,153
1283,2-697-PRIMARY GLASS,2005-06-15,2005-06-16,470,697
4754,2-697-PRIMARY GLASS,2005-07-08,2005-07-11,108,697
7517,2-697-PRIMARY GLASS,2005-07-27,2005-08-04,41,697
13788,2-697-PRIMARY GLASS,2005-08-20,2005-08-28,393,697
2499,1-697-PRIMARY GLASS,2005-06-18,2005-06-20,348,697
4289,1-697-PRIMARY GLASS,2005-07-07,2005-07-09,231,697
8485,1-697-PRIMARY GLASS,2005-07-29,2005-07-30,420,697
13177,1-697-PRIMARY GLASS,2005-08-19,2005-08-23,126,697
3184,2-697-PRIMARY GLASS,2005-06-20,2005-06-29,457,697
5131,2-697-PRIMARY GLASS,2005-07-09,2005-07-10,167,697
8985,2-697-PRIMARY GLASS,2005-07-30,2005-08-06,12,697
11899,2-697-PRIMARY GLASS,2005-08-17,2005-08-24,84,697
3193,2-697-PRIMARY GLASS,2005-06-20,2005-06-22,260,697
4163,2-697-PRIMARY GLASS,2005-07-07,2005-07-10,376,697
10155,2-697-PRIMARY GLASS,2005-07-31,2005-08-07,235,697
13555,2-697-PRIMARY GLASS,2005-08-20,2005-08-29,93,697
4633,2-697-PRIMARY GLASS,2005-07-08,2005-07-15,348,697
9452,2-697-PRIMARY GLASS,2005-07-30,2005-08-04,130,697
13094,2-697-PRIMARY GLASS,2005-08-19,2005-08-21,494,697
5412,1-697-PRIMARY GLASS,2005-07-09,2005-07-18,458,697
9750,1-697-PRIMARY GLASS,2005-07-31,2005-08-06,527,697
14350,1-697-PRIMARY GLASS,2005-08-21,2005-08-30,222,697
6854,1-697-PRIMARY GLASS,2005-07-12,2005-07-16,151,697
9602,1-697-PRIMARY GLASS,2005-07-31,2005-08-01,386,697
13868,1-697-PRIMARY GLASS,2005-08-20,2005-08-22,51,697
7933,1-697-PRIMARY GLASS,2005-07-28,2005-07-29,297,697
14173,1-697-PRIMARY GLASS,2005-08-21,2005-08-22,152,697
1293,1-632-NUTS TIES,2005-06-15,2005-06-18,127,632
5845,1-632-NUTS TIES,2005-07-10,2005-07-12,334,632
9559,1-632-NUTS TIES,2005-07-31,2005-08-08,159,632
15937,1-632-NUTS TIES,2005-08-23,2005-08-24,194,632
4071,1-632-NUTS TIES,2005-07-07,2005-07-13,209,632
7743,1-632-NUTS TIES,2005-07-28,2005-08-03,210,632
15703,1-632-NUTS TIES,2005-08-23,2005-09-01,322,632
8735,1-632-NUTS TIES,2005-07-29,2005-08-03,570,632
11659,1-632-NUTS TIES,2005-08-17,2005-08-22,112,632
1301,2-324-FLINTSTONES HAPPINESS,2005-06-15,2005-06-24,33,324
4506,2-324-FLINTSTONES HAPPINESS,2005-07-08,2005-07-13,133,324
8840,2-324-FLINTSTONES HAPPINESS,2005-07-29,2005-08-06,295,324
12211,2-324-FLINTSTONES HAPPINESS,2005-08-18,2005-08-26,19,324
1595,1-324-FLINTSTONES HAPPINESS,2005-06-16,2005-06-20,244,324
6787,1-324-FLINTSTONES HAPPINESS,2005-07-12,2005-07-18,342,324
8557,1-324-FLINTSTONES HAPPINESS,2005-07-29,2005-08-07,459,324
12055,1-324-FLINTSTONES HAPPINESS,2005-08-17,2005-08-18,35,324
1835,1-324-FLINTSTONES HAPPINESS,2005-06-16,2005-06-19,112,324
4308,1-324-FLINTSTONES HAPPINESS,2005-07-07,2005-07-11,168,324
9338,1-324-FLINTSTONES HAPPINESS,2005-07-30,2005-08-08,333,324
15397,1-324-FLINTSTONES HAPPINESS,2005-08-22,2005-08-25,261,324
5067,1-324-FLINTSTONES HAPPINESS,2005-07-09,2005-07-11,225,324
9445,1-324-FLINTSTONES HAPPINESS,2005-07-30,2005-08-05,549,324
14763,1-324-FLINTSTONES HAPPINESS,2005-08-21,2005-08-31,116,324
8256,2-324-FLINTSTONES HAPPINESS,2005-07-29,2005-07-31,537,324
15378,2-324-FLINTSTONES HAPPINESS,2005-08-22,2005-08-30,340,324
1302,2-72-BILL OTHERS,2005-06-15,2005-06-22,285,72
3576,2-72-BILL OTHERS,2005-07-06,2005-07-15,227,72
11371,2-72-BILL OTHERS,2005-08-02,2005-08-06,561,72
12087,2-72-BILL OTHERS,2005-08-17,2005-08-20,144,72
2000,1-72-BILL OTHERS,2005-06-17,2005-06-22,163,72
5634,1-72-BILL OTHERS,2005-07-10,2005-07-17,487,72
10335,1-72-BILL OTHERS,2005-08-01,2005-08-05,33,72
12647,1-72-BILL OTHERS,2005-08-18,2005-08-27,520,72
2220,1-72-BILL OTHERS,2005-06-18,2005-06-21,587,72
4411,1-72-BILL OTHERS,2005-07-07,2005-07-14,224,72
10363,1-72-BILL OTHERS,2005-08-01,2005-08-05,174,72
15229,1-72-BILL OTHERS,2005-08-22,2005-08-23,63,72
4933,1-72-BILL OTHERS,2005-07-08,2005-07-13,579,72
10425,1-72-BILL OTHERS,2005-08-01,2005-08-05,447,72
12140,1-72-BILL OTHERS,2005-08-17,2005-08-21,408,72
9621,2-72-BILL OTHERS,2005-07-31,2005-08-08,38,72
11906,2-72-BILL OTHERS,2005-08-17,2005-08-20,478,72
9631,1-72-BILL OTHERS,2005-07-31,2005-08-02,595,72
15967,1-72-BILL OTHERS,2005-08-23,2005-08-29,257,72
1306,2-461-INSECTS STONE,2005-06-15,2005-06-19,524,461
4792,2-461-INSECTS STONE,2005-07-08,2005-07-10,147,461
10941,2-461-INSECTS STONE,2005-08-02,2005-08-10,531,461
11504,2-461-INSECTS STONE,2005-08-16,2005-08-18,350,461
1768,2-461-INSECTS STONE,2005-06-16,2005-06-23,131,461
5191,2-461-INSECTS STONE,2005-07-09,2005-07-10,167,461
10939,2-461-INSECTS STONE,2005-08-02,2005-08-04,161,461
14691,2-461-INSECTS STONE,2005-08-21,2005-08-24,404,461
3511,1-461-INSECTS STONE,2005-07-06,2005-07-09,494,461
9495,1-461-INSECTS STONE,2005-07-30,2005-08-01,397,461
13284,1-461-INSECTS STONE,2005-08-19,2005-08-25,338,461
6092,1-461-INSECTS STONE,2005-07-11,2005-07-17,75,461
8956,1-461-INSECTS STONE,2005-07-30,2005-08-01,71,461
13814,1-461-INSECTS STONE,2005-08-20,2005-08-22,436,461
6997,2-461-INSECTS STONE,2005-07-27,2005-07-29,342,461
12607,2-461-INSECTS STONE,2005-08-18,2005-08-19,526,461
8023,2-461-INSECTS STONE,2005-07-28,2005-07-31,411,461
13298,2-461-INSECTS STONE,2006-02-14,,361,461
1308,2-49-BADMAN DAWN,2005-06-15,2005-06-24,236,49
4536,2-49-BADMAN DAWN,2005-07-08,2005-07-15,26,49
8201,2-49-BADMAN DAWN,2005-07-28,2005-08-01,567,49
11954,2-49-BADMAN DAWN,2005-08-17,2005-08-18,145,49
2210,2-49-BADMAN DAWN,2005-06-18,2005-06-21,108,49
5662,2-49-BADMAN DAWN,2005-07-10,2005-07-14,502,49
8499,2-49-BADMAN DAWN,2005-07-29,2005-08-05,42,49
15516,2-49-BADMAN DAWN,2005-08-23,2005-08-30,82,49
2567,1-49-BADMAN DAWN,2005-06-19,2005-06-19,496,49
5479,1-49-BADMAN DAWN,2005-07-09,2005-07-13,250,49
8785,1-49-BADMAN DAWN,2005-07-29,2005-07-30,42,49
12093,1-49-BADMAN DAWN,2005-08-17,2005-08-22,141,49
3398,2-49-BADMAN DAWN,2005-06-21,2005-06-29,599,49
4276,2-49-BADMAN DAWN,2005-07-07,2005-07-09,366,49
8344,2-49-BADMAN DAWN,2005-07-29,2005-08-06,257,49
11883,2-49-BADMAN DAWN,2005-08-17,2005-08-19,551,49
5198,1-49-BADMAN DAWN,2005-07-09,2005-07-13,101,49
7479,1-49-BADMAN DAWN,2005-07-27,2005-07-30,434,49
13280,1-49-BADMAN DAWN,2005-08-19,2005-08-21,368,49
9038,1-49-BADMAN DAWN,2005-07-30,2005-08-06,514,49
15834,1-49-BADMAN DAWN,2005-08-23,2005-09-01,165,49
1309,2-512-LEAGUE HELLFIGHTERS,2005-06-15,2005-06-16,200,512
5450,2-512-LEAGUE HELLFIGHTERS,2005-07-09,2005-07-13,328,512
10964,2-512-LEAGUE HELLFIGHTERS,2005-08-02,2005-08-09,36,512
14116,2-512-LEAGUE HELLFIGHTERS,2005-08-21,2005-08-24,142,512
2447,1-512-LEAGUE HELLFIGHTERS,2005-06-18,2005-06-27,523,512
5335,1-512-LEAGUE HELLFIGHTERS,2005-07-09,2005-07-12,588,512
9227,1-512-LEAGUE HELLFIGHTERS,2005-07-30,2005-08-07,522,512
14427,1-512-LEAGUE HELLFIGHTERS,2005-08-21,2005-08-27,163,512
4958,2-512-LEAGUE HELLFIGHTERS,2005-07-08,2005-07-17,346,512
8670,2-512-LEAGUE HELLFIGHTERS,2005-07-29,2005-08-01,446,512
12491,2-512-LEAGUE HELLFIGHTERS,2005-08-18,2005-08-22,247,512
7409,1-512-LEAGUE HELLFIGHTERS,2005-07-27,2005-07-30,585,512
14046,1-512-LEAGUE HELLFIGHTERS,2005-08-20,2005-08-23,524,512
7465,2-512-LEAGUE HELLFIGHTERS,2005-07-27,2005-07-30,115,512
12525,2-512-LEAGUE HELLFIGHTERS,2005-08-18,2005-08-23,96,512
10295,2-512-LEAGUE HELLFIGHTERS,2005-08-01,2005-08-10,123,512
14754,2-512-LEAGUE HELLFIGHTERS,2005-08-21,2005-08-29,137,512
1310,2-444-HUSTLER PARTY,2005-06-15,2005-06-16,27,444
5361,2-444-HUSTLER PARTY,2005-07-09,2005-07-17,279,444
11267,2-444-HUSTLER PARTY,2005-08-02,2005-08-10,244,444
14059,2-444-HUSTLER PARTY,2005-08-20,2005-08-26,141,444
1766,1-444-HUSTLER PARTY,2005-06-16,2005-06-18,118,444
5741,1-444-HUSTLER PARTY,2005-07-10,2005-07-16,513,444
8811,1-444-HUSTLER PARTY,2005-07-29,2005-08-07,245,444
15686,1-444-HUSTLER PARTY,2005-08-23,2005-08-29,206,444
3687,1-444-HUSTLER PARTY,2005-07-06,2005-07-14,207,444
7967,1-444-HUSTLER PARTY,2005-07-28,2005-08-03,187,444
12955,1-444-HUSTLER PARTY,2005-08-19,2005-08-26,410,444
3923,1-444-HUSTLER PARTY,2005-07-06,2005-07-13,63,444
11391,1-444-HUSTLER PARTY,2005-08-02,2005-08-10,403,444
12208,1-444-HUSTLER PARTY,2005-08-18,2005-08-20,551,444
7910,2-444-HUSTLER PARTY,2005-07-28,2005-08-05,480,444
13053,2-444-HUSTLER PARTY,2005-08-19,2005-08-28,140,444
8969,2-444-HUSTLER PARTY,2005-07-30,2005-08-06,121,444
12438,2-444-HUSTLER PARTY,2005-08-18,2005-08-25,186,444
9178,2-444-HUSTLER PARTY,2005-07-30,2005-08-08,448,444
15082,2-444-HUSTLER PARTY,2005-08-22,2005-08-28,137,444
9345,1-444-HUSTLER PARTY,2005-07-30,2005-08-07,436,444
13891,1-444-HUSTLER PARTY,2005-08-20,2005-08-25,289,444
1318,1-606-MUMMY CREATURES,2005-06-15,2005-06-20,341,606
5755,1-606-MUMMY CREATURES,2005-07-10,2005-07-19,2,606
11352,1-606-MUMMY CREATURES,2005-08-02,2005-08-10,546,606
11785,1-606-MUMMY CREATURES,2005-08-17,2005-08-23,182,606
3517,2-606-MUMMY CREATURES,2005-07-06,2005-07-08,314,606
8413,2-606-MUMMY CREATURES,2005-07-29,2005-08-02,104,606
15541,2-606-MUMMY CREATURES,2005-08-23,2005-08-29,148,606
6329,2-606-MUMMY CREATURES,2005-07-11,2005-07-19,352,606
10718,2-606-MUMMY CREATURES,2005-08-01,2005-08-04,394,606
15956,2-606-MUMMY CREATURES,2005-08-23,2005-08-25,354,606
7401,1-606-MUMMY CREATURES,2005-07-27,2005-08-04,583,606
13227,1-606-MUMMY CREATURES,2005-08-19,2005-08-20,288,606
9784,2-606-MUMMY CREATURES,2005-07-31,2005-08-07,362,606
15901,2-606-MUMMY CREATURES,2005-08-23,2005-08-30,226,606
11028,2-606-MUMMY CREATURES,2005-08-02,2005-08-10,66,606
12891,2-606-MUMMY CREATURES,2006-02-14,,388,606
1325,2-10-ALADDIN CALENDAR,2005-06-15,2005-06-20,193,10
4707,2-10-ALADDIN CALENDAR,2005-07-08,2005-07-10,286,10
8821,2-10-ALADDIN CALENDAR,2005-07-29,2005-08-05,477,10
14041,2-10-ALADDIN CALENDAR,2005-08-20,2005-08-26,247,10
1783,2-10-ALADDIN CALENDAR,2005-06-16,2005-06-18,18,10
4042,2-10-ALADDIN CALENDAR,2005-07-07,2005-07-10,10,10
10786,2-10-ALADDIN CALENDAR,2005-08-01,2005-08-10,490,10
14413,2-10-ALADDIN CALENDAR,2005-08-21,2005-08-29,367,10
1948,1-10-ALADDIN CALENDAR,2005-06-17,2005-06-21,89,10
6703,1-10-ALADDIN CALENDAR,2005-07-12,2005-07-16,470,10
7174,1-10-ALADDIN CALENDAR,2005-07-27,2005-08-01,570,10
13109,1-10-ALADDIN CALENDAR,2005-08-19,2005-08-25,259,10
2562,2-10-ALADDIN CALENDAR,2005-06-19,2005-06-21,265,10
5139,2-10-ALADDIN CALENDAR,2005-07-09,2005-07-18,539,10
9184,2-10-ALADDIN CALENDAR,2005-07-30,2005-08-01,365,10
12704,2-10-ALADDIN CALENDAR,2005-08-18,2005-08-21,93,10
4400,1-10-ALADDIN CALENDAR,2005-07-07,2005-07-16,370,10
10210,1-10-ALADDIN CALENDAR,2005-08-01,2005-08-10,391,10
13878,1-10-ALADDIN CALENDAR,2005-08-20,2005-08-21,481,10
10482,1-10-ALADDIN CALENDAR,2005-08-01,2005-08-02,358,10
14697,1-10-ALADDIN CALENDAR,2005-08-21,2005-08-26,409,10
10696,1-10-ALADDIN CALENDAR,2005-08-01,2005-08-04,120,10
13345,1-10-ALADDIN CALENDAR,2005-08-19,2005-08-27,55,10
1330,2-270-EARTH VISION,2005-06-15,2005-06-24,587,270
4306,2-270-EARTH VISION,2005-07-07,2005-07-16,210,270
7335,2-270-EARTH VISION,2005-07-27,2005-08-05,219,270
15293,2-270-EARTH VISION,2006-02-14,,263,270
1818,2-270-EARTH VISION,2005-06-16,2005-06-20,63,270
6544,2-270-EARTH VISION,2005-07-12,2005-07-17,97,270
7528,2-270-EARTH VISION,2005-07-27,2005-08-03,213,270
12972,2-270-EARTH VISION,2005-08-19,2005-08-27,55,270
3416,1-270-EARTH VISION,2005-06-21,2005-06-23,76,270
5236,1-270-EARTH VISION,2005-07-09,2005-07-13,519,270
11185,1-270-EARTH VISION,2005-08-02,2005-08-05,469,270
14063,1-270-EARTH VISION,2005-08-20,2005-08-25,275,270
4216,1-270-EARTH VISION,2005-07-07,2005-07-08,467,270
7906,1-270-EARTH VISION,2005-07-28,2005-08-01,85,270
15614,1-270-EARTH VISION,2005-08-23,2005-09-01,287,270
4888,2-270-EARTH VISION,2005-07-08,2005-07-10,527,270
7159,2-270-EARTH VISION,2005-07-27,2005-08-05,158,270
13457,2-270-EARTH VISION,2005-08-20,2005-08-26,256,270
6846,1-270-EARTH VISION,2005-07-12,2005-07-17,18,270
10222,1-270-EARTH VISION,2005-08-01,2005-08-08,295,270
12887,1-270-EARTH VISION,2005-08-19,2005-08-27,150,270
10755,2-270-EARTH VISION,2005-08-01,2005-08-07,239,270
15194,2-270-EARTH VISION,2005-08-22,2005-08-26,332,270
1333,2-99-BRINGING HYSTERICAL,2005-06-15,2005-06-16,310,99
6171,2-99-BRINGING HYSTERICAL,2005-07-11,2005-07-16,491,99
9652,2-99-BRINGING HYSTERICAL,2005-07-31,2005-08-06,207,99
12343,2-99-BRINGING HYSTERICAL,2005-08-18,2005-08-27,507,99
2577,1-99-BRINGING HYSTERICAL,2005-06-19,2005-06-28,66,99
3667,1-99-BRINGING HYSTERICAL,2005-07-06,2005-07-15,373,99
7883,1-99-BRINGING HYSTERICAL,2005-07-28,2005-08-02,526,99
12784,1-99-BRINGING HYSTERICAL,2005-08-19,2005-08-20,513,99
4195,2-99-BRINGING HYSTERICAL,2005-07-07,2005-07-14,455,99
10880,2-99-BRINGING HYSTERICAL,2005-08-02,2005-08-06,528,99
15179,2-99-BRINGING HYSTERICAL,2005-08-22,2005-08-31,328,99
4777,2-99-BRINGING HYSTERICAL,2005-07-08,2005-07-16,102,99
9027,2-99-BRINGING HYSTERICAL,2005-07-30,2005-08-03,72,99
12030,2-99-BRINGING HYSTERICAL,2005-08-17,2005-08-19,434,99
4782,1-99-BRINGING HYSTERICAL,2005-07-08,2005-07-17,436,99
10634,1-99-BRINGING HYSTERICAL,2005-08-01,2005-08-02,592,99
15637,1-99-BRINGING HYSTERICAL,2005-08-23,2005-08-29,172,99
6660,1-99-BRINGING HYSTERICAL,2005-07-12,2005-07-20,598,99
10745,1-99-BRINGING HYSTERICAL,2005-08-01,2005-08-07,307,99
12695,1-99-BRINGING HYSTERICAL,2005-08-18,2005-08-25,483,99
1356,1-291-EVOLUTION ALTER,2005-06-15,2005-06-19,212,291
4664,1-291-EVOLUTION ALTER,2005-07-08,2005-07-12,546,291
8107,1-291-EVOLUTION ALTER,2005-07-28,2005-08-05,518,291
14001,1-291-EVOLUTION ALTER,2005-08-20,2005-08-27,120,291
3598,1-291-EVOLUTION ALTER,2005-07-06,2005-07-09,68,291
8761,1-291-EVOLUTION ALTER,2005-07-29,2005-08-08,539,291
11822,1-291-EVOLUTION ALTER,2005-08-17,2005-08-18,263,291
4719,1-291-EVOLUTION ALTER,2005-07-08,2005-07-15,556,291
11136,1-291-EVOLUTION ALTER,2005-08-02,2005-08-08,559,291
13455,1-291-EVOLUTION ALTER,2005-08-20,2005-08-26,133,291
8105,1-291-EVOLUTION ALTER,2005-07-28,2005-07-29,314,291
13377,1-291-EVOLUTION ALTER,2005-08-19,2005-08-25,572,291
1363,1-168-COMANCHEROS ENEMY,2005-06-15,2005-06-17,197,168
6010,1-168-COMANCHEROS ENEMY,2005-07-11,2005-07-13,285,168
9219,1-168-COMANCHEROS ENEMY,2005-07-30,2005-08-01,329,168
13004,1-168-COMANCHEROS ENEMY,2005-08-19,2005-08-20,442,168
7535,1-168-COMANCHEROS ENEMY,2005-07-27,2005-08-05,123,168
16045,1-168-COMANCHEROS ENEMY,2005-08-23,2005-08-25,14,168
1373,2-64-BEETHOVEN EXORCIST,2005-06-15,2005-06-22,51,64
6168,2-64-BEETHOVEN EXORCIST,2005-07-11,2005-07-14,77,64
7832,2-64-BEETHOVEN EXORCIST,2005-07-28,2005-08-04,92,64
14027,2-64-BEETHOVEN EXORCIST,2005-08-20,2005-08-28,432,64
3005,2-64-BEETHOVEN EXORCIST,2005-06-20,2005-06-28,598,64
5257,2-64-BEETHOVEN EXORCIST,2005-07-09,2005-07-10,292,64
7497,2-64-BEETHOVEN EXORCIST,2005-07-27,2005-07-30,387,64
12846,2-64-BEETHOVEN EXORCIST,2005-08-19,2005-08-25,305,64
6127,2-64-BEETHOVEN EXORCIST,2005-07-11,2005-07-12,355,64
8935,2-64-BEETHOVEN EXORCIST,2005-07-30,2005-08-02,76,64
13447,2-64-BEETHOVEN EXORCIST,2005-08-20,2005-08-25,542,64
1375,1-777-SECRETARY ROUGE,2005-06-15,2005-06-21,500,777
3806,1-777-SECRETARY ROUGE,2005-07-06,2005-07-14,154,777
9866,1-777-SECRETARY ROUGE,2005-07-31,2005-08-07,374,777
14293,1-777-SECRETARY ROUGE,2005-08-21,2005-08-22,364,777
2758,2-777-SECRETARY ROUGE,2005-06-19,2005-06-26,423,777
4287,2-777-SECRETARY ROUGE,2005-07-07,2005-07-16,94,777
9321,2-777-SECRETARY ROUGE,2005-07-30,2005-08-06,112,777
13288,2-777-SECRETARY ROUGE,2005-08-19,2005-08-20,162,777
4761,2-777-SECRETARY ROUGE,2005-07-08,2005-07-14,351,777
8144,2-777-SECRETARY ROUGE,2005-07-28,2005-07-31,320,777
12879,2-777-SECRETARY ROUGE,2005-08-19,2005-08-24,210,777
5805,1-777-SECRETARY ROUGE,2005-07-10,2005-07-19,532,777
10806,1-777-SECRETARY ROUGE,2005-08-01,2005-08-04,89,777
15322,1-777-SECRETARY ROUGE,2005-08-22,2005-08-25,263,777
9347,2-777-SECRETARY ROUGE,2005-07-30,2005-08-05,479,777
15404,2-777-SECRETARY ROUGE,2005-08-22,2005-08-30,211,777
11026,1-777-SECRETARY ROUGE,2005-08-02,2005-08-07,531,777
14800,1-777-SECRETARY ROUGE,2005-08-22,2005-08-26,533,777
1381,2-718-REBEL AIRPORT,2005-06-15,2005-06-20,300,718
3599,2-718-REBEL AIRPORT,2005-07-06,2005-07-13,577,718
9732,2-718-REBEL AIRPORT,2005-07-31,2005-08-07,288,718
15481,2-718-REBEL AIRPORT,2005-08-23,2005-08-27,414,718
1437,2-718-REBEL AIRPORT,2005-06-15,2005-06-20,96,718
4044,2-718-REBEL AIRPORT,2005-07-07,2005-07-13,94,718
7723,2-718-REBEL AIRPORT,2005-07-28,2005-07-30,147,718
15405,2-718-REBEL AIRPORT,2005-08-22,2005-08-25,596,718
1385,1-888-THIN SAGEBRUSH,2005-06-15,2005-06-18,396,888
4567,1-888-THIN SAGEBRUSH,2005-07-08,2005-07-10,202,888
10434,1-888-THIN SAGEBRUSH,2005-08-01,2005-08-06,73,888
11597,1-888-THIN SAGEBRUSH,2005-08-17,2005-08-26,272,888
4029,1-888-THIN SAGEBRUSH,2005-07-07,2005-07-15,518,888
9372,1-888-THIN SAGEBRUSH,2005-07-30,2005-08-09,454,888
12747,1-888-THIN SAGEBRUSH,2005-08-18,2005-08-22,549,888
7327,1-888-THIN SAGEBRUSH,2005-07-27,2005-08-04,508,888
14649,1-888-THIN SAGEBRUSH,2005-08-21,2005-08-22,43,888
8622,1-888-THIN SAGEBRUSH,2005-07-29,2005-07-31,98,888
12261,1-888-THIN SAGEBRUSH,2005-08-18,2005-08-27,485,888
1395,1-165-COLDBLOODED DARLING,2005-06-15,2005-06-23,252,165
5763,1-165-COLDBLOODED DARLING,2005-07-10,2005-07-14,397,165
7017,1-165-COLDBLOODED DARLING,2005-07-27,2005-07-31,176,165
11585,1-165-COLDBLOODED DARLING,2005-08-17,2005-08-20,297,165
2285,1-165-COLDBLOODED DARLING,2005-06-18,2005-06-25,447,165
4603,1-165-COLDBLOODED DARLING,2005-07-08,2005-07-17,334,165
9242,1-165-COLDBLOODED DARLING,2005-07-30,2005-08-02,306,165
14835,1-165-COLDBLOODED DARLING,2005-08-22,2005-08-30,404,165
3945,1-165-COLDBLOODED DARLING,2005-07-06,2005-07-08,86,165
8372,1-165-COLDBLOODED DARLING,2005-07-29,2005-08-06,523,165
15580,1-165-COLDBLOODED DARLING,2005-08-23,2005-09-01,279,165
5618,2-165-COLDBLOODED DARLING,2005-07-10,2005-07-18,316,165
10180,2-165-COLDBLOODED DARLING,2005-07-31,2005-08-09,50,165
12834,2-165-COLDBLOODED DARLING,2005-08-19,2005-08-24,133,165
6988,2-165-COLDBLOODED DARLING,2005-07-27,2005-07-31,316,165
13710,2-165-COLDBLOODED DARLING,2005-08-20,2005-08-21,333,165
1434,1-919-TYCOON GATHERING,2005-06-15,2005-06-24,544,919
3841,1-919-TYCOON GATHERING,2005-07-06,2005-07-08,470,919
9735,1-919-TYCOON GATHERING,2005-07-31,2005-08-08,315,919
12203,1-919-TYCOON GATHERING,2005-08-18,2005-08-22,591,919
5108,1-919-TYCOON GATHERING,2005-07-09,2005-07-17,30,919
10122,1-919-TYCOON GATHERING,2005-07-31,2005-08-09,196,919
13700,1-919-TYCOON GATHERING,2005-08-20,2005-08-27,265,919
5256,1-919-TYCOON GATHERING,2005-07-09,2005-07-15,273,919
11276,1-919-TYCOON GATHERING,2005-08-02,2005-08-04,190,919
15538,1-919-TYCOON GATHERING,2005-08-23,2005-08-28,211,919
9330,1-919-TYCOON GATHERING,2005-07-30,2005-08-08,232,919
15594,1-919-TYCOON GATHERING,2005-08-23,2005-09-01,567,919
1464,2-894-TOMATOES HELLFIGHTERS,2005-06-15,2005-06-17,387,894
5020,2-894-TOMATOES HELLFIGHTERS,2005-07-09,2005-07-09,565,894
11460,2-894-TOMATOES HELLFIGHTERS,2005-08-02,2005-08-08,403,894
13040,2-894-TOMATOES HELLFIGHTERS,2005-08-19,2005-08-23,425,894
4114,1-894-TOMATOES HELLFIGHTERS,2005-07-07,2005-07-15,426,894
8465,1-894-TOMATOES HELLFIGHTERS,2005-07-29,2005-07-31,238,894
14499,1-894-TOMATOES HELLFIGHTERS,2005-08-21,2005-08-23,292,894
4799,2-894-TOMATOES HELLFIGHTERS,2005-07-08,2005-07-12,512,894
10182,2-894-TOMATOES HELLFIGHTERS,2005-08-01,2005-08-09,578,894
12355,2-894-TOMATOES HELLFIGHTERS,2005-08-18,2005-08-20,452,894
10378,1-894-TOMATOES HELLFIGHTERS,2005-08-01,2005-08-06,113,894
13608,1-894-TOMATOES HELLFIGHTERS,2005-08-20,2005-08-24,193,894
11272,1-894-TOMATOES HELLFIGHTERS,2005-08-02,2005-08-07,158,894
12059,1-894-TOMATOES HELLFIGHTERS,2005-08-17,2005-08-25,393,894
1466,2-235-DIVIDE MONSTER,2005-06-15,2005-06-24,288,235
4766,2-235-DIVIDE MONSTER,2005-07-08,2005-07-15,149,235
7619,2-235-DIVIDE MONSTER,2005-07-28,2005-07-30,419,235
13233,2-235-DIVIDE MONSTER,2005-08-19,2005-08-24,279,235
2368,2-235-DIVIDE MONSTER,2005-06-18,2005-06-23,99,235
6529,2-235-DIVIDE MONSTER,2005-07-12,2005-07-17,503,235
7134,2-235-DIVIDE MONSTER,2005-07-27,2005-07-28,574,235
12803,2-235-DIVIDE MONSTER,2005-08-19,2005-08-23,390,235
2864,1-235-DIVIDE MONSTER,2005-06-20,2005-06-26,493,235
5633,1-235-DIVIDE MONSTER,2005-07-10,2005-07-11,480,235
10231,1-235-DIVIDE MONSTER,2005-08-01,2005-08-06,511,235
13839,1-235-DIVIDE MONSTER,2005-08-20,2005-08-26,437,235
2926,1-235-DIVIDE MONSTER,2005-06-20,2005-06-26,379,235
4298,1-235-DIVIDE MONSTER,2005-07-07,2005-07-12,560,235
8529,1-235-DIVIDE MONSTER,2005-07-29,2005-08-01,501,235
13323,1-235-DIVIDE MONSTER,2005-08-19,2005-08-23,133,235
4771,2-235-DIVIDE MONSTER,2005-07-08,2005-07-10,32,235
10497,2-235-DIVIDE MONSTER,2005-08-01,2005-08-07,499,235
12107,2-235-DIVIDE MONSTER,2005-08-17,2005-08-24,141,235
8443,2-235-DIVIDE MONSTER,2005-07-29,2005-08-02,251,235
12508,2-235-DIVIDE MONSTER,2005-08-18,2005-08-22,29,235
1471,2-122-CARRIE BUNCH,2005-06-15,2005-06-24,428,122
5445,2-122-CARRIE BUNCH,2005-07-09,2005-07-15,578,122
10744,2-122-CARRIE BUNCH,2005-08-01,2005-08-09,439,122
15109,2-122-CARRIE BUNCH,2005-08-22,2005-08-30,588,122
2045,1-122-CARRIE BUNCH,2005-06-17,2005-06-26,391,122
4535,1-122-CARRIE BUNCH,2005-07-08,2005-07-13,29,122
10238,1-122-CARRIE BUNCH,2005-08-01,2005-08-02,192,122
16013,1-122-CARRIE BUNCH,2005-08-23,2005-08-26,462,122
3302,1-122-CARRIE BUNCH,2005-06-21,2005-06-29,594,122
5481,1-122-CARRIE BUNCH,2005-07-09,2005-07-11,479,122
8301,1-122-CARRIE BUNCH,2005-07-29,2005-08-01,101,122
12639,1-122-CARRIE BUNCH,2005-08-18,2005-08-27,500,122
3427,1-122-CARRIE BUNCH,2005-06-21,2005-06-22,561,122
6152,1-122-CARRIE BUNCH,2005-07-11,2005-07-17,361,122
11108,1-122-CARRIE BUNCH,2005-08-02,2005-08-03,447,122
15409,1-122-CARRIE BUNCH,2005-08-22,2005-08-24,188,122
4394,1-122-CARRIE BUNCH,2005-07-07,2005-07-16,156,122
7936,1-122-CARRIE BUNCH,2005-07-28,2005-07-30,520,122
13870,1-122-CARRIE BUNCH,2005-08-20,2005-08-28,167,122
10765,2-122-CARRIE BUNCH,2005-08-01,2005-08-04,337,122
12253,2-122-CARRIE BUNCH,2005-08-18,2005-08-19,446,122
11343,2-122-CARRIE BUNCH,2005-08-02,2005-08-09,466,122
14756,2-122-CARRIE BUNCH,2005-08-21,2005-08-24,288,122
1474,2-35-ARACHNOPHOBIA ROLLERCOASTER,2005-06-15,2005-06-19,202,35
5919,2-35-ARACHNOPHOBIA ROLLERCOASTER,2005-07-10,2005-07-12,92,35
9024,2-35-ARACHNOPHOBIA ROLLERCOASTER,2005-07-30,2005-08-05,329,35
13257,2-35-ARACHNOPHOBIA ROLLERCOASTER,2005-08-19,2005-08-24,300,35
1499,2-35-ARACHNOPHOBIA ROLLERCOASTER,2005-06-15,2005-06-22,375,35
3930,2-35-ARACHNOPHOBIA ROLLERCOASTER,2005-07-06,2005-07-10,573,35
8741,2-35-ARACHNOPHOBIA ROLLERCOASTER,2005-07-29,2005-08-03,4,35
15408,2-35-ARACHNOPHOBIA ROLLERCOASTER,2005-08-22,2005-08-30,156,35
1574,1-35-ARACHNOPHOBIA ROLLERCOASTER,2005-06-16,2005-06-22,305,35
5205,1-35-ARACHNOPHOBIA ROLLERCOASTER,2005-07-09,2005-07-13,79,35
9394,1-35-ARACHNOPHOBIA ROLLERCOASTER,2005-07-30,2005-08-06,204,35
15324,1-35-ARACHNOPHOBIA ROLLERCOASTER,2005-08-22,2005-08-29,93,35
1582,1-35-ARACHNOPHOBIA ROLLERCOASTER,2005-06-16,2005-06-22,536,35
5739,1-35-ARACHNOPHOBIA ROLLERCOASTER,2005-07-10,2005-07-19,219,35
10051,1-35-ARACHNOPHOBIA ROLLERCOASTER,2005-07-31,2005-08-05,74,35
13523,1-35-ARACHNOPHOBIA ROLLERCOASTER,2005-08-20,2005-08-28,572,35
3507,2-35-ARACHNOPHOBIA ROLLERCOASTER,2005-07-06,2005-07-15,480,35
9111,2-35-ARACHNOPHOBIA ROLLERCOASTER,2005-07-30,2005-08-04,211,35
12357,2-35-ARACHNOPHOBIA ROLLERCOASTER,2005-08-18,2005-08-22,19,35
5754,1-35-ARACHNOPHOBIA ROLLERCOASTER,2005-07-10,2005-07-12,291,35
7848,1-35-ARACHNOPHOBIA ROLLERCOASTER,2005-07-28,2005-08-05,509,35
11527,1-35-ARACHNOPHOBIA ROLLERCOASTER,2005-08-17,2005-08-22,264,35
8648,1-35-ARACHNOPHOBIA ROLLERCOASTER,2005-07-29,2005-07-31,416,35
15367,1-35-ARACHNOPHOBIA ROLLERCOASTER,2005-08-22,2005-08-27,355,35
1477,2-91-BOUND CHEAPER,2005-06-15,2005-06-19,51,91
3699,2-91-BOUND CHEAPER,2005-07-06,2005-07-14,262,91
11405,2-91-BOUND CHEAPER,2005-08-02,2005-08-07,10,91
15021,2-91-BOUND CHEAPER,2006-02-14,,100,91
2837,2-91-BOUND CHEAPER,2005-06-19,2005-06-20,371,91
4846,2-91-BOUND CHEAPER,2005-07-08,2005-07-10,556,91
9526,2-91-BOUND CHEAPER,2005-07-31,2005-08-04,342,91
15071,2-91-BOUND CHEAPER,2005-08-22,2005-08-31,541,91
4269,2-91-BOUND CHEAPER,2005-07-07,2005-07-09,496,91
10419,2-91-BOUND CHEAPER,2005-08-01,2005-08-06,66,91
15649,2-91-BOUND CHEAPER,2005-08-23,2005-08-30,60,91
4899,1-91-BOUND CHEAPER,2005-07-08,2005-07-10,32,91
9440,1-91-BOUND CHEAPER,2005-07-30,2005-08-04,535,91
12660,1-91-BOUND CHEAPER,2005-08-18,2005-08-27,21,91
5156,2-91-BOUND CHEAPER,2005-07-09,2005-07-15,5,91
7120,2-91-BOUND CHEAPER,2005-07-27,2005-08-04,98,91
13404,2-91-BOUND CHEAPER,2005-08-19,2005-08-23,414,91
6438,1-91-BOUND CHEAPER,2005-07-12,2005-07-17,211,91
8544,1-91-BOUND CHEAPER,2005-07-29,2005-08-06,542,91
14695,1-91-BOUND CHEAPER,2005-08-21,2005-08-22,206,91
8065,1-91-BOUND CHEAPER,2005-07-28,2005-08-04,220,91
14794,1-91-BOUND CHEAPER,2005-08-22,2005-08-28,156,91
10496,1-91-BOUND CHEAPER,2005-08-01,2005-08-08,525,91
13723,1-91-BOUND CHEAPER,2005-08-20,2005-08-27,110,91
1479,2-37-ARIZONA BANG,2005-06-15,2005-06-17,592,37
6658,2-37-ARIZONA BANG,2005-07-12,2005-07-17,27,37
11284,2-37-ARIZONA BANG,2005-08-02,2005-08-04,8,37
14236,2-37-ARIZONA BANG,2005-08-21,2005-08-26,25,37
1993,1-37-ARIZONA BANG,2005-06-17,2005-06-23,234,37
5780,1-37-ARIZONA BANG,2005-07-10,2005-07-14,516,37
10829,1-37-ARIZONA BANG,2005-08-01,2005-08-09,554,37
12893,1-37-ARIZONA BANG,2005-08-19,2005-08-20,498,37
2292,2-37-ARIZONA BANG,2005-06-18,2005-06-20,130,37
4746,2-37-ARIZONA BANG,2005-07-08,2005-07-11,148,37
10951,2-37-ARIZONA BANG,2005-08-02,2005-08-07,144,37
11565,2-37-ARIZONA BANG,2005-08-17,2005-08-23,83,37
6897,1-37-ARIZONA BANG,2005-07-12,2005-07-15,13,37
9830,1-37-ARIZONA BANG,2005-07-31,2005-08-06,112,37
15563,1-37-ARIZONA BANG,2005-08-23,2005-08-24,372,37
7155,2-37-ARIZONA BANG,2005-07-27,2005-08-04,23,37
15010,2-37-ARIZONA BANG,2005-08-22,2005-08-29,508,37
10873,1-37-ARIZONA BANG,2005-08-02,2005-08-07,506,37
14494,1-37-ARIZONA BANG,2005-08-21,2005-08-22,5,37
11462,1-37-ARIZONA BANG,2005-08-02,2005-08-10,268,37
12558,1-37-ARIZONA BANG,2005-08-18,2005-08-26,289,37
1487,2-830-SPIRIT FLINTSTONES,2005-06-15,2005-06-22,76,830
4193,2-830-SPIRIT FLINTSTONES,2005-07-07,2005-07-09,445,830
7478,2-830-SPIRIT FLINTSTONES,2005-07-27,2005-08-04,521,830
11844,2-830-SPIRIT FLINTSTONES,2005-08-17,2005-08-18,368,830
1532,2-830-SPIRIT FLINTSTONES,2005-06-16,2005-06-20,290,830
6727,2-830-SPIRIT FLINTSTONES,2005-07-12,2005-07-14,407,830
9539,2-830-SPIRIT FLINTSTONES,2005-07-31,2005-08-04,436,830
14075,2-830-SPIRIT FLINTSTONES,2005-08-20,2005-08-26,32,830
1784,2-830-SPIRIT FLINTSTONES,2005-06-16,2005-06-20,134,830
6032,2-830-SPIRIT FLINTSTONES,2005-07-11,2005-07-18,28,830
9434,2-830-SPIRIT FLINTSTONES,2005-07-30,2005-08-01,13,830
13084,2-830-SPIRIT FLINTSTONES,2005-08-19,2005-08-26,204,830
5434,2-830-SPIRIT FLINTSTONES,2005-07-09,2005-07-15,334,830
7616,2-830-SPIRIT FLINTSTONES,2005-07-28,2005-07-30,9,830
11642,2-830-SPIRIT FLINTSTONES,2005-08-17,2005-08-18,25,830
1502,2-722-REEF SALUTE,2005-06-15,2005-06-23,5,722
5773,2-722-REEF SALUTE,2005-07-10,2005-07-15,180,722
9200,2-722-REEF SALUTE,2005-07-30,2005-08-08,137,722
13841,2-722-REEF SALUTE,2005-08-20,2005-08-29,203,722
5771,1-722-REEF SALUTE,2005-07-10,2005-07-14,153,722
11268,1-722-REEF SALUTE,2005-08-02,2005-08-04,558,722
12206,1-722-REEF SALUTE,2005-08-18,2005-08-23,254,722
7414,1-722-REEF SALUTE,2005-07-27,2005-08-02,265,722
15205,1-722-REEF SALUTE,2005-08-22,2005-08-27,489,722
8809,2-722-REEF SALUTE,2005-07-29,2005-08-04,8,722
13851,2-722-REEF SALUTE,2005-08-20,2005-08-22,80,722
1515,2-714-RANDOM GO,2005-06-15,2005-06-20,115,714
3696,2-714-RANDOM GO,2005-07-06,2005-07-11,497,714
9074,2-714-RANDOM GO,2005-07-30,2005-08-01,84,714
14086,2-714-RANDOM GO,2005-08-20,2005-08-27,253,714
4188,2-714-RANDOM GO,2005-07-07,2005-07-16,391,714
10892,2-714-RANDOM GO,2005-08-02,2005-08-09,109,714
12733,2-714-RANDOM GO,2005-08-18,2005-08-24,144,714
8779,2-714-RANDOM GO,2005-07-29,2005-08-03,202,714
13882,2-714-RANDOM GO,2005-08-20,2005-08-22,51,714
1517,1-815-SNATCHERS MONTEZUMA,2005-06-15,2005-06-23,148,815
4325,1-815-SNATCHERS MONTEZUMA,2005-07-07,2005-07-16,373,815
10212,1-815-SNATCHERS MONTEZUMA,2005-08-01,2005-08-02,324,815
11833,1-815-SNATCHERS MONTEZUMA,2005-08-17,2005-08-18,424,815
4381,1-815-SNATCHERS MONTEZUMA,2005-07-07,2005-07-10,486,815
10038,1-815-SNATCHERS MONTEZUMA,2005-07-31,2005-08-01,112,815
15953,1-815-SNATCHERS MONTEZUMA,2005-08-23,2005-08-28,540,815
10618,1-815-SNATCHERS MONTEZUMA,2005-08-01,2005-08-06,386,815
12286,1-815-SNATCHERS MONTEZUMA,2005-08-18,2005-08-18,34,815
1518,2-990-WORLD LEATHERNECKS,2005-06-15,2005-06-16,237,990
3527,2-990-WORLD LEATHERNECKS,2005-07-06,2005-07-08,389,990
8932,2-990-WORLD LEATHERNECKS,2005-07-30,2005-08-04,295,990
14616,2-990-WORLD LEATHERNECKS,2006-02-14,,532,990
1573,2-990-WORLD LEATHERNECKS,2005-06-16,2005-06-25,371,990
6027,2-990-WORLD LEATHERNECKS,2005-07-11,2005-07-18,513,990
9072,2-990-WORLD LEATHERNECKS,2005-07-30,2005-08-04,106,990
14504,2-990-WORLD LEATHERNECKS,2005-08-21,2005-08-27,312,990
1521,1-937-VARSITY TRIP,2005-06-15,2005-06-18,149,937
4498,1-937-VARSITY TRIP,2005-07-08,2005-07-12,43,937
9303,1-937-VARSITY TRIP,2005-07-30,2005-08-03,186,937
15583,1-937-VARSITY TRIP,2005-08-23,2005-08-26,215,937
2125,2-937-VARSITY TRIP,2005-06-17,2005-06-19,473,937
5929,2-937-VARSITY TRIP,2005-07-10,2005-07-14,54,937
11080,2-937-VARSITY TRIP,2005-08-02,2005-08-08,571,937
12552,2-937-VARSITY TRIP,2005-08-18,2005-08-20,413,937
2947,2-937-VARSITY TRIP,2005-06-20,2005-06-23,151,937
4566,2-937-VARSITY TRIP,2005-07-08,2005-07-15,133,937
10046,2-937-VARSITY TRIP,2005-07-31,2005-08-03,50,937
12196,2-937-VARSITY TRIP,2005-08-18,2005-08-26,111,937
8849,1-937-VARSITY TRIP,2005-07-29,2005-08-03,79,937
12909,1-937-VARSITY TRIP,2005-08-19,2005-08-24,210,937
11003,2-937-VARSITY TRIP,2005-08-02,2005-08-05,272,937
13578,2-937-VARSITY TRIP,2006-02-14,,352,937
1522,1-53-BANG KWAI,2005-06-16,2005-06-22,133,53
6612,1-53-BANG KWAI,2005-07-12,2005-07-17,152,53
10477,1-53-BANG KWAI,2005-08-01,2005-08-06,506,53
15879,1-53-BANG KWAI,2005-08-23,2005-08-29,482,53
5881,1-53-BANG KWAI,2005-07-10,2005-07-12,25,53
7280,1-53-BANG KWAI,2005-07-27,2005-07-30,342,53
14374,1-53-BANG KWAI,2006-02-14,,213,53
1524,2-754-RUSHMORE MERMAID,2005-06-16,2005-06-19,177,754
5819,2-754-RUSHMORE MERMAID,2005-07-10,2005-07-12,347,754
8667,2-754-RUSHMORE MERMAID,2005-07-29,2005-07-31,25,754
12450,2-754-RUSHMORE MERMAID,2005-08-18,2005-08-22,518,754
8839,2-754-RUSHMORE MERMAID,2005-07-29,2005-08-05,580,754
14839,2-754-RUSHMORE MERMAID,2005-08-22,2005-08-24,567,754
1525,1-321-FLASH WARS,2005-06-16,2005-06-19,304,321
6524,1-321-FLASH WARS,2005-07-12,2005-07-17,376,321
8324,1-321-FLASH WARS,2005-07-29,2005-08-02,98,321
13636,1-321-FLASH WARS,2005-08-20,2005-08-23,349,321
2103,1-321-FLASH WARS,2005-06-17,2005-06-21,456,321
4983,1-321-FLASH WARS,2005-07-09,2005-07-17,81,321
8886,1-321-FLASH WARS,2005-07-30,2005-08-08,418,321
13036,1-321-FLASH WARS,2005-08-19,2005-08-22,20,321
5647,1-321-FLASH WARS,2005-07-10,2005-07-13,128,321
8829,1-321-FLASH WARS,2005-07-29,2005-08-05,173,321
13131,1-321-FLASH WARS,2005-08-19,2005-08-27,480,321
10681,1-321-FLASH WARS,2005-08-01,2005-08-02,119,321
15832,1-321-FLASH WARS,2005-08-23,2005-08-30,537,321
1553,1-877-TAXI KICK,2005-06-16,2005-06-19,416,877
5309,1-877-TAXI KICK,2005-07-09,2005-07-17,338,877
10436,1-877-TAXI KICK,2005-08-01,2005-08-04,455,877
14739,1-877-TAXI KICK,2005-08-21,2005-08-22,226,877
2030,1-877-TAXI KICK,2005-06-17,2005-06-19,457,877
5324,1-877-TAXI KICK,2005-07-09,2005-07-15,113,877
10603,1-877-TAXI KICK,2005-08-01,2005-08-05,394,877
12812,1-877-TAXI KICK,2005-08-19,2005-08-22,450,877
3027,2-877-TAXI KICK,2005-06-20,2005-06-25,397,877
6454,2-877-TAXI KICK,2005-07-12,2005-07-16,446,877
11481,2-877-TAXI KICK,2005-08-02,2005-08-09,234,877
14299,2-877-TAXI KICK,2005-08-21,2005-08-24,342,877
6459,1-877-TAXI KICK,2005-07-12,2005-07-15,557,877
8770,1-877-TAXI KICK,2005-07-29,2005-08-05,499,877
15009,1-877-TAXI KICK,2005-08-22,2005-08-26,325,877
7857,2-877-TAXI KICK,2005-07-28,2005-08-01,500,877
14306,2-877-TAXI KICK,2005-08-21,2005-08-30,453,877
1559,2-157-CLOCKWORK PARADISE,2005-06-16,2005-06-19,574,157
5507,2-157-CLOCKWORK PARADISE,2005-07-10,2005-07-15,399,157
7058,2-157-CLOCKWORK PARADISE,2005-07-27,2005-08-04,90,157
15571,2-157-CLOCKWORK PARADISE,2005-08-23,2005-08-29,57,157
5686,2-157-CLOCKWORK PARADISE,2005-07-10,2005-07-11,521,157
10127,2-157-CLOCKWORK PARADISE,2005-07-31,2005-08-06,478,157
15452,2-157-CLOCKWORK PARADISE,2005-08-23,2005-08-28,115,157
6648,2-157-CLOCKWORK PARADISE,2005-07-12,2005-07-14,356,157
9144,2-157-CLOCKWORK PARADISE,2005-07-30,2005-08-05,381,157
15414,2-157-CLOCKWORK PARADISE,2005-08-22,2005-08-30,532,157
1565,1-840-STAMPEDE DISTURBING,2005-06-16,2005-06-16,506,840
6845,1-840-STAMPEDE DISTURBING,2005-07-12,2005-07-14,414,840
9037,1-840-STAMPEDE DISTURBING,2005-07-30,2005-08-08,356,840
12146,1-840-STAMPEDE DISTURBING,2005-08-18,2005-08-25,434,840
2222,1-840-STAMPEDE DISTURBING,2005-06-18,2005-06-26,10,840
3641,1-840-STAMPEDE DISTURBING,2005-07-06,2005-07-11,79,840
11436,1-840-STAMPEDE DISTURBING,2005-08-02,2005-08-05,106,840
15596,1-840-STAMPEDE DISTURBING,2005-08-23,2005-08-25,186,840
2579,1-840-STAMPEDE DISTURBING,2005-06-19,2005-06-22,493,840
3770,1-840-STAMPEDE DISTURBING,2005-07-06,2005-07-13,198,840
11140,1-840-STAMPEDE DISTURBING,2005-08-02,2005-08-05,132,840
15543,1-840-STAMPEDE DISTURBING,2005-08-23,2005-09-01,282,840
10608,1-840-STAMPEDE DISTURBING,2005-08-01,2005-08-04,381,840
13422,1-840-STAMPEDE DISTURBING,2005-08-19,2005-08-28,404,840
1577,1-80-BLANKET BEVERLY,2005-06-16,2005-06-24,327,80
3584,1-80-BLANKET BEVERLY,2005-07-06,2005-07-13,207,80
10507,1-80-BLANKET BEVERLY,2005-08-01,2005-08-04,45,80
13641,1-80-BLANKET BEVERLY,2005-08-20,2005-08-26,281,80
1,1-80-BLANKET BEVERLY,2005-05-24,2005-05-26,130,80
4426,1-80-BLANKET BEVERLY,2005-07-07,2005-07-16,242,80
9840,1-80-BLANKET BEVERLY,2005-07-31,2005-08-06,388,80
13182,1-80-BLANKET BEVERLY,2006-02-14,,496,80
8424,1-80-BLANKET BEVERLY,2005-07-29,2005-08-06,138,80
14858,1-80-BLANKET BEVERLY,2005-08-22,2005-08-30,499,80
11344,1-80-BLANKET BEVERLY,2005-08-02,2005-08-07,38,80
11530,1-80-BLANKET BEVERLY,2005-08-17,2005-08-22,400,80
1592,1-832-SPLASH GUMP,2005-06-16,2005-06-20,187,832
6107,1-832-SPLASH GUMP,2005-07-11,2005-07-14,304,832
7052,1-832-SPLASH GUMP,2005-07-27,2005-08-03,75,832
11663,1-832-SPLASH GUMP,2005-08-17,2005-08-25,373,832
1792,1-832-SPLASH GUMP,2005-06-16,2005-06-26,351,832
6189,1-832-SPLASH GUMP,2005-07-11,2005-07-20,552,832
7709,1-832-SPLASH GUMP,2005-07-28,2005-07-31,81,832
14169,1-832-SPLASH GUMP,2005-08-21,2005-08-30,396,832
1848,1-832-SPLASH GUMP,2005-06-17,2005-06-21,526,832
6412,1-832-SPLASH GUMP,2005-07-11,2005-07-16,220,832
9134,1-832-SPLASH GUMP,2005-07-30,2005-08-01,559,832
15043,1-832-SPLASH GUMP,2005-08-22,2005-08-28,182,832
9494,1-832-SPLASH GUMP,2005-07-30,2005-08-05,254,832
12366,1-832-SPLASH GUMP,2005-08-18,2005-08-22,115,832
1594,2-844-STEERS ARMAGEDDON,2005-06-16,2005-06-25,470,844
3898,2-844-STEERS ARMAGEDDON,2005-07-06,2005-07-11,53,844
9563,2-844-STEERS ARMAGEDDON,2005-07-31,2005-08-05,167,844
15399,2-844-STEERS ARMAGEDDON,2005-08-22,2005-08-26,379,844
1919,1-844-STEERS ARMAGEDDON,2005-06-17,2005-06-23,197,844
5750,1-844-STEERS ARMAGEDDON,2005-07-10,2005-07-17,330,844
9379,1-844-STEERS ARMAGEDDON,2005-07-30,2005-08-07,452,844
14396,1-844-STEERS ARMAGEDDON,2005-08-21,2005-08-22,353,844
2839,1-844-STEERS ARMAGEDDON,2005-06-19,2005-06-23,256,844
5316,1-844-STEERS ARMAGEDDON,2005-07-09,2005-07-11,438,844
10326,1-844-STEERS ARMAGEDDON,2005-08-01,2005-08-02,325,844
13667,1-844-STEERS ARMAGEDDON,2005-08-20,2005-08-24,280,844
6762,2-844-STEERS ARMAGEDDON,2005-07-12,2005-07-21,262,844
8458,2-844-STEERS ARMAGEDDON,2005-07-29,2005-08-02,317,844
11499,2-844-STEERS ARMAGEDDON,2005-08-16,2005-08-24,172,844
1599,2-323-FLIGHT LIES,2005-06-16,2005-06-21,215,323
6733,2-323-FLIGHT LIES,2005-07-12,2005-07-21,585,323
7440,2-323-FLIGHT LIES,2005-07-27,2005-08-03,484,323
14147,2-323-FLIGHT LIES,2005-08-21,2005-08-27,366,323
1949,2-323-FLIGHT LIES,2005-06-17,2005-06-25,208,323
6434,2-323-FLIGHT LIES,2005-07-12,2005-07-20,102,323
11288,2-323-FLIGHT LIES,2005-08-02,2005-08-11,298,323
11987,2-323-FLIGHT LIES,2005-08-17,2005-08-25,494,323
9605,2-323-FLIGHT LIES,2005-07-31,2005-08-07,94,323
12835,2-323-FLIGHT LIES,2005-08-19,2005-08-26,124,323
10998,2-323-FLIGHT LIES,2005-08-02,2005-08-11,435,323
14142,2-323-FLIGHT LIES,2005-08-21,2005-08-23,544,323
1606,2-934-VANILLA DAY,2005-06-16,2005-06-25,253,934
4579,2-934-VANILLA DAY,2005-07-08,2005-07-13,585,934
8607,2-934-VANILLA DAY,2005-07-29,2005-07-30,336,934
12112,2-934-VANILLA DAY,2005-08-17,2005-08-25,576,934
3477,2-934-VANILLA DAY,2005-07-05,2005-07-15,476,934
9667,2-934-VANILLA DAY,2005-07-31,2005-08-09,523,934
13361,2-934-VANILLA DAY,2005-08-19,2005-08-21,107,934
6952,2-934-VANILLA DAY,2005-07-26,2005-07-30,290,934
14457,2-934-VANILLA DAY,2005-08-21,2005-08-25,340,934
1608,1-566-MAUDE MOD,2005-06-16,2005-06-24,386,566
5252,1-566-MAUDE MOD,2005-07-09,2005-07-14,335,566
9554,1-566-MAUDE MOD,2005-07-31,2005-08-01,490,566
12676,1-566-MAUDE MOD,2005-08-18,2005-08-20,393,566
2037,1-566-MAUDE MOD,2005-06-17,2005-06-20,308,566
6049,1-566-MAUDE MOD,2005-07-11,2005-07-15,236,566
8071,1-566-MAUDE MOD,2005-07-28,2005-08-03,131,566
13127,1-566-MAUDE MOD,2005-08-19,2005-08-27,178,566
1641,2-643-ORIENT CLOSER,2005-06-16,2005-06-24,259,643
4569,2-643-ORIENT CLOSER,2005-07-08,2005-07-14,366,643
10207,2-643-ORIENT CLOSER,2005-08-01,2005-08-05,334,643
16022,2-643-ORIENT CLOSER,2005-08-23,2005-08-28,504,643
2388,1-643-ORIENT CLOSER,2005-06-18,2005-06-20,53,643
6024,1-643-ORIENT CLOSER,2005-07-11,2005-07-12,271,643
9843,1-643-ORIENT CLOSER,2005-07-31,2005-08-01,532,643
4070,2-643-ORIENT CLOSER,2005-07-07,2005-07-08,496,643
7993,2-643-ORIENT CLOSER,2005-07-28,2005-08-01,353,643
11937,2-643-ORIENT CLOSER,2005-08-17,2005-08-24,515,643
5793,2-643-ORIENT CLOSER,2005-07-10,2005-07-13,268,643
7434,2-643-ORIENT CLOSER,2005-07-27,2005-07-29,241,643
13493,2-643-ORIENT CLOSER,2005-08-20,2005-08-24,37,643
6974,1-643-ORIENT CLOSER,2005-07-27,2005-08-04,122,643
15393,1-643-ORIENT CLOSER,2005-08-22,2005-08-27,443,643
11044,1-643-ORIENT CLOSER,2005-08-02,2005-08-06,122,643
14256,1-643-ORIENT CLOSER,2005-08-21,2005-08-29,331,643
1642,2-847-STOCK GLASS,2005-06-16,2005-06-18,287,847
6129,2-847-STOCK GLASS,2005-07-11,2005-07-18,222,847
7520,2-847-STOCK GLASS,2005-07-27,2005-07-28,191,847
13823,2-847-STOCK GLASS,2005-08-20,2005-08-22,89,847
2473,2-847-STOCK GLASS,2005-06-18,2005-06-19,221,847
5050,2-847-STOCK GLASS,2005-07-09,2005-07-10,337,847
6940,2-847-STOCK GLASS,2005-07-26,2005-08-05,149,847
15372,2-847-STOCK GLASS,2005-08-22,2005-08-23,273,847
4058,2-847-STOCK GLASS,2005-07-07,2005-07-10,442,847
7916,2-847-STOCK GLASS,2005-07-28,2005-07-29,13,847
12613,2-847-STOCK GLASS,2005-08-18,2005-08-23,8,847
4798,2-847-STOCK GLASS,2005-07-08,2005-07-16,212,847
10511,2-847-STOCK GLASS,2005-08-01,2005-08-04,487,847
15676,2-847-STOCK GLASS,2005-08-23,2005-08-30,353,847
1664,2-538-LOVERBOY ATTACKS,2005-06-16,2005-06-18,216,538
5915,2-538-LOVERBOY ATTACKS,2005-07-10,2005-07-15,66,538
7305,2-538-LOVERBOY ATTACKS,2005-07-27,2005-07-30,229,538
12190,2-538-LOVERBOY ATTACKS,2005-08-18,2005-08-27,28,538
2232,2-538-LOVERBOY ATTACKS,2005-06-18,2005-06-22,52,538
6507,2-538-LOVERBOY ATTACKS,2005-07-12,2005-07-20,118,538
9220,2-538-LOVERBOY ATTACKS,2005-07-30,2005-08-07,569,538
14133,2-538-LOVERBOY ATTACKS,2005-08-21,2005-08-30,453,538
3328,2-538-LOVERBOY ATTACKS,2005-06-21,2005-06-30,292,538
4699,2-538-LOVERBOY ATTACKS,2005-07-08,2005-07-14,348,538
8777,2-538-LOVERBOY ATTACKS,2005-07-29,2005-07-30,382,538
12509,2-538-LOVERBOY ATTACKS,2005-08-18,2005-08-20,175,538
1671,2-833-SPLENDOR PATTON,2005-06-16,2005-06-22,135,833
5878,2-833-SPLENDOR PATTON,2005-07-10,2005-07-16,271,833
8605,2-833-SPLENDOR PATTON,2005-07-29,2005-08-07,224,833
14567,2-833-SPLENDOR PATTON,2005-08-21,2005-08-26,214,833
1827,2-833-SPLENDOR PATTON,2005-06-16,2005-06-19,423,833
6686,2-833-SPLENDOR PATTON,2005-07-12,2005-07-13,6,833
11081,2-833-SPLENDOR PATTON,2005-08-02,2005-08-09,513,833
12597,2-833-SPLENDOR PATTON,2005-08-18,2005-08-25,474,833
5143,1-833-SPLENDOR PATTON,2005-07-09,2005-07-18,196,833
7355,1-833-SPLENDOR PATTON,2005-07-27,2005-08-02,115,833
15798,1-833-SPLENDOR PATTON,2005-08-23,2005-08-30,203,833
5733,2-833-SPLENDOR PATTON,2005-07-10,2005-07-11,415,833
9103,2-833-SPLENDOR PATTON,2005-07-30,2005-07-31,280,833
14132,2-833-SPLENDOR PATTON,2005-08-21,2005-08-26,91,833
6393,1-833-SPLENDOR PATTON,2005-07-11,2005-07-14,164,833
8202,1-833-SPLENDOR PATTON,2005-07-28,2005-08-03,75,833
13485,1-833-SPLENDOR PATTON,2005-08-20,2005-08-22,379,833
8384,2-833-SPLENDOR PATTON,2005-07-29,2005-08-01,227,833
12924,2-833-SPLENDOR PATTON,2005-08-19,2005-08-26,519,833
10624,1-833-SPLENDOR PATTON,2005-08-01,2005-08-05,74,833
11620,1-833-SPLENDOR PATTON,2005-08-17,2005-08-17,502,833
1684,2-175-CONFUSED CANDLES,2005-06-16,2005-06-19,485,175
6710,2-175-CONFUSED CANDLES,2005-07-12,2005-07-20,462,175
9948,2-175-CONFUSED CANDLES,2005-07-31,2005-08-06,342,175
13907,2-175-CONFUSED CANDLES,2005-08-20,2005-08-24,328,175
2139,2-175-CONFUSED CANDLES,2005-06-17,2005-06-26,236,175
5927,2-175-CONFUSED CANDLES,2005-07-10,2005-07-16,70,175
10690,2-175-CONFUSED CANDLES,2005-08-01,2005-08-10,80,175
13822,2-175-CONFUSED CANDLES,2005-08-20,2005-08-24,499,175
2925,1-175-CONFUSED CANDLES,2005-06-20,2005-06-22,301,175
6477,1-175-CONFUSED CANDLES,2005-07-12,2005-07-17,181,175
10170,1-175-CONFUSED CANDLES,2005-07-31,2005-08-08,41,175
13203,1-175-CONFUSED CANDLES,2005-08-19,2005-08-27,257,175
4695,2-175-CONFUSED CANDLES,2005-07-08,2005-07-17,39,175
7056,2-175-CONFUSED CANDLES,2005-07-27,2005-08-05,233,175
11614,2-175-CONFUSED CANDLES,2005-08-17,2005-08-20,2,175
10596,1-175-CONFUSED CANDLES,2005-08-01,2005-08-07,112,175
12876,1-175-CONFUSED CANDLES,2005-08-19,2005-08-20,356,175
1696,1-857-STRICTLY SCARFACE,2005-06-16,2005-06-24,502,857
4091,1-857-STRICTLY SCARFACE,2005-07-07,2005-07-14,337,857
11420,1-857-STRICTLY SCARFACE,2005-08-02,2005-08-05,158,857
11907,1-857-STRICTLY SCARFACE,2005-08-17,2005-08-20,505,857
1760,1-857-STRICTLY SCARFACE,2005-06-16,2005-06-18,261,857
4787,1-857-STRICTLY SCARFACE,2005-07-08,2005-07-14,7,857
9048,1-857-STRICTLY SCARFACE,2005-07-30,2005-08-05,100,857
12153,1-857-STRICTLY SCARFACE,2005-08-18,2005-08-23,387,857
2460,2-857-STRICTLY SCARFACE,2005-06-18,2005-06-27,553,857
5219,2-857-STRICTLY SCARFACE,2005-07-09,2005-07-15,209,857
8394,2-857-STRICTLY SCARFACE,2005-07-29,2005-08-03,148,857
13265,2-857-STRICTLY SCARFACE,2005-08-19,2005-08-20,314,857
3421,1-857-STRICTLY SCARFACE,2005-06-21,2005-06-24,346,857
5485,1-857-STRICTLY SCARFACE,2005-07-09,2005-07-14,173,857
9844,1-857-STRICTLY SCARFACE,2005-07-31,2005-08-05,181,857
12943,1-857-STRICTLY SCARFACE,2005-08-19,2005-08-22,547,857
6265,2-857-STRICTLY SCARFACE,2005-07-11,2005-07-12,477,857
7431,2-857-STRICTLY SCARFACE,2005-07-27,2005-07-31,589,857
11885,2-857-STRICTLY SCARFACE,2005-08-17,2005-08-22,481,857
10132,2-857-STRICTLY SCARFACE,2005-07-31,2005-08-07,23,857
11690,2-857-STRICTLY SCARFACE,2005-08-17,2005-08-24,267,857
11478,2-857-STRICTLY SCARFACE,2005-08-02,2005-08-04,197,857
15988,2-857-STRICTLY SCARFACE,2005-08-23,2005-08-28,400,857
1705,1-24-ANALYZE HOOSIERS,2005-06-16,2005-06-18,564,24
3737,1-24-ANALYZE HOOSIERS,2005-07-06,2005-07-13,403,24
10042,1-24-ANALYZE HOOSIERS,2005-07-31,2005-08-06,204,24
13387,1-24-ANALYZE HOOSIERS,2005-08-19,2005-08-24,504,24
2985,1-24-ANALYZE HOOSIERS,2005-06-20,2005-06-22,154,24
5243,1-24-ANALYZE HOOSIERS,2005-07-09,2005-07-16,587,24
9980,1-24-ANALYZE HOOSIERS,2005-07-31,2005-08-08,225,24
14442,1-24-ANALYZE HOOSIERS,2005-08-21,2005-08-23,205,24
3021,1-24-ANALYZE HOOSIERS,2005-06-20,2005-06-28,62,24
5918,1-24-ANALYZE HOOSIERS,2005-07-10,2005-07-19,34,24
7444,1-24-ANALYZE HOOSIERS,2005-07-27,2005-07-28,531,24
13221,1-24-ANALYZE HOOSIERS,2005-08-19,2005-08-26,468,24
9438,1-24-ANALYZE HOOSIERS,2005-07-30,2005-08-07,14,24
15249,1-24-ANALYZE HOOSIERS,2005-08-22,2005-08-30,444,24
1717,1-660-PARTY KNOCK,2005-06-16,2005-06-19,277,660
6259,1-660-PARTY KNOCK,2005-07-11,2005-07-13,84,660
8603,1-660-PARTY KNOCK,2005-07-29,2005-08-04,594,660
12007,1-660-PARTY KNOCK,2005-08-17,2005-08-24,268,660
3454,2-660-PARTY KNOCK,2005-06-21,2005-06-25,524,660
4736,2-660-PARTY KNOCK,2005-07-08,2005-07-17,79,660
10568,2-660-PARTY KNOCK,2005-08-01,2005-08-08,130,660
15470,2-660-PARTY KNOCK,2005-08-23,2005-09-01,416,660
4896,1-660-PARTY KNOCK,2005-07-08,2005-07-10,129,660
7334,1-660-PARTY KNOCK,2005-07-27,2005-07-29,461,660
15911,1-660-PARTY KNOCK,2005-08-23,2005-09-01,582,660
9799,2-660-PARTY KNOCK,2005-07-31,2005-08-01,494,660
14250,2-660-PARTY KNOCK,2005-08-21,2005-08-28,313,660
1730,1-302-FANTASIA PARK,2005-06-16,2005-06-19,390,302
5744,1-302-FANTASIA PARK,2005-07-10,2005-07-14,437,302
11188,1-302-FANTASIA PARK,2005-08-02,2005-08-08,485,302
16036,1-302-FANTASIA PARK,2005-08-23,2005-08-25,425,302
2747,2-302-FANTASIA PARK,2005-06-19,2005-06-24,422,302
4586,2-302-FANTASIA PARK,2005-07-08,2005-07-13,461,302
10264,2-302-FANTASIA PARK,2005-08-01,2005-08-08,297,302
15950,2-302-FANTASIA PARK,2005-08-23,2005-08-31,280,302
3381,1-302-FANTASIA PARK,2005-06-21,2005-06-29,183,302
3771,1-302-FANTASIA PARK,2005-07-06,2005-07-10,56,302
9639,1-302-FANTASIA PARK,2005-07-31,2005-08-03,459,302
12538,1-302-FANTASIA PARK,2005-08-18,2005-08-23,118,302
3879,2-302-FANTASIA PARK,2005-07-06,2005-07-09,81,302
7314,2-302-FANTASIA PARK,2005-07-27,2005-08-03,11,302
14067,2-302-FANTASIA PARK,2005-08-20,2005-08-29,259,302
7166,2-302-FANTASIA PARK,2005-07-27,2005-08-02,562,302
15550,2-302-FANTASIA PARK,2005-08-23,2005-08-29,465,302
9333,2-302-FANTASIA PARK,2005-07-30,2005-07-31,437,302
13742,2-302-FANTASIA PARK,2005-08-20,2005-08-21,580,302
1733,2-118-CANYON STOCK,2005-06-16,2005-06-23,480,118
3607,2-118-CANYON STOCK,2005-07-06,2005-07-08,335,118
11012,2-118-CANYON STOCK,2005-08-02,2005-08-05,162,118
15519,2-118-CANYON STOCK,2005-08-23,2005-08-25,443,118
3089,1-118-CANYON STOCK,2005-06-20,2005-06-25,151,118
4314,1-118-CANYON STOCK,2005-07-07,2005-07-09,184,118
8540,1-118-CANYON STOCK,2005-07-29,2005-08-07,180,118
15577,1-118-CANYON STOCK,2006-02-14,,29,118
3363,1-118-CANYON STOCK,2005-06-21,2005-06-27,261,118
6527,1-118-CANYON STOCK,2005-07-12,2005-07-17,65,118
11464,1-118-CANYON STOCK,2005-08-02,2005-08-03,577,118
15392,1-118-CANYON STOCK,2005-08-22,2005-09-01,410,118
6110,1-118-CANYON STOCK,2005-07-11,2005-07-20,405,118
7781,1-118-CANYON STOCK,2005-07-28,2005-08-06,539,118
14509,1-118-CANYON STOCK,2005-08-21,2005-08-26,520,118
9096,1-118-CANYON STOCK,2005-07-30,2005-08-01,216,118
12700,1-118-CANYON STOCK,2005-08-18,2005-08-23,397,118
10407,2-118-CANYON STOCK,2005-08-01,2005-08-02,101,118
13567,2-118-CANYON STOCK,2005-08-20,2005-08-26,242,118
1751,1-27-ANONYMOUS HUMAN,2005-06-16,2005-06-17,123,27
5440,1-27-ANONYMOUS HUMAN,2005-07-09,2005-07-11,332,27
10466,1-27-ANONYMOUS HUMAN,2005-08-01,2005-08-06,2,27
13165,1-27-ANONYMOUS HUMAN,2005-08-19,2005-08-21,289,27
1861,1-27-ANONYMOUS HUMAN,2005-06-17,2005-06-25,454,27
6813,1-27-ANONYMOUS HUMAN,2005-07-12,2005-07-16,54,27
10249,1-27-ANONYMOUS HUMAN,2005-08-01,2005-08-06,437,27
13450,1-27-ANONYMOUS HUMAN,2005-08-20,2005-08-24,61,27
4267,1-27-ANONYMOUS HUMAN,2005-07-07,2005-07-11,410,27
9814,1-27-ANONYMOUS HUMAN,2005-07-31,2005-08-08,79,27
12125,1-27-ANONYMOUS HUMAN,2005-08-17,2005-08-25,573,27
8718,1-27-ANONYMOUS HUMAN,2005-07-29,2005-08-01,23,27
11854,1-27-ANONYMOUS HUMAN,2005-08-17,2005-08-26,313,27
1772,2-281-ENCINO ELF,2005-06-16,2005-06-24,525,281
6300,2-281-ENCINO ELF,2005-07-11,2005-07-18,283,281
10891,2-281-ENCINO ELF,2005-08-02,2005-08-05,201,281
15778,2-281-ENCINO ELF,2006-02-14,,234,281
1937,1-281-ENCINO ELF,2005-06-17,2005-06-21,385,281
6896,1-281-ENCINO ELF,2005-07-12,2005-07-20,111,281
10185,1-281-ENCINO ELF,2005-08-01,2005-08-03,64,281
14910,1-281-ENCINO ELF,2005-08-22,2005-08-25,540,281
2107,2-281-ENCINO ELF,2005-06-17,2005-06-18,104,281
6044,2-281-ENCINO ELF,2005-07-11,2005-07-13,481,281
11145,2-281-ENCINO ELF,2005-08-02,2005-08-05,291,281
14764,2-281-ENCINO ELF,2005-08-21,2005-08-24,529,281
5048,2-281-ENCINO ELF,2005-07-09,2005-07-15,466,281
10414,2-281-ENCINO ELF,2005-08-01,2005-08-04,361,281
13247,2-281-ENCINO ELF,2005-08-19,2005-08-25,24,281
9098,1-281-ENCINO ELF,2005-07-30,2005-08-08,144,281
15412,1-281-ENCINO ELF,2005-08-22,2005-08-28,199,281
10074,2-281-ENCINO ELF,2005-07-31,2005-08-04,69,281
15564,2-281-ENCINO ELF,2005-08-23,2005-08-30,353,281
1777,2-731-RIGHT CRANES,2005-06-16,2005-06-25,49,731
3681,2-731-RIGHT CRANES,2005-07-06,2005-07-11,294,731
9017,2-731-RIGHT CRANES,2005-07-30,2005-08-04,319,731
14279,2-731-RIGHT CRANES,2005-08-21,2005-08-29,387,731
3651,2-731-RIGHT CRANES,2005-07-06,2005-07-08,170,731
11033,2-731-RIGHT CRANES,2005-08-02,2005-08-09,155,731
12488,2-731-RIGHT CRANES,2005-08-18,2005-08-19,29,731
5088,2-731-RIGHT CRANES,2005-07-09,2005-07-15,454,731
10208,2-731-RIGHT CRANES,2005-08-01,2005-08-04,246,731
13507,2-731-RIGHT CRANES,2005-08-20,2005-08-23,478,731
1787,2-837-STAGE WORLD,2005-06-16,2005-06-21,546,837
3637,2-837-STAGE WORLD,2005-07-06,2005-07-10,380,837
8290,2-837-STAGE WORLD,2005-07-29,2005-08-03,462,837
12234,2-837-STAGE WORLD,2005-08-18,2005-08-25,352,837
3199,2-837-STAGE WORLD,2005-06-21,2005-06-27,234,837
6528,2-837-STAGE WORLD,2005-07-12,2005-07-18,598,837
11378,2-837-STAGE WORLD,2005-08-02,2005-08-03,188,837
14221,2-837-STAGE WORLD,2005-08-21,2005-08-29,51,837
7389,2-837-STAGE WORLD,2005-07-27,2005-07-30,156,837
13807,2-837-STAGE WORLD,2005-08-20,2005-08-28,4,837
1788,1-831-SPIRITED CASUALTIES,2005-06-16,2005-06-22,357,831
6023,1-831-SPIRITED CASUALTIES,2005-07-11,2005-07-15,456,831
10279,1-831-SPIRITED CASUALTIES,2005-08-01,2005-08-07,247,831
12038,1-831-SPIRITED CASUALTIES,2005-08-17,2005-08-20,148,831
2167,1-831-SPIRITED CASUALTIES,2005-06-17,2005-06-21,307,831
6088,1-831-SPIRITED CASUALTIES,2005-07-11,2005-07-17,498,831
9044,1-831-SPIRITED CASUALTIES,2005-07-30,2005-07-31,319,831
15042,1-831-SPIRITED CASUALTIES,2005-08-22,2005-08-31,553,831
5396,1-831-SPIRITED CASUALTIES,2005-07-09,2005-07-15,559,831
7775,1-831-SPIRITED CASUALTIES,2005-07-28,2005-08-03,475,831
15597,1-831-SPIRITED CASUALTIES,2005-08-23,2005-08-28,420,831
1796,2-709-RACER EGG,2005-06-16,2005-06-20,283,709
6132,2-709-RACER EGG,2005-07-11,2005-07-13,319,709
7502,2-709-RACER EGG,2005-07-27,2005-07-28,303,709
15128,2-709-RACER EGG,2005-08-22,2005-08-30,457,709
2828,2-709-RACER EGG,2005-06-19,2005-06-25,526,709
3839,2-709-RACER EGG,2005-07-06,2005-07-11,231,709
7594,2-709-RACER EGG,2005-07-27,2005-08-02,424,709
15906,2-709-RACER EGG,2005-08-23,2005-08-28,445,709
3833,2-709-RACER EGG,2005-07-06,2005-07-14,416,709
11299,2-709-RACER EGG,2005-08-02,2005-08-10,1,709
15586,2-709-RACER EGG,2005-08-23,2005-08-31,148,709
4917,2-709-RACER EGG,2005-07-08,2005-07-09,104,709
9223,2-709-RACER EGG,2005-07-30,2005-08-04,595,709
14159,2-709-RACER EGG,2005-08-21,2005-08-27,144,709
9340,1-709-RACER EGG,2005-07-30,2005-08-04,213,709
11981,1-709-RACER EGG,2005-08-17,2005-08-20,294,709
11019,1-709-RACER EGG,2005-08-02,2005-08-04,112,709
13633,1-709-RACER EGG,2005-08-20,2005-08-24,301,709
1806,1-446-HYSTERICAL GRAIL,2005-06-16,2005-06-18,45,446
4222,1-446-HYSTERICAL GRAIL,2005-07-07,2005-07-11,467,446
7459,1-446-HYSTERICAL GRAIL,2005-07-27,2005-08-02,2,446
12313,1-446-HYSTERICAL GRAIL,2005-08-18,2005-08-27,180,446
2048,2-446-HYSTERICAL GRAIL,2005-06-17,2005-06-23,454,446
3534,2-446-HYSTERICAL GRAIL,2005-07-06,2005-07-08,283,446
8894,2-446-HYSTERICAL GRAIL,2005-07-30,2005-07-31,552,446
12424,2-446-HYSTERICAL GRAIL,2005-08-18,2005-08-27,319,446
2283,2-446-HYSTERICAL GRAIL,2005-06-18,2005-06-19,507,446
5413,2-446-HYSTERICAL GRAIL,2005-07-09,2005-07-10,167,446
10291,2-446-HYSTERICAL GRAIL,2005-08-01,2005-08-05,420,446
14305,2-446-HYSTERICAL GRAIL,2005-08-21,2005-08-27,58,446
3854,1-446-HYSTERICAL GRAIL,2005-07-06,2005-07-12,243,446
11036,1-446-HYSTERICAL GRAIL,2005-08-02,2005-08-05,502,446
11719,1-446-HYSTERICAL GRAIL,2005-08-17,2005-08-23,338,446
1823,2-846-STING PERSONAL,2005-06-16,2005-06-22,448,846
3526,2-846-STING PERSONAL,2005-07-06,2005-07-15,469,846
7884,2-846-STING PERSONAL,2005-07-28,2005-07-31,502,846
14759,2-846-STING PERSONAL,2005-08-21,2005-08-31,362,846
3291,1-846-STING PERSONAL,2005-06-21,2005-06-29,274,846
4239,1-846-STING PERSONAL,2005-07-07,2005-07-13,122,846
9838,1-846-STING PERSONAL,2005-07-31,2005-08-03,208,846
12271,1-846-STING PERSONAL,2005-08-18,2005-08-20,471,846
4312,2-846-STING PERSONAL,2005-07-07,2005-07-09,97,846
11265,2-846-STING PERSONAL,2005-08-02,2005-08-11,531,846
13107,2-846-STING PERSONAL,2005-08-19,2005-08-20,356,846
7220,1-846-STING PERSONAL,2005-07-27,2005-08-04,79,846
13331,1-846-STING PERSONAL,2005-08-19,2005-08-21,23,846
7234,2-846-STING PERSONAL,2005-07-27,2005-07-31,372,846
12176,2-846-STING PERSONAL,2005-08-18,2005-08-24,255,846
7467,1-846-STING PERSONAL,2005-07-27,2005-08-03,240,846
16043,1-846-STING PERSONAL,2005-08-23,2005-08-31,526,846
9506,2-846-STING PERSONAL,2005-07-31,2005-08-02,189,846
13271,2-846-STING PERSONAL,2005-08-19,2005-08-27,242,846
11447,1-846-STING PERSONAL,2005-08-02,2005-08-07,508,846
12003,1-846-STING PERSONAL,2005-08-17,2005-08-18,70,846
1824,1-490-JUMANJI BLADE,2005-06-16,2005-06-18,575,490
5932,1-490-JUMANJI BLADE,2005-07-10,2005-07-12,523,490
7306,1-490-JUMANJI BLADE,2005-07-27,2005-08-03,207,490
13176,1-490-JUMANJI BLADE,2005-08-19,2005-08-23,1,490
3450,1-490-JUMANJI BLADE,2005-06-21,2005-06-25,126,490
6389,1-490-JUMANJI BLADE,2005-07-11,2005-07-16,274,490
9185,1-490-JUMANJI BLADE,2005-07-30,2005-08-06,426,490
11780,1-490-JUMANJI BLADE,2005-08-17,2005-08-21,297,490
1826,2-92-BOWFINGER GABLES,2005-06-16,2005-06-25,578,92
3635,2-92-BOWFINGER GABLES,2005-07-06,2005-07-09,250,92
7958,2-92-BOWFINGER GABLES,2005-07-28,2005-07-29,593,92
12459,2-92-BOWFINGER GABLES,2005-08-18,2005-08-22,39,92
4331,1-92-BOWFINGER GABLES,2005-07-07,2005-07-13,535,92
9584,1-92-BOWFINGER GABLES,2005-07-31,2005-08-01,141,92
12822,1-92-BOWFINGER GABLES,2005-08-19,2005-08-20,426,92
7130,1-92-BOWFINGER GABLES,2005-07-27,2005-07-28,81,92
13096,1-92-BOWFINGER GABLES,2005-08-19,2005-08-21,13,92
11210,2-92-BOWFINGER GABLES,2005-08-02,2005-08-04,202,92
12485,2-92-BOWFINGER GABLES,2005-08-18,2005-08-22,345,92
1846,1-376-GRAPES FURY,2005-06-17,2005-06-18,422,376
6898,1-376-GRAPES FURY,2005-07-12,2005-07-15,557,376
9636,1-376-GRAPES FURY,2005-07-31,2005-08-09,27,376
11575,1-376-GRAPES FURY,2005-08-17,2005-08-18,319,376
2358,2-376-GRAPES FURY,2005-06-18,2005-06-26,478,376
5090,2-376-GRAPES FURY,2005-07-09,2005-07-11,296,376
9239,2-376-GRAPES FURY,2005-07-30,2005-08-06,580,376
13296,2-376-GRAPES FURY,2005-08-19,2005-08-21,300,376
2776,2-376-GRAPES FURY,2005-06-19,2005-06-26,551,376
6387,2-376-GRAPES FURY,2005-07-11,2005-07-14,384,376
8736,2-376-GRAPES FURY,2005-07-29,2005-07-30,530,376
14345,2-376-GRAPES FURY,2005-08-21,2005-08-24,598,376
3471,1-376-GRAPES FURY,2005-07-05,2005-07-13,242,376
8246,1-376-GRAPES FURY,2005-07-29,2005-08-05,146,376
16027,1-376-GRAPES FURY,2005-08-23,2005-08-30,160,376
6142,1-376-GRAPES FURY,2005-07-11,2005-07-18,136,376
11211,1-376-GRAPES FURY,2005-08-02,2005-08-03,245,376
12672,1-376-GRAPES FURY,2006-02-14,,228,376
7325,2-376-GRAPES FURY,2005-07-27,2005-07-28,289,376
14782,2-376-GRAPES FURY,2005-08-22,2005-08-23,211,376
7390,1-376-GRAPES FURY,2005-07-27,2005-08-04,230,376
12184,1-376-GRAPES FURY,2005-08-18,2005-08-21,51,376
1870,2-199-CUPBOARD SINNERS,2005-06-17,2005-06-17,191,199
6443,2-199-CUPBOARD SINNERS,2005-07-12,2005-07-16,155,199
10315,2-199-CUPBOARD SINNERS,2005-08-01,2005-08-07,258,199
15039,2-199-CUPBOARD SINNERS,2005-08-22,2005-08-28,180,199
2475,1-199-CUPBOARD SINNERS,2005-06-18,2005-06-21,336,199
6071,1-199-CUPBOARD SINNERS,2005-07-11,2005-07-19,179,199
10794,1-199-CUPBOARD SINNERS,2005-08-01,2005-08-10,27,199
12330,1-199-CUPBOARD SINNERS,2005-08-18,2005-08-26,587,199
5505,2-199-CUPBOARD SINNERS,2005-07-10,2005-07-12,253,199
11259,2-199-CUPBOARD SINNERS,2005-08-02,2005-08-07,330,199
14209,2-199-CUPBOARD SINNERS,2005-08-21,2005-08-27,472,199
6423,1-199-CUPBOARD SINNERS,2005-07-11,2005-07-19,427,199
8357,1-199-CUPBOARD SINNERS,2005-07-29,2005-08-01,76,199
12299,1-199-CUPBOARD SINNERS,2005-08-18,2005-08-22,176,199
6596,1-199-CUPBOARD SINNERS,2005-07-12,2005-07-13,409,199
10149,1-199-CUPBOARD SINNERS,2005-07-31,2005-08-07,276,199
12462,1-199-CUPBOARD SINNERS,2005-08-18,2005-08-20,574,199
9114,2-199-CUPBOARD SINNERS,2005-07-30,2005-08-05,18,199
11528,2-199-CUPBOARD SINNERS,2005-08-17,2005-08-22,14,199
9341,2-199-CUPBOARD SINNERS,2005-07-30,2005-08-01,557,199
14170,2-199-CUPBOARD SINNERS,2005-08-21,2005-08-27,259,199
9523,1-199-CUPBOARD SINNERS,2005-07-31,2005-08-05,356,199
12129,1-199-CUPBOARD SINNERS,2005-08-17,2005-08-26,146,199
1871,1-106-BULWORTH COMMANDMENTS,2005-06-17,2005-06-23,204,106
5610,1-106-BULWORTH COMMANDMENTS,2005-07-10,2005-07-13,131,106
8820,1-106-BULWORTH COMMANDMENTS,2005-07-29,2005-08-05,594,106
15285,1-106-BULWORTH COMMANDMENTS,2005-08-22,2005-08-25,233,106
4336,1-106-BULWORTH COMMANDMENTS,2005-07-07,2005-07-10,532,106
7201,1-106-BULWORTH COMMANDMENTS,2005-07-27,2005-08-04,598,106
13596,1-106-BULWORTH COMMANDMENTS,2005-08-20,2005-08-27,513,106
1873,2-644-OSCAR GOLD,2005-06-17,2005-06-23,71,644
3817,2-644-OSCAR GOLD,2005-07-06,2005-07-11,267,644
9915,2-644-OSCAR GOLD,2005-07-31,2005-08-03,566,644
15824,2-644-OSCAR GOLD,2005-08-23,2005-08-28,371,644
2122,2-644-OSCAR GOLD,2005-06-17,2005-06-23,245,644
3809,2-644-OSCAR GOLD,2005-07-06,2005-07-09,358,644
8025,2-644-OSCAR GOLD,2005-07-28,2005-08-03,421,644
15787,2-644-OSCAR GOLD,2005-08-23,2005-08-27,123,644
2576,1-644-OSCAR GOLD,2005-06-19,2005-06-28,559,644
4922,1-644-OSCAR GOLD,2005-07-08,2005-07-10,577,644
8327,1-644-OSCAR GOLD,2005-07-29,2005-07-31,317,644
11947,1-644-OSCAR GOLD,2005-08-17,2005-08-23,220,644
3414,1-644-OSCAR GOLD,2005-06-21,2005-06-24,226,644
6632,1-644-OSCAR GOLD,2005-07-12,2005-07-15,442,644
8797,1-644-OSCAR GOLD,2005-07-29,2005-08-07,566,644
12989,1-644-OSCAR GOLD,2005-08-19,2005-08-21,306,644
3855,2-644-OSCAR GOLD,2005-07-06,2005-07-12,46,644
10475,2-644-OSCAR GOLD,2005-08-01,2005-08-10,115,644
12567,2-644-OSCAR GOLD,2005-08-18,2005-08-26,308,644
5815,2-644-OSCAR GOLD,2005-07-10,2005-07-13,22,644
10717,2-644-OSCAR GOLD,2005-08-01,2005-08-05,365,644
13489,2-644-OSCAR GOLD,2005-08-20,2005-08-27,443,644
6463,1-644-OSCAR GOLD,2005-07-12,2005-07-13,391,644
7972,1-644-OSCAR GOLD,2005-07-28,2005-08-01,269,644
14722,1-644-OSCAR GOLD,2005-08-21,2005-08-30,236,644
1887,1-785-SHAWSHANK BUBBLE,2005-06-17,2005-06-25,32,785
3646,1-785-SHAWSHANK BUBBLE,2005-07-06,2005-07-11,322,785
9215,1-785-SHAWSHANK BUBBLE,2005-07-30,2005-08-06,128,785
12736,1-785-SHAWSHANK BUBBLE,2006-02-14,,244,785
2012,1-785-SHAWSHANK BUBBLE,2005-06-17,2005-06-24,84,785
5993,1-785-SHAWSHANK BUBBLE,2005-07-11,2005-07-14,529,785
8376,1-785-SHAWSHANK BUBBLE,2005-07-29,2005-08-01,43,785
14501,1-785-SHAWSHANK BUBBLE,2005-08-21,2005-08-25,576,785
2110,2-785-SHAWSHANK BUBBLE,2005-06-17,2005-06-26,163,785
5776,2-785-SHAWSHANK BUBBLE,2005-07-10,2005-07-12,568,785
9008,2-785-SHAWSHANK BUBBLE,2005-07-30,2005-07-31,371,785
12954,2-785-SHAWSHANK BUBBLE,2005-08-19,2005-08-28,63,785
4373,2-785-SHAWSHANK BUBBLE,2005-07-07,2005-07-12,470,785
9268,2-785-SHAWSHANK BUBBLE,2005-07-30,2005-08-05,592,785
14684,2-785-SHAWSHANK BUBBLE,2005-08-21,2005-08-28,369,785
7868,1-785-SHAWSHANK BUBBLE,2005-07-28,2005-07-30,43,785
12077,1-785-SHAWSHANK BUBBLE,2005-08-17,2005-08-22,550,785
9880,1-785-SHAWSHANK BUBBLE,2005-07-31,2005-08-08,64,785
15630,1-785-SHAWSHANK BUBBLE,2005-08-23,2005-08-31,580,785
1894,1-811-SMILE EARRING,2005-06-17,2005-06-26,204,811
5230,1-811-SMILE EARRING,2005-07-09,2005-07-13,51,811
7048,1-811-SMILE EARRING,2005-07-27,2005-08-05,581,811
11922,1-811-SMILE EARRING,2005-08-17,2005-08-26,15,811
4705,1-811-SMILE EARRING,2005-07-08,2005-07-12,85,811
9670,1-811-SMILE EARRING,2005-07-31,2005-08-07,349,811
13313,1-811-SMILE EARRING,2005-08-19,2005-08-21,580,811
5213,1-811-SMILE EARRING,2005-07-09,2005-07-18,552,811
10018,1-811-SMILE EARRING,2005-07-31,2005-08-05,481,811
11621,1-811-SMILE EARRING,2005-08-17,2005-08-26,216,811
1899,1-189-CREATURES SHAKESPEARE,2005-06-17,2005-06-26,200,189
6824,1-189-CREATURES SHAKESPEARE,2005-07-12,2005-07-21,579,189
7271,1-189-CREATURES SHAKESPEARE,2005-07-27,2005-08-05,469,189
12716,1-189-CREATURES SHAKESPEARE,2006-02-14,,570,189
3320,2-189-CREATURES SHAKESPEARE,2005-06-21,2005-06-29,47,189
4327,2-189-CREATURES SHAKESPEARE,2005-07-07,2005-07-12,73,189
8715,2-189-CREATURES SHAKESPEARE,2005-07-29,2005-08-01,11,189
14206,2-189-CREATURES SHAKESPEARE,2005-08-21,2005-08-26,279,189
7349,2-189-CREATURES SHAKESPEARE,2005-07-27,2005-08-01,195,189
14358,2-189-CREATURES SHAKESPEARE,2005-08-21,2005-08-24,112,189
10375,1-189-CREATURES SHAKESPEARE,2005-08-01,2005-08-06,202,189
12524,1-189-CREATURES SHAKESPEARE,2006-02-14,,438,189
10875,2-189-CREATURES SHAKESPEARE,2005-08-02,2005-08-05,175,189
14755,2-189-CREATURES SHAKESPEARE,2005-08-21,2005-08-27,328,189
10899,2-189-CREATURES SHAKESPEARE,2005-08-02,2005-08-06,29,189
12655,2-189-CREATURES SHAKESPEARE,2005-08-18,2005-08-27,533,189
1900,2-312-FIDDLER LOST,2005-06-17,2005-06-21,34,312
6253,2-312-FIDDLER LOST,2005-07-11,2005-07-13,570,312
7016,2-312-FIDDLER LOST,2005-07-27,2005-08-01,423,312
15796,2-312-FIDDLER LOST,2005-08-23,2005-08-28,158,312
5810,2-312-FIDDLER LOST,2005-07-10,2005-07-18,482,312
10065,2-312-FIDDLER LOST,2005-07-31,2005-08-01,495,312
14261,2-312-FIDDLER LOST,2005-08-21,2005-08-26,166,312
6401,2-312-FIDDLER LOST,2005-07-11,2005-07-12,35,312
8093,2-312-FIDDLER LOST,2005-07-28,2005-08-05,533,312
14699,2-312-FIDDLER LOST,2005-08-21,2005-08-29,3,312
1904,1-542-LUST LOCK,2005-06-17,2005-06-17,87,542
6355,1-542-LUST LOCK,2005-07-11,2005-07-20,482,542
8204,1-542-LUST LOCK,2005-07-28,2005-08-02,398,542
13279,1-542-LUST LOCK,2005-08-19,2005-08-24,343,542
4191,1-542-LUST LOCK,2005-07-07,2005-07-11,390,542
8346,1-542-LUST LOCK,2005-07-29,2005-08-01,385,542
14454,1-542-LUST LOCK,2005-08-21,2005-08-22,150,542
7855,1-542-LUST LOCK,2005-07-28,2005-07-30,288,542
12066,1-542-LUST LOCK,2006-02-14,,267,542
8621,1-542-LUST LOCK,2005-07-29,2005-07-30,358,542
13194,1-542-LUST LOCK,2005-08-19,2005-08-26,58,542
9286,2-542-LUST LOCK,2005-07-30,2005-07-31,154,542
13206,2-542-LUST LOCK,2005-08-19,2005-08-21,504,542
9874,2-542-LUST LOCK,2005-07-31,2005-08-07,482,542
13534,2-542-LUST LOCK,2006-02-14,,75,542
1918,1-820-SONS INTERVIEW,2005-06-17,2005-06-21,310,820
6238,1-820-SONS INTERVIEW,2005-07-11,2005-07-14,23,820
9323,1-820-SONS INTERVIEW,2005-07-30,2005-08-03,131,820
11599,1-820-SONS INTERVIEW,2005-08-17,2005-08-25,112,820
6014,1-820-SONS INTERVIEW,2005-07-11,2005-07-12,397,820
9123,1-820-SONS INTERVIEW,2005-07-30,2005-08-02,293,820
12142,1-820-SONS INTERVIEW,2005-08-18,2005-08-24,373,820
7206,2-820-SONS INTERVIEW,2005-07-27,2005-07-31,373,820
14575,2-820-SONS INTERVIEW,2005-08-21,2005-08-30,159,820
8217,1-820-SONS INTERVIEW,2005-07-28,2005-08-03,206,820
11754,1-820-SONS INTERVIEW,2006-02-14,,163,820
9115,1-820-SONS INTERVIEW,2005-07-30,2005-08-04,322,820
13664,1-820-SONS INTERVIEW,2005-08-20,2005-08-26,264,820
9754,2-820-SONS INTERVIEW,2005-07-31,2005-08-08,479,820
13056,2-820-SONS INTERVIEW,2006-02-14,,115,820
1929,2-124-CASPER DRAGONFLY,2005-06-17,2005-06-22,327,124
5383,2-124-CASPER DRAGONFLY,2005-07-09,2005-07-11,14,124
7672,2-124-CASPER DRAGONFLY,2005-07-28,2005-08-04,542,124
14117,2-124-CASPER DRAGONFLY,2005-08-21,2005-08-22,493,124
10288,2-124-CASPER DRAGONFLY,2005-08-01,2005-08-06,63,124
14674,2-124-CASPER DRAGONFLY,2005-08-21,2005-08-27,300,124
11474,2-124-CASPER DRAGONFLY,2005-08-02,2005-08-05,214,124
12283,2-124-CASPER DRAGONFLY,2005-08-18,2005-08-23,240,124
1936,1-666-PAYCHECK WAIT,2005-06-17,2005-06-18,213,666
6175,1-666-PAYCHECK WAIT,2005-07-11,2005-07-15,195,666
11082,1-666-PAYCHECK WAIT,2005-08-02,2005-08-07,190,666
13914,1-666-PAYCHECK WAIT,2005-08-20,2005-08-26,237,666
3412,1-666-PAYCHECK WAIT,2005-06-21,2005-06-28,501,666
5688,1-666-PAYCHECK WAIT,2005-07-10,2005-07-15,598,666
8845,1-666-PAYCHECK WAIT,2005-07-29,2005-08-02,543,666
13052,1-666-PAYCHECK WAIT,2005-08-19,2005-08-28,502,666
4375,1-666-PAYCHECK WAIT,2005-07-07,2005-07-16,560,666
8080,1-666-PAYCHECK WAIT,2005-07-28,2005-07-29,406,666
12210,1-666-PAYCHECK WAIT,2005-08-18,2005-08-20,217,666
4850,2-666-PAYCHECK WAIT,2005-07-08,2005-07-13,154,666
10358,2-666-PAYCHECK WAIT,2005-08-01,2005-08-03,517,666
13681,2-666-PAYCHECK WAIT,2005-08-20,2005-08-27,328,666
9548,2-666-PAYCHECK WAIT,2005-07-31,2005-08-05,576,666
15886,2-666-PAYCHECK WAIT,2005-08-23,2005-08-26,91,666
1938,2-123-CASABLANCA SUPER,2005-06-17,2005-06-19,454,123
5053,2-123-CASABLANCA SUPER,2005-07-09,2005-07-09,295,123
9097,2-123-CASABLANCA SUPER,2005-07-30,2005-08-04,173,123
13831,2-123-CASABLANCA SUPER,2005-08-20,2005-08-24,480,123
2097,2-123-CASABLANCA SUPER,2005-06-17,2005-06-23,439,123
6913,2-123-CASABLANCA SUPER,2005-07-12,2005-07-14,443,123
11092,2-123-CASABLANCA SUPER,2005-08-02,2005-08-04,60,123
12675,2-123-CASABLANCA SUPER,2005-08-18,2005-08-23,140,123
5416,1-123-CASABLANCA SUPER,2005-07-09,2005-07-14,219,123
7175,1-123-CASABLANCA SUPER,2005-07-27,2005-08-01,190,123
11979,1-123-CASABLANCA SUPER,2005-08-17,2005-08-19,255,123
5708,2-123-CASABLANCA SUPER,2005-07-10,2005-07-18,484,123
11027,2-123-CASABLANCA SUPER,2005-08-02,2005-08-05,412,123
15466,2-123-CASABLANCA SUPER,2005-08-23,2005-08-29,418,123
10244,1-123-CASABLANCA SUPER,2005-08-01,2005-08-06,51,123
11567,1-123-CASABLANCA SUPER,2005-08-17,2005-08-24,558,123
1946,2-507-LADYBUGS ARMAGEDDON,2005-06-17,2005-06-25,389,507
5223,2-507-LADYBUGS ARMAGEDDON,2005-07-09,2005-07-17,72,507
10630,2-507-LADYBUGS ARMAGEDDON,2005-08-01,2005-08-03,39,507
12035,2-507-LADYBUGS ARMAGEDDON,2005-08-17,2005-08-21,469,507
7284,2-507-LADYBUGS ARMAGEDDON,2005-07-27,2005-07-31,52,507
14893,2-507-LADYBUGS ARMAGEDDON,2005-08-22,2005-08-30,461,507
1957,1-548-MAGNIFICENT CHITTY,2005-06-17,2005-06-26,68,548
6881,1-548-MAGNIFICENT CHITTY,2005-07-12,2005-07-21,346,548
9221,1-548-MAGNIFICENT CHITTY,2005-07-30,2005-08-06,113,548
13319,1-548-MAGNIFICENT CHITTY,2005-08-19,2005-08-27,438,548
2123,1-548-MAGNIFICENT CHITTY,2005-06-17,2005-06-18,545,548
4794,1-548-MAGNIFICENT CHITTY,2005-07-08,2005-07-17,451,548
10278,1-548-MAGNIFICENT CHITTY,2005-08-01,2005-08-08,154,548
13228,1-548-MAGNIFICENT CHITTY,2005-08-19,2005-08-20,571,548
1958,1-402-HARPER DYING,2005-06-17,2005-06-23,581,402
6630,1-402-HARPER DYING,2005-07-12,2005-07-14,462,402
9422,1-402-HARPER DYING,2005-07-30,2005-08-07,470,402
16031,1-402-HARPER DYING,2005-08-23,2005-08-29,102,402
2619,2-402-HARPER DYING,2005-06-19,2005-06-21,350,402
6523,2-402-HARPER DYING,2005-07-12,2005-07-17,574,402
11416,2-402-HARPER DYING,2005-08-02,2005-08-11,58,402
14281,2-402-HARPER DYING,2005-08-21,2005-08-26,166,402
3377,1-402-HARPER DYING,2005-06-21,2005-06-22,428,402
3980,1-402-HARPER DYING,2005-07-06,2005-07-14,475,402
7997,1-402-HARPER DYING,2005-07-28,2005-08-04,591,402
13162,1-402-HARPER DYING,2005-08-19,2005-08-24,478,402
4877,2-402-HARPER DYING,2005-07-08,2005-07-15,287,402
11280,2-402-HARPER DYING,2005-08-02,2005-08-08,134,402
14637,2-402-HARPER DYING,2005-08-21,2005-08-26,76,402
5459,2-402-HARPER DYING,2005-07-09,2005-07-12,168,402
9051,2-402-HARPER DYING,2005-07-30,2005-08-07,337,402
13528,2-402-HARPER DYING,2005-08-20,2005-08-26,202,402
8019,1-402-HARPER DYING,2005-07-28,2005-08-04,84,402
12325,1-402-HARPER DYING,2005-08-18,2005-08-26,404,402
1963,1-423-HOLLYWOOD ANONYMOUS,2005-06-17,2005-06-24,154,423
6830,1-423-HOLLYWOOD ANONYMOUS,2005-07-12,2005-07-17,578,423
8490,1-423-HOLLYWOOD ANONYMOUS,2005-07-29,2005-08-05,367,423
13888,1-423-HOLLYWOOD ANONYMOUS,2005-08-20,2005-08-28,297,423
3798,1-423-HOLLYWOOD ANONYMOUS,2005-07-06,2005-07-07,479,423
8007,1-423-HOLLYWOOD ANONYMOUS,2005-07-28,2005-07-30,525,423
13970,1-423-HOLLYWOOD ANONYMOUS,2005-08-20,2005-08-22,418,423
3888,2-423-HOLLYWOOD ANONYMOUS,2005-07-06,2005-07-12,412,423
10666,2-423-HOLLYWOOD ANONYMOUS,2005-08-01,2005-08-07,197,423
14115,2-423-HOLLYWOOD ANONYMOUS,2005-08-21,2005-08-24,257,423
4837,2-423-HOLLYWOOD ANONYMOUS,2005-07-08,2005-07-11,149,423
11463,2-423-HOLLYWOOD ANONYMOUS,2005-08-02,2005-08-08,138,423
13187,2-423-HOLLYWOOD ANONYMOUS,2005-08-19,2005-08-20,543,423
1965,2-105-BULL SHAWSHANK,2005-06-17,2005-06-18,256,105
6256,2-105-BULL SHAWSHANK,2005-07-11,2005-07-13,307,105
9059,2-105-BULL SHAWSHANK,2005-07-30,2005-08-08,267,105
11548,2-105-BULL SHAWSHANK,2005-08-17,2005-08-22,323,105
2986,2-105-BULL SHAWSHANK,2005-06-20,2005-06-26,556,105
5251,2-105-BULL SHAWSHANK,2005-07-09,2005-07-15,474,105
10966,2-105-BULL SHAWSHANK,2005-08-02,2005-08-08,584,105
11646,2-105-BULL SHAWSHANK,2006-02-14,,11,105
4613,1-105-BULL SHAWSHANK,2005-07-08,2005-07-09,581,105
10266,1-105-BULL SHAWSHANK,2005-08-01,2005-08-06,49,105
14605,1-105-BULL SHAWSHANK,2005-08-21,2005-08-24,394,105
6114,2-105-BULL SHAWSHANK,2005-07-11,2005-07-18,404,105
8366,2-105-BULL SHAWSHANK,2005-07-29,2005-08-05,39,105
11637,2-105-BULL SHAWSHANK,2005-08-17,2005-08-18,283,105
11388,1-105-BULL SHAWSHANK,2005-08-02,2005-08-09,369,105
14657,1-105-BULL SHAWSHANK,2005-08-21,2005-08-26,244,105
1972,2-605-MULHOLLAND BEAST,2005-06-17,2005-06-24,526,605
6226,2-605-MULHOLLAND BEAST,2005-07-11,2005-07-15,134,605
10814,2-605-MULHOLLAND BEAST,2005-08-01,2005-08-05,49,605
11866,2-605-MULHOLLAND BEAST,2006-02-14,,200,605
6335,2-605-MULHOLLAND BEAST,2005-07-11,2005-07-16,396,605
9662,2-605-MULHOLLAND BEAST,2005-07-31,2005-08-08,96,605
15748,2-605-MULHOLLAND BEAST,2005-08-23,2005-08-25,380,605
1997,1-185-COWBOY DOOM,2005-06-17,2005-06-19,411,185
6303,1-185-COWBOY DOOM,2005-07-11,2005-07-13,236,185
7139,1-185-COWBOY DOOM,2005-07-27,2005-07-30,575,185
14070,1-185-COWBOY DOOM,2005-08-20,2005-08-29,581,185
3643,1-185-COWBOY DOOM,2005-07-06,2005-07-11,176,185
7464,1-185-COWBOY DOOM,2005-07-27,2005-07-28,31,185
15381,1-185-COWBOY DOOM,2005-08-22,2005-08-24,110,185
2024,1-562-MASKED BUBBLE,2005-06-17,2005-06-22,329,562
4927,1-562-MASKED BUBBLE,2005-07-08,2005-07-14,136,562
11397,1-562-MASKED BUBBLE,2005-08-02,2005-08-09,470,562
12019,1-562-MASKED BUBBLE,2005-08-17,2005-08-21,90,562
3040,2-562-MASKED BUBBLE,2005-06-20,2005-06-21,162,562
6543,2-562-MASKED BUBBLE,2005-07-12,2005-07-15,264,562
8591,2-562-MASKED BUBBLE,2005-07-29,2005-08-01,418,562
12409,2-562-MASKED BUBBLE,2005-08-18,2005-08-19,64,562
3255,1-562-MASKED BUBBLE,2005-06-21,2005-06-24,482,562
6190,1-562-MASKED BUBBLE,2005-07-11,2005-07-19,321,562
9975,1-562-MASKED BUBBLE,2005-07-31,2005-08-07,40,562
13444,1-562-MASKED BUBBLE,2005-08-20,2005-08-21,37,562
5533,2-562-MASKED BUBBLE,2005-07-10,2005-07-11,270,562
10770,2-562-MASKED BUBBLE,2005-08-01,2005-08-04,262,562
15728,2-562-MASKED BUBBLE,2005-08-23,2005-08-28,323,562
6744,1-562-MASKED BUBBLE,2005-07-12,2005-07-14,64,562
7975,1-562-MASKED BUBBLE,2005-07-28,2005-08-05,211,562
15603,1-562-MASKED BUBBLE,2005-08-23,2005-08-28,6,562
7707,1-562-MASKED BUBBLE,2005-07-28,2005-07-29,232,562
13310,1-562-MASKED BUBBLE,2005-08-19,2005-08-23,311,562
2036,1-20-AMELIE HELLFIGHTERS,2005-06-17,2005-06-18,486,20
4790,1-20-AMELIE HELLFIGHTERS,2005-07-08,2005-07-11,500,20
8963,1-20-AMELIE HELLFIGHTERS,2005-07-30,2005-08-08,544,20
15740,1-20-AMELIE HELLFIGHTERS,2005-08-23,2005-08-24,229,20
2199,1-20-AMELIE HELLFIGHTERS,2005-06-18,2005-06-23,171,20
5684,1-20-AMELIE HELLFIGHTERS,2005-07-10,2005-07-15,132,20
7946,1-20-AMELIE HELLFIGHTERS,2005-07-28,2005-08-03,90,20
12052,1-20-AMELIE HELLFIGHTERS,2005-08-17,2005-08-25,536,20
9210,1-20-AMELIE HELLFIGHTERS,2005-07-30,2005-08-08,105,20
11857,1-20-AMELIE HELLFIGHTERS,2005-08-17,2005-08-18,146,20
2041,2-170-COMMAND DARLING,2005-06-17,2005-06-26,348,170
3847,2-170-COMMAND DARLING,2005-07-06,2005-07-07,206,170
7627,2-170-COMMAND DARLING,2005-07-28,2005-08-02,52,170
14631,2-170-COMMAND DARLING,2005-08-21,2005-08-28,209,170
3892,1-170-COMMAND DARLING,2005-07-06,2005-07-10,549,170
10385,1-170-COMMAND DARLING,2005-08-01,2005-08-06,179,170
12860,1-170-COMMAND DARLING,2005-08-19,2005-08-25,548,170
4117,2-170-COMMAND DARLING,2005-07-07,2005-07-16,158,170
10256,2-170-COMMAND DARLING,2005-08-01,2005-08-05,58,170
12863,2-170-COMMAND DARLING,2005-08-19,2005-08-21,234,170
7012,2-170-COMMAND DARLING,2005-07-27,2005-08-05,239,170
14863,2-170-COMMAND DARLING,2005-08-22,2005-08-30,440,170
8988,1-170-COMMAND DARLING,2005-07-30,2005-08-07,487,170
12373,1-170-COMMAND DARLING,2005-08-18,2005-08-27,367,170
10881,2-170-COMMAND DARLING,2005-08-02,2005-08-09,253,170
12921,2-170-COMMAND DARLING,2005-08-19,2005-08-25,234,170
2043,2-547-MAGIC MALLRATS,2005-06-17,2005-06-19,4,547
6729,2-547-MAGIC MALLRATS,2005-07-12,2005-07-19,455,547
8170,2-547-MAGIC MALLRATS,2005-07-28,2005-08-03,40,547
14420,2-547-MAGIC MALLRATS,2005-08-21,2005-08-24,551,547
4564,2-547-MAGIC MALLRATS,2005-07-08,2005-07-11,519,547
10140,2-547-MAGIC MALLRATS,2005-07-31,2005-08-07,550,547
15413,2-547-MAGIC MALLRATS,2005-08-22,2005-08-23,476,547
2062,2-380-GREEK EVERYONE,2005-06-17,2005-06-20,55,380
6751,2-380-GREEK EVERYONE,2005-07-12,2005-07-15,312,380
10900,2-380-GREEK EVERYONE,2005-08-02,2005-08-07,139,380
13341,2-380-GREEK EVERYONE,2005-08-19,2005-08-27,460,380
2969,1-380-GREEK EVERYONE,2005-06-20,2005-06-22,418,380
5809,1-380-GREEK EVERYONE,2005-07-10,2005-07-13,461,380
7433,1-380-GREEK EVERYONE,2005-07-27,2005-08-01,282,380
13132,1-380-GREEK EVERYONE,2005-08-19,2005-08-27,529,380
3321,2-380-GREEK EVERYONE,2005-06-21,2005-06-24,144,380
5178,2-380-GREEK EVERYONE,2005-07-09,2005-07-18,167,380
11360,2-380-GREEK EVERYONE,2005-08-02,2005-08-04,66,380
13438,2-380-GREEK EVERYONE,2005-08-19,2005-08-26,520,380
5625,2-380-GREEK EVERYONE,2005-07-10,2005-07-12,114,380
8830,2-380-GREEK EVERYONE,2005-07-29,2005-08-05,202,380
13103,2-380-GREEK EVERYONE,2005-08-19,2005-08-26,274,380
9156,1-380-GREEK EVERYONE,2005-07-30,2005-07-31,145,380
12912,1-380-GREEK EVERYONE,2005-08-19,2005-08-27,364,380
2094,2-477-JAWBREAKER BROOKLYN,2005-06-17,2005-06-18,308,477
3984,2-477-JAWBREAKER BROOKLYN,2005-07-06,2005-07-08,570,477
6961,2-477-JAWBREAKER BROOKLYN,2005-07-27,2005-07-30,38,477
14641,2-477-JAWBREAKER BROOKLYN,2005-08-21,2005-08-22,147,477
2356,2-477-JAWBREAKER BROOKLYN,2005-06-18,2005-06-21,455,477
4372,2-477-JAWBREAKER BROOKLYN,2005-07-07,2005-07-09,252,477
8561,2-477-JAWBREAKER BROOKLYN,2005-07-29,2005-08-05,344,477
11829,2-477-JAWBREAKER BROOKLYN,2005-08-17,2005-08-19,563,477
9421,2-477-JAWBREAKER BROOKLYN,2005-07-30,2005-08-02,161,477
11677,2-477-JAWBREAKER BROOKLYN,2005-08-17,2005-08-20,407,477
2102,1-503-KRAMER CHOCOLATE,2005-06-17,2005-06-23,486,503
5575,1-503-KRAMER CHOCOLATE,2005-07-10,2005-07-12,107,503
8783,1-503-KRAMER CHOCOLATE,2005-07-29,2005-08-02,71,503
11560,1-503-KRAMER CHOCOLATE,2005-08-17,2005-08-18,320,503
5018,1-503-KRAMER CHOCOLATE,2005-07-09,2005-07-10,541,503
8251,1-503-KRAMER CHOCOLATE,2005-07-29,2005-08-03,408,503
15102,1-503-KRAMER CHOCOLATE,2005-08-22,2005-08-29,555,503
9342,1-503-KRAMER CHOCOLATE,2005-07-30,2005-08-08,552,503
13711,1-503-KRAMER CHOCOLATE,2005-08-20,2005-08-28,453,503
2109,1-498-KILLER INNOCENT,2005-06-17,2005-06-25,493,498
6617,1-498-KILLER INNOCENT,2005-07-12,2005-07-14,248,498
9834,1-498-KILLER INNOCENT,2005-07-31,2005-08-07,340,498
13437,1-498-KILLER INNOCENT,2005-08-19,2005-08-28,67,498
9590,1-498-KILLER INNOCENT,2005-07-31,2005-08-08,585,498
12301,1-498-KILLER INNOCENT,2005-08-18,2005-08-23,317,498
2114,1-774-SEARCHERS WAIT,2005-06-17,2005-06-23,358,774
4251,1-774-SEARCHERS WAIT,2005-07-07,2005-07-16,367,774
8226,1-774-SEARCHERS WAIT,2005-07-29,2005-08-01,368,774
12526,1-774-SEARCHERS WAIT,2005-08-18,2005-08-19,54,774
3233,1-774-SEARCHERS WAIT,2005-06-21,2005-06-28,353,774
5997,1-774-SEARCHERS WAIT,2005-07-11,2005-07-16,128,774
8397,1-774-SEARCHERS WAIT,2005-07-29,2005-08-01,518,774
14032,1-774-SEARCHERS WAIT,2005-08-20,2005-08-26,317,774
3415,1-774-SEARCHERS WAIT,2005-06-21,2005-06-27,444,774
6165,1-774-SEARCHERS WAIT,2005-07-11,2005-07-17,9,774
9687,1-774-SEARCHERS WAIT,2005-07-31,2005-08-01,470,774
11694,1-774-SEARCHERS WAIT,2005-08-17,2005-08-24,410,774
10323,1-774-SEARCHERS WAIT,2005-08-01,2005-08-06,577,774
12273,1-774-SEARCHERS WAIT,2005-08-18,2005-08-25,431,774
2119,2-456-INCH JET,2005-06-17,2005-06-22,561,456
5704,2-456-INCH JET,2005-07-10,2005-07-17,591,456
6986,2-456-INCH JET,2005-07-27,2005-07-29,262,456
13765,2-456-INCH JET,2005-08-20,2005-08-21,219,456
2636,2-456-INCH JET,2005-06-19,2005-06-25,253,456
4405,2-456-INCH JET,2005-07-07,2005-07-15,145,456
8581,2-456-INCH JET,2005-07-29,2005-08-02,254,456
15690,2-456-INCH JET,2005-08-23,2005-08-29,554,456
3708,2-456-INCH JET,2005-07-06,2005-07-14,201,456
11046,2-456-INCH JET,2005-08-02,2005-08-06,526,456
13124,2-456-INCH JET,2005-08-19,2005-08-26,78,456
5719,1-456-INCH JET,2005-07-10,2005-07-15,94,456
9946,1-456-INCH JET,2005-07-31,2005-08-03,29,456
12255,1-456-INCH JET,2005-08-18,2005-08-21,266,456
7255,1-456-INCH JET,2005-07-27,2005-07-31,502,456
14522,1-456-INCH JET,2005-08-21,2005-08-25,535,456
9173,2-456-INCH JET,2005-07-30,2005-08-04,381,456
15435,2-456-INCH JET,2005-08-23,2005-08-26,468,456
2161,2-691-POSEIDON FOREVER,2005-06-17,2005-06-26,75,691
3494,2-691-POSEIDON FOREVER,2005-07-05,2005-07-11,348,691
9964,2-691-POSEIDON FOREVER,2005-07-31,2005-08-03,191,691
13761,2-691-POSEIDON FOREVER,2005-08-20,2005-08-21,376,691
2441,1-691-POSEIDON FOREVER,2005-06-18,2005-06-20,593,691
4076,1-691-POSEIDON FOREVER,2005-07-07,2005-07-13,329,691
7944,1-691-POSEIDON FOREVER,2005-07-28,2005-07-30,504,691
14238,1-691-POSEIDON FOREVER,2005-08-21,2005-08-30,192,691
3755,1-691-POSEIDON FOREVER,2005-07-06,2005-07-13,402,691
9914,1-691-POSEIDON FOREVER,2005-07-31,2005-08-05,530,691
12075,1-691-POSEIDON FOREVER,2005-08-17,2005-08-23,125,691
4388,2-691-POSEIDON FOREVER,2005-07-07,2005-07-16,210,691
11400,2-691-POSEIDON FOREVER,2005-08-02,2005-08-09,9,691
15987,2-691-POSEIDON FOREVER,2005-08-23,2005-08-31,302,691
6060,1-691-POSEIDON FOREVER,2005-07-11,2005-07-12,342,691
10917,1-691-POSEIDON FOREVER,2005-08-02,2005-08-03,378,691
14419,1-691-POSEIDON FOREVER,2005-08-21,2005-08-30,221,691
2162,1-389-GUNFIGHTER MUSSOLINI,2005-06-17,2005-06-21,277,389
6072,1-389-GUNFIGHTER MUSSOLINI,2005-07-11,2005-07-18,339,389
8149,1-389-GUNFIGHTER MUSSOLINI,2005-07-28,2005-08-01,591,389
13062,1-389-GUNFIGHTER MUSSOLINI,2005-08-19,2005-08-27,385,389
5204,1-389-GUNFIGHTER MUSSOLINI,2005-07-09,2005-07-12,432,389
7533,1-389-GUNFIGHTER MUSSOLINI,2005-07-27,2005-08-05,594,389
12062,1-389-GUNFIGHTER MUSSOLINI,2005-08-17,2005-08-20,330,389
6076,2-389-GUNFIGHTER MUSSOLINI,2005-07-11,2005-07-18,143,389
10501,2-389-GUNFIGHTER MUSSOLINI,2005-08-01,2005-08-02,351,389
15520,2-389-GUNFIGHTER MUSSOLINI,2005-08-23,2005-09-01,163,389
10730,2-389-GUNFIGHTER MUSSOLINI,2005-08-01,2005-08-10,368,389
14226,2-389-GUNFIGHTER MUSSOLINI,2005-08-21,2005-08-24,316,389
2164,1-755-SABRINA MIDNIGHT,2005-06-17,2005-06-24,227,755
6205,1-755-SABRINA MIDNIGHT,2005-07-11,2005-07-13,303,755
8813,1-755-SABRINA MIDNIGHT,2005-07-29,2005-08-05,497,755
14455,1-755-SABRINA MIDNIGHT,2005-08-21,2005-08-27,68,755
2270,2-755-SABRINA MIDNIGHT,2005-06-18,2005-06-26,588,755
4979,2-755-SABRINA MIDNIGHT,2005-07-09,2005-07-12,204,755
9694,2-755-SABRINA MIDNIGHT,2005-07-31,2005-08-06,508,755
12363,2-755-SABRINA MIDNIGHT,2005-08-18,2005-08-26,181,755
4630,2-755-SABRINA MIDNIGHT,2005-07-08,2005-07-09,319,755
7495,2-755-SABRINA MIDNIGHT,2005-07-27,2005-07-30,426,755
14700,2-755-SABRINA MIDNIGHT,2005-08-21,2005-08-23,360,755
5021,2-755-SABRINA MIDNIGHT,2005-07-09,2005-07-13,73,755
7757,2-755-SABRINA MIDNIGHT,2005-07-28,2005-07-30,502,755
14004,2-755-SABRINA MIDNIGHT,2005-08-20,2005-08-28,358,755
6593,1-755-SABRINA MIDNIGHT,2005-07-12,2005-07-14,356,755
8459,1-755-SABRINA MIDNIGHT,2005-07-29,2005-08-04,144,755
12575,1-755-SABRINA MIDNIGHT,2005-08-18,2005-08-25,117,755
7890,1-755-SABRINA MIDNIGHT,2005-07-28,2005-07-31,553,755
13180,1-755-SABRINA MIDNIGHT,2005-08-19,2005-08-20,322,755
10106,1-755-SABRINA MIDNIGHT,2005-07-31,2005-08-02,556,755
13189,1-755-SABRINA MIDNIGHT,2005-08-19,2005-08-28,368,755
2166,2-946-VIRTUAL SPOILERS,2005-06-17,2005-06-27,305,946
3975,2-946-VIRTUAL SPOILERS,2005-07-06,2005-07-10,545,946
11461,2-946-VIRTUAL SPOILERS,2005-08-02,2005-08-05,65,946
15772,2-946-VIRTUAL SPOILERS,2005-08-23,2005-08-26,202,946
2660,2-946-VIRTUAL SPOILERS,2005-06-19,2005-06-28,221,946
3978,2-946-VIRTUAL SPOILERS,2005-07-06,2005-07-10,343,946
12633,2-946-VIRTUAL SPOILERS,2005-08-18,2005-08-23,469,946
3092,2-946-VIRTUAL SPOILERS,2005-06-20,2005-06-27,347,946
4924,2-946-VIRTUAL SPOILERS,2005-07-08,2005-07-16,180,946
10617,2-946-VIRTUAL SPOILERS,2005-08-01,2005-08-09,476,946
15566,2-946-VIRTUAL SPOILERS,2005-08-23,2005-09-01,76,946
5657,2-946-VIRTUAL SPOILERS,2005-07-10,2005-07-18,508,946
9604,2-946-VIRTUAL SPOILERS,2005-07-31,2005-08-03,580,946
13114,2-946-VIRTUAL SPOILERS,2005-08-19,2005-08-28,550,946
2182,1-765-SATURN NAME,2005-06-18,2005-06-26,454,765
4669,1-765-SATURN NAME,2005-07-08,2005-07-16,581,765
10784,1-765-SATURN NAME,2005-08-01,2005-08-09,208,765
14894,1-765-SATURN NAME,2005-08-22,2005-08-24,347,765
2855,1-765-SATURN NAME,2005-06-19,2005-06-26,483,765
5348,1-765-SATURN NAME,2005-07-09,2005-07-15,597,765
7090,1-765-SATURN NAME,2005-07-27,2005-07-29,218,765
14440,1-765-SATURN NAME,2005-08-21,2005-08-23,194,765
6838,1-765-SATURN NAME,2005-07-12,2005-07-17,354,765
7600,1-765-SATURN NAME,2005-07-27,2005-08-06,107,765
15767,1-765-SATURN NAME,2005-08-23,2005-08-27,241,765
6971,1-765-SATURN NAME,2005-07-27,2005-08-01,366,765
15933,1-765-SATURN NAME,2005-08-23,2005-08-26,176,765
2203,2-297-EXTRAORDINARY CONQUERER,2005-06-18,2005-06-22,46,297
6894,2-297-EXTRAORDINARY CONQUERER,2005-07-12,2005-07-20,315,297
8914,2-297-EXTRAORDINARY CONQUERER,2005-07-30,2005-08-04,32,297
13646,2-297-EXTRAORDINARY CONQUERER,2005-08-20,2005-08-29,242,297
8857,2-297-EXTRAORDINARY CONQUERER,2005-07-29,2005-07-31,477,297
15628,2-297-EXTRAORDINARY CONQUERER,2005-08-23,2005-08-26,408,297
2212,2-536-LOVELY JINGLE,2005-06-18,2005-06-19,336,536
5355,2-536-LOVELY JINGLE,2005-07-09,2005-07-16,100,536
7218,2-536-LOVELY JINGLE,2005-07-27,2005-08-01,530,536
15631,2-536-LOVELY JINGLE,2005-08-23,2005-08-24,93,536
4097,1-536-LOVELY JINGLE,2005-07-07,2005-07-11,56,536
10486,1-536-LOVELY JINGLE,2005-08-01,2005-08-05,527,536
15278,1-536-LOVELY JINGLE,2005-08-22,2005-08-25,472,536
5855,2-536-LOVELY JINGLE,2005-07-10,2005-07-18,166,536
8684,2-536-LOVELY JINGLE,2005-07-29,2005-08-07,185,536
14166,2-536-LOVELY JINGLE,2005-08-21,2005-08-24,190,536
8429,1-536-LOVELY JINGLE,2005-07-29,2005-07-31,588,536
12270,1-536-LOVELY JINGLE,2005-08-18,2005-08-21,190,536
9747,1-536-LOVELY JINGLE,2005-07-31,2005-08-08,106,536
13587,1-536-LOVELY JINGLE,2006-02-14,,431,536
2253,2-813-SMOOCHY CONTROL,2005-06-18,2005-06-25,122,813
5718,2-813-SMOOCHY CONTROL,2005-07-10,2005-07-19,20,813
10549,2-813-SMOOCHY CONTROL,2005-08-01,2005-08-06,61,813
12913,2-813-SMOOCHY CONTROL,2005-08-19,2005-08-25,356,813
4760,2-813-SMOOCHY CONTROL,2005-07-08,2005-07-10,177,813
8620,2-813-SMOOCHY CONTROL,2005-07-29,2005-08-02,306,813
14219,2-813-SMOOCHY CONTROL,2006-02-14,,334,813
5087,2-813-SMOOCHY CONTROL,2005-07-09,2005-07-10,395,813
7710,2-813-SMOOCHY CONTROL,2005-07-28,2005-08-03,77,813
15671,2-813-SMOOCHY CONTROL,2005-08-23,2005-08-29,112,813
8470,2-813-SMOOCHY CONTROL,2005-07-29,2005-07-30,159,813
12750,2-813-SMOOCHY CONTROL,2005-08-18,2005-08-26,535,813
2265,1-675-PHANTOM GLORY,2005-06-18,2005-06-20,267,675
6056,1-675-PHANTOM GLORY,2005-07-11,2005-07-12,145,675
7780,1-675-PHANTOM GLORY,2005-07-28,2005-08-06,236,675
12818,1-675-PHANTOM GLORY,2005-08-19,2005-08-26,528,675
10196,1-675-PHANTOM GLORY,2005-08-01,2005-08-05,199,675
12931,1-675-PHANTOM GLORY,2005-08-19,2005-08-21,407,675
2268,1-957-WAR NOTTING,2005-06-18,2005-06-22,21,957
5864,1-957-WAR NOTTING,2005-07-10,2005-07-19,437,957
10833,1-957-WAR NOTTING,2005-08-01,2005-08-10,422,957
11978,1-957-WAR NOTTING,2005-08-17,2005-08-18,499,957
7171,1-957-WAR NOTTING,2005-07-27,2005-08-03,406,957
13859,1-957-WAR NOTTING,2005-08-20,2005-08-28,504,957
8782,1-957-WAR NOTTING,2005-07-29,2005-08-04,365,957
15428,1-957-WAR NOTTING,2005-08-23,2005-08-24,402,957
9408,2-957-WAR NOTTING,2005-07-30,2005-08-04,571,957
14868,2-957-WAR NOTTING,2005-08-22,2005-08-25,160,957
9594,2-957-WAR NOTTING,2005-07-31,2005-08-04,148,957
14131,2-957-WAR NOTTING,2005-08-21,2005-08-29,267,957
2278,2-258-DRUMS DYNAMITE,2005-06-18,2005-06-22,450,258
5588,2-258-DRUMS DYNAMITE,2005-07-10,2005-07-16,535,258
7833,2-258-DRUMS DYNAMITE,2005-07-28,2005-08-04,263,258
13268,2-258-DRUMS DYNAMITE,2005-08-19,2005-08-25,255,258
2970,2-258-DRUMS DYNAMITE,2005-06-20,2005-06-28,449,258
4275,2-258-DRUMS DYNAMITE,2005-07-07,2005-07-15,393,258
10809,2-258-DRUMS DYNAMITE,2005-08-01,2005-08-03,340,258
15416,2-258-DRUMS DYNAMITE,2005-08-22,2005-08-29,383,258
4491,2-258-DRUMS DYNAMITE,2005-07-08,2005-07-11,413,258
6944,2-258-DRUMS DYNAMITE,2005-07-26,2005-08-05,373,258
12240,2-258-DRUMS DYNAMITE,2005-08-18,2005-08-26,30,258
10707,2-258-DRUMS DYNAMITE,2005-08-01,2005-08-06,558,258
13902,2-258-DRUMS DYNAMITE,2005-08-20,2005-08-24,275,258
2288,2-193-CROSSROADS CASUALTIES,2005-06-18,2005-06-26,247,193
4425,2-193-CROSSROADS CASUALTIES,2005-07-07,2005-07-08,345,193
10815,2-193-CROSSROADS CASUALTIES,2005-08-01,2005-08-03,62,193
14676,2-193-CROSSROADS CASUALTIES,2005-08-21,2005-08-26,49,193
3417,1-193-CROSSROADS CASUALTIES,2005-06-21,2005-06-23,282,193
6828,1-193-CROSSROADS CASUALTIES,2005-07-12,2005-07-14,502,193
10515,1-193-CROSSROADS CASUALTIES,2005-08-01,2005-08-08,383,193
15036,1-193-CROSSROADS CASUALTIES,2005-08-22,2005-08-23,280,193
4682,1-193-CROSSROADS CASUALTIES,2005-07-08,2005-07-11,263,193
9363,1-193-CROSSROADS CASUALTIES,2005-07-30,2005-08-04,323,193
13409,1-193-CROSSROADS CASUALTIES,2005-08-19,2005-08-22,214,193
7061,2-193-CROSSROADS CASUALTIES,2005-07-27,2005-07-31,145,193
12827,2-193-CROSSROADS CASUALTIES,2005-08-19,2005-08-27,253,193
7462,2-193-CROSSROADS CASUALTIES,2005-07-27,2005-07-29,114,193
15756,2-193-CROSSROADS CASUALTIES,2005-08-23,2005-08-28,112,193
8044,2-193-CROSSROADS CASUALTIES,2005-07-28,2005-08-02,442,193
15016,2-193-CROSSROADS CASUALTIES,2005-08-22,2005-08-28,434,193
8547,1-193-CROSSROADS CASUALTIES,2005-07-29,2005-08-03,438,193
13834,1-193-CROSSROADS CASUALTIES,2005-08-20,2005-08-22,426,193
9243,1-193-CROSSROADS CASUALTIES,2005-07-30,2005-08-06,516,193
13057,1-193-CROSSROADS CASUALTIES,2005-08-19,2005-08-28,105,193
2290,2-44-ATTACKS HATE,2005-06-18,2005-06-26,513,44
5738,2-44-ATTACKS HATE,2005-07-10,2005-07-19,187,44
11004,2-44-ATTACKS HATE,2005-08-02,2005-08-11,45,44
13724,2-44-ATTACKS HATE,2005-08-20,2005-08-24,80,44
2308,1-44-ATTACKS HATE,2005-06-18,2005-06-22,1,44
6784,1-44-ATTACKS HATE,2005-07-12,2005-07-15,578,44
6950,1-44-ATTACKS HATE,2005-07-26,2005-07-31,503,44
14181,1-44-ATTACKS HATE,2005-08-21,2005-08-29,210,44
5564,1-44-ATTACKS HATE,2005-07-10,2005-07-16,355,44
9066,1-44-ATTACKS HATE,2005-07-30,2005-08-02,171,44
15445,1-44-ATTACKS HATE,2005-08-23,2005-08-28,28,44
6087,2-44-ATTACKS HATE,2005-07-11,2005-07-12,155,44
8664,2-44-ATTACKS HATE,2005-07-29,2005-08-04,102,44
15554,2-44-ATTACKS HATE,2005-08-23,2005-08-29,280,44
9699,2-44-ATTACKS HATE,2005-07-31,2005-08-06,21,44
12507,2-44-ATTACKS HATE,2005-08-18,2005-08-27,584,44
2294,1-455-IMPOSSIBLE PREJUDICE,2005-06-18,2005-06-22,72,455
3985,1-455-IMPOSSIBLE PREJUDICE,2005-07-06,2005-07-10,307,455
9709,1-455-IMPOSSIBLE PREJUDICE,2005-07-31,2005-08-07,137,455
15190,1-455-IMPOSSIBLE PREJUDICE,2005-08-22,2005-08-24,84,455
3338,1-455-IMPOSSIBLE PREJUDICE,2005-06-21,2005-06-30,171,455
6067,1-455-IMPOSSIBLE PREJUDICE,2005-07-11,2005-07-16,186,455
7596,1-455-IMPOSSIBLE PREJUDICE,2005-07-27,2005-08-01,275,455
14885,1-455-IMPOSSIBLE PREJUDICE,2005-08-22,2005-08-30,248,455
4599,1-455-IMPOSSIBLE PREJUDICE,2005-07-08,2005-07-11,356,455
10889,1-455-IMPOSSIBLE PREJUDICE,2005-08-02,2005-08-07,64,455
12840,1-455-IMPOSSIBLE PREJUDICE,2005-08-19,2005-08-28,182,455
5171,1-455-IMPOSSIBLE PREJUDICE,2005-07-09,2005-07-10,371,455
9663,1-455-IMPOSSIBLE PREJUDICE,2005-07-31,2005-08-01,339,455
13139,1-455-IMPOSSIBLE PREJUDICE,2005-08-19,2005-08-24,554,455
2310,2-568-MEMENTO ZOOLANDER,2005-06-18,2005-06-26,409,568
4676,2-568-MEMENTO ZOOLANDER,2005-07-08,2005-07-10,302,568
8088,2-568-MEMENTO ZOOLANDER,2005-07-28,2005-08-06,343,568
14493,2-568-MEMENTO ZOOLANDER,2005-08-21,2005-08-28,389,568
4084,1-568-MEMENTO ZOOLANDER,2005-07-07,2005-07-15,441,568
9581,1-568-MEMENTO ZOOLANDER,2005-07-31,2005-08-05,302,568
11616,1-568-MEMENTO ZOOLANDER,2005-08-17,2005-08-20,36,568
6478,2-568-MEMENTO ZOOLANDER,2005-07-12,2005-07-15,483,568
10008,2-568-MEMENTO ZOOLANDER,2005-07-31,2005-08-03,91,568
15343,2-568-MEMENTO ZOOLANDER,2005-08-22,2005-08-28,538,568
6479,1-568-MEMENTO ZOOLANDER,2005-07-12,2005-07-21,558,568
10609,1-568-MEMENTO ZOOLANDER,2005-08-01,2005-08-04,5,568
15313,1-568-MEMENTO ZOOLANDER,2005-08-22,2005-08-24,333,568
2324,1-655-PANTHER REDS,2005-06-18,2005-06-23,268,655
5024,1-655-PANTHER REDS,2005-07-09,2005-07-12,335,655
8264,1-655-PANTHER REDS,2005-07-29,2005-08-03,175,655
15227,1-655-PANTHER REDS,2005-08-22,2005-08-23,151,655
3693,2-655-PANTHER REDS,2005-07-06,2005-07-15,545,655
6930,2-655-PANTHER REDS,2005-07-26,2005-08-04,393,655
12188,2-655-PANTHER REDS,2005-08-18,2005-08-18,456,655
9525,2-655-PANTHER REDS,2005-07-31,2005-08-06,246,655
14478,2-655-PANTHER REDS,2005-08-21,2005-08-25,231,655
10251,1-655-PANTHER REDS,2005-08-01,2005-08-06,39,655
14502,1-655-PANTHER REDS,2005-08-21,2005-08-23,378,655
11018,1-655-PANTHER REDS,2005-08-02,2005-08-07,197,655
14742,1-655-PANTHER REDS,2005-08-21,2005-08-26,421,655
11148,2-655-PANTHER REDS,2005-08-02,2005-08-08,230,655
12486,2-655-PANTHER REDS,2005-08-18,2005-08-27,515,655
2331,2-339-FROGMEN BREAKING,2005-06-18,2005-06-25,221,339
5388,2-339-FROGMEN BREAKING,2005-07-09,2005-07-14,332,339
11153,2-339-FROGMEN BREAKING,2005-08-02,2005-08-10,220,339
13213,2-339-FROGMEN BREAKING,2005-08-19,2005-08-22,13,339
4624,2-339-FROGMEN BREAKING,2005-07-08,2005-07-15,341,339
10314,2-339-FROGMEN BREAKING,2005-08-01,2005-08-06,252,339
11810,2-339-FROGMEN BREAKING,2005-08-17,2005-08-20,270,339
5272,2-339-FROGMEN BREAKING,2005-07-09,2005-07-12,90,339
11005,2-339-FROGMEN BREAKING,2005-08-02,2005-08-07,216,339
12661,2-339-FROGMEN BREAKING,2005-08-18,2005-08-22,333,339
2338,1-695-PRESIDENT BANG,2005-06-18,2005-06-19,316,695
6499,1-695-PRESIDENT BANG,2005-07-12,2005-07-21,474,695
9101,1-695-PRESIDENT BANG,2005-07-30,2005-08-02,566,695
14003,1-695-PRESIDENT BANG,2005-08-20,2005-08-28,256,695
3837,1-695-PRESIDENT BANG,2005-07-06,2005-07-07,309,695
7468,1-695-PRESIDENT BANG,2005-07-27,2005-08-03,113,695
14336,1-695-PRESIDENT BANG,2005-08-21,2005-08-23,362,695
2344,2-438-HUMAN GRAFFITI,2005-06-18,2005-06-19,498,438
3685,2-438-HUMAN GRAFFITI,2005-07-06,2005-07-11,58,438
9249,2-438-HUMAN GRAFFITI,2005-07-30,2005-08-05,296,438
11961,2-438-HUMAN GRAFFITI,2005-08-17,2005-08-21,276,438
4912,1-438-HUMAN GRAFFITI,2005-07-08,2005-07-18,275,438
8881,1-438-HUMAN GRAFFITI,2005-07-30,2005-08-04,118,438
12315,1-438-HUMAN GRAFFITI,2005-08-18,2005-08-24,579,438
5570,1-438-HUMAN GRAFFITI,2005-07-10,2005-07-17,374,438
10999,1-438-HUMAN GRAFFITI,2005-08-02,2005-08-06,227,438
12067,1-438-HUMAN GRAFFITI,2005-08-17,2005-08-22,514,438
6693,2-438-HUMAN GRAFFITI,2005-07-12,2005-07-20,573,438
11062,2-438-HUMAN GRAFFITI,2005-08-02,2005-08-07,346,438
15240,2-438-HUMAN GRAFFITI,2005-08-22,2005-08-23,11,438
10821,2-438-HUMAN GRAFFITI,2005-08-01,2005-08-07,522,438
14228,2-438-HUMAN GRAFFITI,2005-08-21,2005-08-25,71,438
2347,1-986-WONKA SEA,2005-06-18,2005-06-23,194,986
5129,1-986-WONKA SEA,2005-07-09,2005-07-14,441,986
8500,1-986-WONKA SEA,2005-07-29,2005-07-31,348,986
12477,1-986-WONKA SEA,2005-08-18,2005-08-25,74,986
2512,1-986-WONKA SEA,2005-06-18,2005-06-21,27,986
4399,1-986-WONKA SEA,2005-07-07,2005-07-12,402,986
11364,1-986-WONKA SEA,2005-08-02,2005-08-03,44,986
15858,1-986-WONKA SEA,2005-08-23,2005-08-25,81,986
3581,2-986-WONKA SEA,2005-07-06,2005-07-07,235,986
11203,2-986-WONKA SEA,2005-08-02,2005-08-10,92,986
13966,2-986-WONKA SEA,2005-08-20,2005-08-22,260,986
5613,1-986-WONKA SEA,2005-07-10,2005-07-13,220,986
6932,1-986-WONKA SEA,2005-07-26,2005-08-05,463,986
15037,1-986-WONKA SEA,2005-08-22,2005-08-31,234,986
7078,1-986-WONKA SEA,2005-07-27,2005-08-05,545,986
14607,1-986-WONKA SEA,2005-08-21,2005-08-22,417,986
8250,2-986-WONKA SEA,2005-07-29,2005-08-04,533,986
15503,2-986-WONKA SEA,2005-08-23,2005-08-27,582,986
2375,2-469-IRON MOON,2005-06-18,2005-06-26,259,469
5775,2-469-IRON MOON,2005-07-10,2005-07-15,325,469
8075,2-469-IRON MOON,2005-07-28,2005-07-29,61,469
15792,2-469-IRON MOON,2005-08-23,2005-08-28,581,469
2791,2-469-IRON MOON,2005-06-19,2005-06-22,299,469
4328,2-469-IRON MOON,2005-07-07,2005-07-14,264,469
10958,2-469-IRON MOON,2005-08-02,2005-08-04,160,469
14125,2-469-IRON MOON,2005-08-21,2005-08-26,265,469
4469,2-469-IRON MOON,2005-07-08,2005-07-12,192,469
8153,2-469-IRON MOON,2005-07-28,2005-08-01,347,469
13400,2-469-IRON MOON,2005-08-19,2005-08-20,179,469
2377,2-780-SENSIBILITY REAR,2005-06-18,2005-06-27,193,780
5641,2-780-SENSIBILITY REAR,2005-07-10,2005-07-15,50,780
7761,2-780-SENSIBILITY REAR,2005-07-28,2005-07-30,112,780
14517,2-780-SENSIBILITY REAR,2005-08-21,2005-08-24,311,780
4351,2-780-SENSIBILITY REAR,2005-07-07,2005-07-14,382,780
7341,2-780-SENSIBILITY REAR,2005-07-27,2005-07-28,498,780
13988,2-780-SENSIBILITY REAR,2005-08-20,2005-08-21,466,780
5417,2-780-SENSIBILITY REAR,2005-07-09,2005-07-14,265,780
7386,2-780-SENSIBILITY REAR,2005-07-27,2005-08-04,190,780
11671,2-780-SENSIBILITY REAR,2005-08-17,2005-08-20,338,780
2417,1-427-HOMEWARD CIDER,2005-06-18,2005-06-26,219,427
5521,1-427-HOMEWARD CIDER,2005-07-10,2005-07-17,182,427
10124,1-427-HOMEWARD CIDER,2005-07-31,2005-08-04,396,427
12529,1-427-HOMEWARD CIDER,2005-08-18,2005-08-19,382,427
2794,1-427-HOMEWARD CIDER,2005-06-19,2005-06-22,85,427
6435,1-427-HOMEWARD CIDER,2005-07-12,2005-07-17,561,427
8433,1-427-HOMEWARD CIDER,2005-07-29,2005-08-05,125,427
14469,1-427-HOMEWARD CIDER,2005-08-21,2005-08-24,554,427
3068,1-427-HOMEWARD CIDER,2005-06-20,2005-06-22,516,427
5432,1-427-HOMEWARD CIDER,2005-07-09,2005-07-14,64,427
10296,1-427-HOMEWARD CIDER,2005-08-01,2005-08-01,573,427
12133,1-427-HOMEWARD CIDER,2005-08-17,2005-08-19,132,427
3428,1-427-HOMEWARD CIDER,2005-06-21,2005-06-22,40,427
4876,1-427-HOMEWARD CIDER,2005-07-08,2005-07-14,283,427
7456,1-427-HOMEWARD CIDER,2005-07-27,2005-07-29,501,427
14292,1-427-HOMEWARD CIDER,2005-08-21,2005-08-22,251,427
2429,2-710-RAGE GAMES,2005-06-18,2005-06-27,583,710
3883,2-710-RAGE GAMES,2005-07-06,2005-07-14,69,710
7348,2-710-RAGE GAMES,2005-07-27,2005-07-28,43,710
14275,2-710-RAGE GAMES,2005-08-21,2005-08-25,163,710
2545,2-710-RAGE GAMES,2005-06-19,2005-06-20,413,710
5294,2-710-RAGE GAMES,2005-07-09,2005-07-15,22,710
6996,2-710-RAGE GAMES,2005-07-27,2005-07-28,236,710
12650,2-710-RAGE GAMES,2005-08-18,2005-08-21,276,710
3575,1-710-RAGE GAMES,2005-07-06,2005-07-08,49,710
7762,1-710-RAGE GAMES,2005-07-28,2005-08-05,462,710
12106,1-710-RAGE GAMES,2005-08-17,2005-08-19,465,710
6288,1-710-RAGE GAMES,2005-07-11,2005-07-19,357,710
10021,1-710-RAGE GAMES,2005-07-31,2005-08-01,597,710
15464,1-710-RAGE GAMES,2005-08-23,2005-08-29,62,710
6815,1-710-RAGE GAMES,2005-07-12,2005-07-17,468,710
8180,1-710-RAGE GAMES,2005-07-28,2005-08-01,281,710
16007,1-710-RAGE GAMES,2005-08-23,2005-08-30,126,710
7632,1-710-RAGE GAMES,2005-07-28,2005-07-30,181,710
15990,1-710-RAGE GAMES,2005-08-23,2005-08-25,512,710
2433,1-207-DANGEROUS UPTOWN,2005-06-18,2005-06-23,356,207
6540,1-207-DANGEROUS UPTOWN,2005-07-12,2005-07-21,156,207
8145,1-207-DANGEROUS UPTOWN,2005-07-28,2005-08-05,198,207
13603,1-207-DANGEROUS UPTOWN,2005-08-20,2005-08-29,362,207
3835,1-207-DANGEROUS UPTOWN,2005-07-06,2005-07-11,486,207
8063,1-207-DANGEROUS UPTOWN,2005-07-28,2005-08-04,163,207
12947,1-207-DANGEROUS UPTOWN,2005-08-19,2005-08-22,499,207
4431,1-207-DANGEROUS UPTOWN,2005-07-07,2005-07-16,26,207
10303,1-207-DANGEROUS UPTOWN,2005-08-01,2005-08-06,479,207
15705,1-207-DANGEROUS UPTOWN,2005-08-23,2005-08-29,356,207
5697,1-207-DANGEROUS UPTOWN,2005-07-10,2005-07-12,515,207
14010,1-207-DANGEROUS UPTOWN,2005-08-20,2005-08-26,537,207
2451,1-183-CONVERSATION DOWNHILL,2005-06-18,2005-06-23,24,183
6281,1-183-CONVERSATION DOWNHILL,2005-07-11,2005-07-13,236,183
9895,1-183-CONVERSATION DOWNHILL,2005-07-31,2005-08-05,560,183
15976,1-183-CONVERSATION DOWNHILL,2005-08-23,2005-08-25,227,183
4486,2-183-CONVERSATION DOWNHILL,2005-07-08,2005-07-16,197,183
11076,2-183-CONVERSATION DOWNHILL,2005-08-02,2005-08-10,211,183
15867,2-183-CONVERSATION DOWNHILL,2006-02-14,,505,183
4656,2-183-CONVERSATION DOWNHILL,2005-07-08,2005-07-13,141,183
9744,2-183-CONVERSATION DOWNHILL,2005-07-31,2005-08-03,459,183
14410,2-183-CONVERSATION DOWNHILL,2005-08-21,2005-08-26,196,183
5955,1-183-CONVERSATION DOWNHILL,2005-07-10,2005-07-17,409,183
7028,1-183-CONVERSATION DOWNHILL,2005-07-27,2005-08-02,179,183
12034,1-183-CONVERSATION DOWNHILL,2005-08-17,2005-08-24,321,183
9783,1-183-CONVERSATION DOWNHILL,2005-07-31,2005-08-09,75,183
11544,1-183-CONVERSATION DOWNHILL,2005-08-17,2005-08-22,439,183
10215,2-183-CONVERSATION DOWNHILL,2005-08-01,2005-08-09,345,183
15177,2-183-CONVERSATION DOWNHILL,2005-08-22,2005-08-26,493,183
2464,2-102-BUBBLE GROSSE,2005-06-18,2005-06-20,380,102
5011,2-102-BUBBLE GROSSE,2005-07-09,2005-07-11,249,102
10936,2-102-BUBBLE GROSSE,2005-08-02,2005-08-11,445,102
11521,2-102-BUBBLE GROSSE,2005-08-17,2005-08-21,229,102
10464,2-102-BUBBLE GROSSE,2005-08-01,2005-08-06,427,102
12902,2-102-BUBBLE GROSSE,2006-02-14,,91,102
2483,2-918-TWISTED PIRATES,2005-06-18,2005-06-25,88,918
3513,2-918-TWISTED PIRATES,2005-07-06,2005-07-11,223,918
8026,2-918-TWISTED PIRATES,2005-07-28,2005-07-29,511,918
12993,2-918-TWISTED PIRATES,2005-08-19,2005-08-26,484,918
5031,2-918-TWISTED PIRATES,2005-07-09,2005-07-14,312,918
7100,2-918-TWISTED PIRATES,2005-07-27,2005-07-28,413,918
15749,2-918-TWISTED PIRATES,2005-08-23,2005-08-24,575,918
8610,2-918-TWISTED PIRATES,2005-07-29,2005-08-03,563,918
13080,2-918-TWISTED PIRATES,2005-08-19,2005-08-22,452,918
10885,2-918-TWISTED PIRATES,2005-08-02,2005-08-09,493,918
13458,2-918-TWISTED PIRATES,2005-08-20,2005-08-21,228,918
2485,1-342-FUGITIVE MAGUIRE,2005-06-18,2005-06-21,56,342
4258,1-342-FUGITIVE MAGUIRE,2005-07-07,2005-07-16,492,342
11147,1-342-FUGITIVE MAGUIRE,2005-08-02,2005-08-07,597,342
14344,1-342-FUGITIVE MAGUIRE,2005-08-21,2005-08-27,341,342
5990,1-342-FUGITIVE MAGUIRE,2005-07-11,2005-07-15,432,342
9217,1-342-FUGITIVE MAGUIRE,2005-07-30,2005-08-05,112,342
14280,1-342-FUGITIVE MAGUIRE,2005-08-21,2005-08-23,481,342
7410,1-342-FUGITIVE MAGUIRE,2005-07-27,2005-07-29,337,342
14239,1-342-FUGITIVE MAGUIRE,2005-08-21,2005-08-22,416,342
10401,1-342-FUGITIVE MAGUIRE,2005-08-01,2005-08-02,564,342
15779,1-342-FUGITIVE MAGUIRE,2005-08-23,2005-08-28,419,342
2490,2-420-HOLES BRANNIGAN,2005-06-18,2005-06-19,402,420
3484,2-420-HOLES BRANNIGAN,2005-07-05,2005-07-11,114,420
10435,2-420-HOLES BRANNIGAN,2005-08-01,2005-08-08,392,420
13569,2-420-HOLES BRANNIGAN,2005-08-20,2005-08-28,496,420
2563,2-420-HOLES BRANNIGAN,2005-06-19,2005-06-23,41,420
6046,2-420-HOLES BRANNIGAN,2005-07-11,2005-07-19,569,420
9879,2-420-HOLES BRANNIGAN,2005-07-31,2005-08-07,178,420
13817,2-420-HOLES BRANNIGAN,2005-08-20,2005-08-22,293,420
4714,1-420-HOLES BRANNIGAN,2005-07-08,2005-07-17,385,420
9477,1-420-HOLES BRANNIGAN,2005-07-30,2005-08-04,213,420
15282,1-420-HOLES BRANNIGAN,2006-02-14,,163,420
9061,2-420-HOLES BRANNIGAN,2005-07-30,2005-08-08,255,420
12218,2-420-HOLES BRANNIGAN,2005-08-18,2005-08-21,70,420
9075,1-420-HOLES BRANNIGAN,2005-07-30,2005-08-02,20,420
11900,1-420-HOLES BRANNIGAN,2005-08-17,2005-08-19,239,420
2505,1-365-GOLD RIVER,2005-06-18,2005-06-26,519,365
4840,1-365-GOLD RIVER,2005-07-08,2005-07-16,119,365
7475,1-365-GOLD RIVER,2005-07-27,2005-08-04,255,365
11591,1-365-GOLD RIVER,2005-08-17,2005-08-23,6,365
2922,1-365-GOLD RIVER,2005-06-20,2005-06-22,176,365
4078,1-365-GOLD RIVER,2005-07-07,2005-07-10,522,365
11477,1-365-GOLD RIVER,2005-08-02,2005-08-07,47,365
14636,1-365-GOLD RIVER,2005-08-21,2005-08-23,339,365
3279,2-365-GOLD RIVER,2005-06-21,2005-06-25,462,365
4389,2-365-GOLD RIVER,2005-07-07,2005-07-13,166,365
7818,2-365-GOLD RIVER,2005-07-28,2005-07-29,301,365
15303,2-365-GOLD RIVER,2005-08-22,2005-08-30,390,365
10807,2-365-GOLD RIVER,2005-08-01,2005-08-05,287,365
11608,2-365-GOLD RIVER,2005-08-17,2005-08-25,448,365
2533,1-996-YOUNG LANGUAGE,2005-06-19,2005-06-22,187,996
4151,1-996-YOUNG LANGUAGE,2005-07-07,2005-07-11,428,996
10123,1-996-YOUNG LANGUAGE,2005-07-31,2005-08-06,487,996
12377,1-996-YOUNG LANGUAGE,2005-08-18,2005-08-23,31,996
4969,1-996-YOUNG LANGUAGE,2005-07-08,2005-07-12,231,996
10186,1-996-YOUNG LANGUAGE,2005-08-01,2005-08-07,294,996
15478,1-996-YOUNG LANGUAGE,2005-08-23,2005-08-27,167,996
2548,2-935-VANISHED GARDEN,2005-06-19,2005-06-22,561,935
5411,2-935-VANISHED GARDEN,2005-07-09,2005-07-16,304,935
7191,2-935-VANISHED GARDEN,2005-07-27,2005-08-03,495,935
13464,2-935-VANISHED GARDEN,2006-02-14,,576,935
5385,2-935-VANISHED GARDEN,2005-07-09,2005-07-16,112,935
11037,2-935-VANISHED GARDEN,2005-08-02,2005-08-07,220,935
13199,2-935-VANISHED GARDEN,2005-08-19,2005-08-27,339,935
2565,1-511-LAWRENCE LOVE,2005-06-19,2005-06-24,128,511
4074,1-511-LAWRENCE LOVE,2005-07-07,2005-07-12,412,511
8072,1-511-LAWRENCE LOVE,2005-07-28,2005-07-30,99,511
16023,1-511-LAWRENCE LOVE,2005-08-23,2005-08-24,124,511
5721,1-511-LAWRENCE LOVE,2005-07-10,2005-07-17,5,511
8764,1-511-LAWRENCE LOVE,2005-07-29,2005-08-01,303,511
12050,1-511-LAWRENCE LOVE,2005-08-17,2005-08-22,405,511
9252,2-511-LAWRENCE LOVE,2005-07-30,2005-08-07,322,511
15548,2-511-LAWRENCE LOVE,2005-08-23,2005-08-28,334,511
9925,2-511-LAWRENCE LOVE,2005-07-31,2005-08-02,24,511
14663,2-511-LAWRENCE LOVE,2005-08-21,2005-08-27,150,511
9933,2-511-LAWRENCE LOVE,2005-07-31,2005-08-01,111,511
15052,2-511-LAWRENCE LOVE,2005-08-22,2005-08-31,147,511
2573,1-737-ROCK INSTINCT,2005-06-19,2005-06-23,563,737
6867,1-737-ROCK INSTINCT,2005-07-12,2005-07-19,190,737
7504,1-737-ROCK INSTINCT,2005-07-27,2005-07-30,283,737
14849,1-737-ROCK INSTINCT,2005-08-22,2005-08-28,177,737
2778,2-737-ROCK INSTINCT,2005-06-19,2005-06-28,422,737
3870,2-737-ROCK INSTINCT,2005-07-06,2005-07-13,12,737
9362,2-737-ROCK INSTINCT,2005-07-30,2005-08-01,420,737
14920,2-737-ROCK INSTINCT,2005-08-22,2005-08-23,106,737
4253,1-737-ROCK INSTINCT,2005-07-07,2005-07-16,157,737
7909,1-737-ROCK INSTINCT,2005-07-28,2005-07-29,210,737
13622,1-737-ROCK INSTINCT,2005-08-20,2005-08-25,335,737
9238,2-737-ROCK INSTINCT,2005-07-30,2005-08-08,12,737
11551,2-737-ROCK INSTINCT,2005-08-17,2005-08-18,168,737
9891,2-737-ROCK INSTINCT,2005-07-31,2005-08-02,462,737
15341,2-737-ROCK INSTINCT,2005-08-22,2005-08-30,91,737
10104,2-737-ROCK INSTINCT,2005-07-31,2005-08-05,186,737
15638,2-737-ROCK INSTINCT,2005-08-23,2005-08-30,563,737
2623,1-978-WISDOM WORKER,2005-06-19,2005-06-26,12,978
6421,1-978-WISDOM WORKER,2005-07-11,2005-07-15,479,978
8834,1-978-WISDOM WORKER,2005-07-29,2005-08-05,243,978
14196,1-978-WISDOM WORKER,2005-08-21,2005-08-25,281,978
5965,1-978-WISDOM WORKER,2005-07-10,2005-07-11,348,978
8354,1-978-WISDOM WORKER,2005-07-29,2005-08-01,579,978
13386,1-978-WISDOM WORKER,2005-08-19,2005-08-24,324,978
7820,1-978-WISDOM WORKER,2005-07-28,2005-08-05,459,978
11653,1-978-WISDOM WORKER,2005-08-17,2005-08-24,358,978
2656,2-121-CAROL TEXAS,2005-06-19,2005-06-24,280,121
4179,2-121-CAROL TEXAS,2005-07-07,2005-07-10,75,121
9145,2-121-CAROL TEXAS,2005-07-30,2005-08-07,176,121
15144,2-121-CAROL TEXAS,2005-08-22,2005-08-26,527,121
3388,1-121-CAROL TEXAS,2005-06-21,2005-06-28,119,121
3966,1-121-CAROL TEXAS,2005-07-06,2005-07-07,495,121
8647,1-121-CAROL TEXAS,2005-07-29,2005-08-06,307,121
15738,1-121-CAROL TEXAS,2005-08-23,2005-08-30,38,121
3616,2-121-CAROL TEXAS,2005-07-06,2005-07-10,571,121
10805,2-121-CAROL TEXAS,2005-08-01,2005-08-05,203,121
13167,2-121-CAROL TEXAS,2005-08-19,2005-08-23,120,121
3968,2-121-CAROL TEXAS,2005-07-06,2005-07-12,235,121
8659,2-121-CAROL TEXAS,2005-07-29,2005-08-06,168,121
13860,2-121-CAROL TEXAS,2005-08-20,2005-08-22,275,121
7488,1-121-CAROL TEXAS,2005-07-27,2005-08-05,365,121
11538,1-121-CAROL TEXAS,2005-08-17,2005-08-18,431,121
10986,1-121-CAROL TEXAS,2005-08-02,2005-08-09,597,121
15135,1-121-CAROL TEXAS,2005-08-22,2005-08-27,284,121
2675,1-677-PIANIST OUTFIELD,2005-06-19,2005-06-23,230,677
5663,1-677-PIANIST OUTFIELD,2005-07-10,2005-07-15,530,677
11072,1-677-PIANIST OUTFIELD,2005-08-02,2005-08-04,21,677
12434,1-677-PIANIST OUTFIELD,2005-08-18,2005-08-22,314,677
3327,2-677-PIANIST OUTFIELD,2005-06-21,2005-06-30,62,677
3856,2-677-PIANIST OUTFIELD,2005-07-06,2005-07-14,498,677
11417,2-677-PIANIST OUTFIELD,2005-08-02,2005-08-11,437,677
15120,2-677-PIANIST OUTFIELD,2005-08-22,2005-08-23,11,677
3459,2-677-PIANIST OUTFIELD,2005-06-21,2005-06-25,97,677
4182,2-677-PIANIST OUTFIELD,2005-07-07,2005-07-08,256,677
10790,2-677-PIANIST OUTFIELD,2005-08-01,2005-08-08,274,677
15000,2-677-PIANIST OUTFIELD,2005-08-22,2005-08-24,161,677
5007,1-677-PIANIST OUTFIELD,2005-07-09,2005-07-12,207,677
7647,1-677-PIANIST OUTFIELD,2005-07-28,2005-08-01,36,677
15912,1-677-PIANIST OUTFIELD,2005-08-23,2005-08-31,229,677
8418,2-677-PIANIST OUTFIELD,2005-07-29,2005-08-05,355,677
12587,2-677-PIANIST OUTFIELD,2005-08-18,2005-08-25,499,677
10710,2-677-PIANIST OUTFIELD,2005-08-01,2005-08-03,177,677
12116,2-677-PIANIST OUTFIELD,2006-02-14,,560,677
11370,1-677-PIANIST OUTFIELD,2005-08-02,2005-08-04,146,677
13081,1-677-PIANIST OUTFIELD,2005-08-19,2005-08-20,170,677
2681,1-594-MONTEZUMA COMMAND,2005-06-19,2005-06-21,196,594
6720,1-594-MONTEZUMA COMMAND,2005-07-12,2005-07-13,151,594
7649,1-594-MONTEZUMA COMMAND,2005-07-28,2005-07-28,318,594
13047,1-594-MONTEZUMA COMMAND,2005-08-19,2005-08-24,394,594
5640,1-594-MONTEZUMA COMMAND,2005-07-10,2005-07-18,574,594
7336,1-594-MONTEZUMA COMMAND,2005-07-27,2005-07-28,46,594
12084,1-594-MONTEZUMA COMMAND,2005-08-17,2005-08-24,60,594
11238,1-594-MONTEZUMA COMMAND,2005-08-02,2005-08-08,506,594
15807,1-594-MONTEZUMA COMMAND,2005-08-23,2005-08-29,350,594
2685,1-259-DUCK RACER,2005-06-19,2005-06-22,283,259
5164,1-259-DUCK RACER,2005-07-09,2005-07-14,511,259
10863,1-259-DUCK RACER,2005-08-02,2005-08-10,161,259
15350,1-259-DUCK RACER,2005-08-22,2005-08-24,488,259
8599,1-259-DUCK RACER,2005-07-29,2005-08-03,545,259
15636,1-259-DUCK RACER,2005-08-23,2005-08-26,380,259
2686,1-590-MONEY HAROLD,2005-06-19,2005-06-20,68,590
6248,1-590-MONEY HAROLD,2005-07-11,2005-07-19,6,590
8482,1-590-MONEY HAROLD,2005-07-29,2005-07-31,405,590
12466,1-590-MONEY HAROLD,2005-08-18,2005-08-23,462,590
3704,1-590-MONEY HAROLD,2005-07-06,2005-07-13,323,590
9028,1-590-MONEY HAROLD,2005-07-30,2005-08-02,119,590
15070,1-590-MONEY HAROLD,2005-08-22,2005-08-26,441,590
4490,2-590-MONEY HAROLD,2005-07-08,2005-07-09,161,590
7021,2-590-MONEY HAROLD,2005-07-27,2005-08-05,380,590
12004,2-590-MONEY HAROLD,2005-08-17,2005-08-26,499,590
5271,2-590-MONEY HAROLD,2005-07-09,2005-07-16,522,590
10195,2-590-MONEY HAROLD,2005-08-01,2005-08-08,396,590
13278,2-590-MONEY HAROLD,2005-08-19,2005-08-22,282,590
6549,1-590-MONEY HAROLD,2005-07-12,2005-07-20,493,590
9618,1-590-MONEY HAROLD,2005-07-31,2005-08-07,253,590
11508,1-590-MONEY HAROLD,2005-08-16,2005-08-25,19,590
7477,2-590-MONEY HAROLD,2005-07-27,2005-08-02,355,590
13607,2-590-MONEY HAROLD,2005-08-20,2005-08-21,491,590
11313,2-590-MONEY HAROLD,2005-08-02,2005-08-03,419,590
13352,2-590-MONEY HAROLD,2005-08-19,2005-08-24,80,590
2721,1-829-SPINAL ROCKY,2005-06-19,2005-06-21,358,829
6504,1-829-SPINAL ROCKY,2005-07-12,2005-07-17,535,829
9512,1-829-SPINAL ROCKY,2005-07-31,2005-08-04,173,829
15246,1-829-SPINAL ROCKY,2005-08-22,2005-08-30,100,829
5154,1-829-SPINAL ROCKY,2005-07-09,2005-07-14,361,829
9035,1-829-SPINAL ROCKY,2005-07-30,2005-08-06,243,829
13540,1-829-SPINAL ROCKY,2005-08-20,2005-08-27,557,829
8064,2-829-SPINAL ROCKY,2005-07-28,2005-08-04,488,829
14162,2-829-SPINAL ROCKY,2005-08-21,2005-08-27,315,829
9155,2-829-SPINAL ROCKY,2005-07-30,2005-08-02,107,829
15683,2-829-SPINAL ROCKY,2005-08-23,2005-08-30,168,829
11331,2-829-SPINAL ROCKY,2005-08-02,2005-08-09,568,829
13995,2-829-SPINAL ROCKY,2005-08-20,2005-08-25,381,829
2731,1-917-TUXEDO MILE,2005-06-19,2005-06-27,138,917
6713,1-917-TUXEDO MILE,2005-07-12,2005-07-16,557,917
8597,1-917-TUXEDO MILE,2005-07-29,2005-08-05,222,917
12127,1-917-TUXEDO MILE,2006-02-14,,582,917
3537,2-917-TUXEDO MILE,2005-07-06,2005-07-13,479,917
7844,2-917-TUXEDO MILE,2005-07-28,2005-08-05,187,917
13391,2-917-TUXEDO MILE,2005-08-19,2005-08-24,16,917
9488,2-917-TUXEDO MILE,2005-07-30,2005-08-08,528,917
12337,2-917-TUXEDO MILE,2005-08-18,2005-08-20,117,917
9976,1-917-TUXEDO MILE,2005-07-31,2005-08-03,579,917
12454,1-917-TUXEDO MILE,2005-08-18,2005-08-19,184,917
10438,1-917-TUXEDO MILE,2005-08-01,2005-08-09,316,917
11736,1-917-TUXEDO MILE,2005-08-17,2005-08-26,535,917
2735,1-993-WRONG BEHAVIOR,2005-06-19,2005-06-22,29,993
6365,1-993-WRONG BEHAVIOR,2005-07-11,2005-07-14,566,993
9531,1-993-WRONG BEHAVIOR,2005-07-31,2005-08-07,268,993
15104,1-993-WRONG BEHAVIOR,2005-08-22,2005-08-27,359,993
3425,1-993-WRONG BEHAVIOR,2005-06-21,2005-06-27,381,993
3911,1-993-WRONG BEHAVIOR,2005-07-06,2005-07-08,34,993
10168,1-993-WRONG BEHAVIOR,2005-07-31,2005-08-02,570,993
15873,1-993-WRONG BEHAVIOR,2005-08-23,2005-08-26,577,993
5848,1-993-WRONG BEHAVIOR,2005-07-10,2005-07-14,409,993
10818,1-993-WRONG BEHAVIOR,2005-08-01,2005-08-06,309,993
15946,1-993-WRONG BEHAVIOR,2005-08-23,2005-08-28,561,993
6706,2-993-WRONG BEHAVIOR,2005-07-12,2005-07-19,267,993
9124,2-993-WRONG BEHAVIOR,2005-07-30,2005-08-06,105,993
15079,2-993-WRONG BEHAVIOR,2005-08-22,2005-08-24,540,993
8367,2-993-WRONG BEHAVIOR,2005-07-29,2005-08-02,383,993
12104,2-993-WRONG BEHAVIOR,2005-08-17,2005-08-23,16,993
8492,2-993-WRONG BEHAVIOR,2005-07-29,2005-08-02,266,993
15820,2-993-WRONG BEHAVIOR,2005-08-23,2005-08-25,308,993
8714,1-993-WRONG BEHAVIOR,2005-07-29,2005-08-04,362,993
13562,1-993-WRONG BEHAVIOR,2005-08-20,2005-08-25,36,993
2749,1-337-FRIDA SLIPPER,2005-06-19,2005-06-25,358,337
3655,1-337-FRIDA SLIPPER,2005-07-06,2005-07-15,493,337
9812,1-337-FRIDA SLIPPER,2005-07-31,2005-08-01,57,337
12959,1-337-FRIDA SLIPPER,2006-02-14,,284,337
5009,1-337-FRIDA SLIPPER,2005-07-09,2005-07-18,102,337
9365,1-337-FRIDA SLIPPER,2005-07-30,2005-08-03,232,337
11880,1-337-FRIDA SLIPPER,2005-08-17,2005-08-26,597,337
8119,2-337-FRIDA SLIPPER,2005-07-28,2005-08-04,398,337
15669,2-337-FRIDA SLIPPER,2005-08-23,2005-08-30,334,337
10651,2-337-FRIDA SLIPPER,2005-08-01,2005-08-03,404,337
14519,2-337-FRIDA SLIPPER,2005-08-21,2005-08-22,403,337
2782,1-796-SIERRA DIVIDE,2005-06-19,2005-06-22,156,796
4854,1-796-SIERRA DIVIDE,2005-07-08,2005-07-13,487,796
7529,1-796-SIERRA DIVIDE,2005-07-27,2005-08-06,145,796
12065,1-796-SIERRA DIVIDE,2005-08-17,2005-08-26,77,796
2911,1-796-SIERRA DIVIDE,2005-06-20,2005-06-22,502,796
6761,1-796-SIERRA DIVIDE,2005-07-12,2005-07-18,7,796
6978,1-796-SIERRA DIVIDE,2005-07-27,2005-07-31,132,796
13230,1-796-SIERRA DIVIDE,2005-08-19,2005-08-21,151,796
4944,2-796-SIERRA DIVIDE,2005-07-08,2005-07-17,293,796
9222,2-796-SIERRA DIVIDE,2005-07-30,2005-08-08,95,796
11803,2-796-SIERRA DIVIDE,2005-08-17,2005-08-22,160,796
7908,2-796-SIERRA DIVIDE,2005-07-28,2005-08-03,360,796
15707,2-796-SIERRA DIVIDE,2005-08-23,2005-08-27,91,796
9128,2-796-SIERRA DIVIDE,2005-07-30,2005-08-07,372,796
13865,2-796-SIERRA DIVIDE,2005-08-20,2005-08-24,275,796
2795,2-808-SLING LUKE,2005-06-19,2005-06-28,129,808
5424,2-808-SLING LUKE,2005-07-09,2005-07-12,72,808
8099,2-808-SLING LUKE,2005-07-28,2005-07-30,36,808
12318,2-808-SLING LUKE,2005-08-18,2005-08-27,332,808
8475,2-808-SLING LUKE,2005-07-29,2005-08-04,260,808
12699,2-808-SLING LUKE,2005-08-18,2005-08-22,66,808
2796,2-508-LAMBS CINCINATTI,2005-06-19,2005-06-25,209,508
4845,2-508-LAMBS CINCINATTI,2005-07-08,2005-07-09,553,508
7446,2-508-LAMBS CINCINATTI,2005-07-27,2005-07-29,486,508
12701,2-508-LAMBS CINCINATTI,2005-08-18,2005-08-26,489,508
5221,2-508-LAMBS CINCINATTI,2005-07-09,2005-07-16,84,508
8014,2-508-LAMBS CINCINATTI,2005-07-28,2005-07-31,11,508
14200,2-508-LAMBS CINCINATTI,2005-08-21,2005-08-29,349,508
5930,2-508-LAMBS CINCINATTI,2005-07-10,2005-07-11,254,508
7152,2-508-LAMBS CINCINATTI,2005-07-27,2005-08-05,370,508
15187,2-508-LAMBS CINCINATTI,2005-08-22,2005-08-27,461,508
2797,2-707-QUEST MUSSOLINI,2005-06-19,2005-06-20,486,707
4359,2-707-QUEST MUSSOLINI,2005-07-07,2005-07-09,282,707
10769,2-707-QUEST MUSSOLINI,2005-08-01,2005-08-05,348,707
11649,2-707-QUEST MUSSOLINI,2005-08-17,2005-08-20,217,707
3162,2-707-QUEST MUSSOLINI,2005-06-20,2005-06-29,113,707
3515,2-707-QUEST MUSSOLINI,2005-07-06,2005-07-09,131,707
10554,2-707-QUEST MUSSOLINI,2005-08-01,2005-08-03,209,707
13837,2-707-QUEST MUSSOLINI,2005-08-20,2005-08-22,67,707
3350,2-707-QUEST MUSSOLINI,2005-06-21,2005-06-28,20,707
6302,2-707-QUEST MUSSOLINI,2005-07-11,2005-07-17,391,707
10000,2-707-QUEST MUSSOLINI,2005-07-31,2005-08-02,576,707
12718,2-707-QUEST MUSSOLINI,2005-08-18,2005-08-20,176,707
3992,2-707-QUEST MUSSOLINI,2005-07-06,2005-07-15,448,707
11209,2-707-QUEST MUSSOLINI,2005-08-02,2005-08-07,24,707
15502,2-707-QUEST MUSSOLINI,2005-08-23,2005-08-31,433,707
5539,1-707-QUEST MUSSOLINI,2005-07-10,2005-07-16,90,707
8895,1-707-QUEST MUSSOLINI,2005-07-30,2005-07-31,494,707
15646,1-707-QUEST MUSSOLINI,2005-08-23,2005-08-29,114,707
10952,1-707-QUEST MUSSOLINI,2005-08-02,2005-08-09,111,707
15168,1-707-QUEST MUSSOLINI,2005-08-22,2005-08-25,526,707
2807,2-620-NEMO CAMPUS,2005-06-19,2005-06-25,194,620
5158,2-620-NEMO CAMPUS,2005-07-09,2005-07-10,272,620
8178,2-620-NEMO CAMPUS,2005-07-28,2005-08-02,503,620
3695,1-620-NEMO CAMPUS,2005-07-06,2005-07-09,441,620
9214,1-620-NEMO CAMPUS,2005-07-30,2005-08-06,181,620
13381,1-620-NEMO CAMPUS,2005-08-19,2005-08-21,21,620
4307,2-620-NEMO CAMPUS,2005-07-07,2005-07-16,394,620
10860,2-620-NEMO CAMPUS,2005-08-02,2005-08-04,25,620
13019,2-620-NEMO CAMPUS,2005-08-19,2005-08-20,597,620
5153,2-620-NEMO CAMPUS,2005-07-09,2005-07-18,504,620
8460,2-620-NEMO CAMPUS,2005-07-29,2005-08-07,329,620
12540,2-620-NEMO CAMPUS,2005-08-18,2005-08-26,304,620
8888,1-620-NEMO CAMPUS,2005-07-30,2005-08-01,284,620
15514,1-620-NEMO CAMPUS,2005-08-23,2005-08-24,366,620
2812,2-662-PATHS CONTROL,2005-06-19,2005-06-26,211,662
6098,2-662-PATHS CONTROL,2005-07-11,2005-07-17,525,662
7010,2-662-PATHS CONTROL,2005-07-27,2005-07-30,590,662
11647,2-662-PATHS CONTROL,2005-08-17,2005-08-23,110,662
7640,1-662-PATHS CONTROL,2005-07-28,2005-08-03,229,662
15864,1-662-PATHS CONTROL,2005-08-23,2005-08-29,256,662
8950,1-662-PATHS CONTROL,2005-07-30,2005-08-07,11,662
15474,1-662-PATHS CONTROL,2005-08-23,2005-08-23,188,662
10392,2-662-PATHS CONTROL,2005-08-01,2005-08-10,12,662
15694,2-662-PATHS CONTROL,2005-08-23,2005-08-31,506,662
2823,2-779-SENSE GREEK,2005-06-19,2005-06-26,260,779
4892,2-779-SENSE GREEK,2005-07-08,2005-07-14,193,779
8760,2-779-SENSE GREEK,2005-07-29,2005-08-05,118,779
15915,2-779-SENSE GREEK,2005-08-23,2005-08-24,167,779
6899,2-779-SENSE GREEK,2005-07-12,2005-07-21,483,779
8270,2-779-SENSE GREEK,2005-07-29,2005-07-29,282,779
15658,2-779-SENSE GREEK,2005-08-23,2005-08-25,22,779
2826,1-653-PANIC CLUB,2005-06-19,2005-06-25,125,653
5620,1-653-PANIC CLUB,2005-07-10,2005-07-16,92,653
9371,1-653-PANIC CLUB,2005-07-30,2005-08-03,4,653
15231,1-653-PANIC CLUB,2005-08-22,2005-08-25,187,653
3988,1-653-PANIC CLUB,2005-07-06,2005-07-13,421,653
7874,1-653-PANIC CLUB,2005-07-28,2005-08-06,86,653
15121,1-653-PANIC CLUB,2005-08-22,2005-08-25,415,653
2833,2-431-HOOSIERS BIRDCAGE,2005-06-19,2005-06-28,232,431
4541,2-431-HOOSIERS BIRDCAGE,2005-07-08,2005-07-13,248,431
9611,2-431-HOOSIERS BIRDCAGE,2005-07-31,2005-08-05,215,431
12151,2-431-HOOSIERS BIRDCAGE,2005-08-18,2005-08-18,4,431
8156,2-431-HOOSIERS BIRDCAGE,2005-07-28,2005-08-01,257,431
11687,2-431-HOOSIERS BIRDCAGE,2005-08-17,2005-08-23,169,431
9995,2-431-HOOSIERS BIRDCAGE,2005-07-31,2005-08-04,180,431
11600,2-431-HOOSIERS BIRDCAGE,2005-08-17,2005-08-23,400,431
2841,2-133-CHAMBER ITALIAN,2005-06-19,2005-06-28,193,133
6653,2-133-CHAMBER ITALIAN,2005-07-12,2005-07-19,25,133
10133,2-133-CHAMBER ITALIAN,2005-07-31,2005-08-08,234,133
12293,2-133-CHAMBER ITALIAN,2005-08-18,2005-08-25,514,133
3147,2-133-CHAMBER ITALIAN,2005-06-20,2005-06-28,390,133
4550,2-133-CHAMBER ITALIAN,2005-07-08,2005-07-14,409,133
10339,2-133-CHAMBER ITALIAN,2005-08-01,2005-08-10,363,133
13545,2-133-CHAMBER ITALIAN,2005-08-20,2005-08-27,417,133
4321,1-133-CHAMBER ITALIAN,2005-07-07,2005-07-11,91,133
10137,1-133-CHAMBER ITALIAN,2005-07-31,2005-08-07,236,133
14741,1-133-CHAMBER ITALIAN,2006-02-14,,60,133
9481,1-133-CHAMBER ITALIAN,2005-07-30,2005-08-04,481,133
11710,1-133-CHAMBER ITALIAN,2005-08-17,2005-08-19,553,133
2852,2-591-MONSOON CAUSE,2005-06-19,2005-06-26,453,591
3919,2-591-MONSOON CAUSE,2005-07-06,2005-07-15,147,591
7711,2-591-MONSOON CAUSE,2005-07-28,2005-07-29,426,591
12392,2-591-MONSOON CAUSE,2005-08-18,2005-08-25,113,591
5317,2-591-MONSOON CAUSE,2005-07-09,2005-07-18,14,591
9661,2-591-MONSOON CAUSE,2005-07-31,2005-08-04,237,591
13087,2-591-MONSOON CAUSE,2005-08-19,2005-08-27,171,591
10035,2-591-MONSOON CAUSE,2005-07-31,2005-08-04,333,591
11959,2-591-MONSOON CAUSE,2005-08-17,2005-08-20,101,591
2886,2-381-GRINCH MASSAGE,2005-06-20,2005-06-23,154,381
3896,2-381-GRINCH MASSAGE,2005-07-06,2005-07-16,309,381
7116,2-381-GRINCH MASSAGE,2005-07-27,2005-08-05,209,381
13937,2-381-GRINCH MASSAGE,2005-08-20,2005-08-27,172,381
4194,1-381-GRINCH MASSAGE,2005-07-07,2005-07-15,153,381
9878,1-381-GRINCH MASSAGE,2005-07-31,2005-08-05,424,381
13581,1-381-GRINCH MASSAGE,2005-08-20,2005-08-21,119,381
6004,2-381-GRINCH MASSAGE,2005-07-11,2005-07-18,204,381
9941,2-381-GRINCH MASSAGE,2005-07-31,2005-08-05,175,381
15162,2-381-GRINCH MASSAGE,2005-08-22,2005-08-27,439,381
10373,2-381-GRINCH MASSAGE,2005-08-01,2005-08-02,588,381
12088,2-381-GRINCH MASSAGE,2005-08-17,2005-08-25,360,381
10646,1-381-GRINCH MASSAGE,2005-08-01,2005-08-02,209,381
13657,1-381-GRINCH MASSAGE,2005-08-20,2005-08-23,414,381
2891,1-76-BIRDCAGE CASPER,2005-06-20,2005-06-25,32,76
3700,1-76-BIRDCAGE CASPER,2005-07-06,2005-07-07,72,76
8259,1-76-BIRDCAGE CASPER,2005-07-29,2005-08-01,274,76
13673,1-76-BIRDCAGE CASPER,2005-08-20,2005-08-26,332,76
3810,1-76-BIRDCAGE CASPER,2005-07-06,2005-07-12,296,76
11422,1-76-BIRDCAGE CASPER,2005-08-02,2005-08-11,72,76
12922,1-76-BIRDCAGE CASPER,2005-08-19,2005-08-23,25,76
8495,1-76-BIRDCAGE CASPER,2005-07-29,2005-08-06,51,76
12017,1-76-BIRDCAGE CASPER,2005-08-17,2005-08-22,573,76
2893,2-88-BORN SPINAL,2005-06-20,2005-06-26,153,88
4006,2-88-BORN SPINAL,2005-07-07,2005-07-08,473,88
10454,2-88-BORN SPINAL,2005-08-01,2005-08-04,9,88
15783,2-88-BORN SPINAL,2005-08-23,2005-08-26,247,88
4476,2-88-BORN SPINAL,2005-07-08,2005-07-08,279,88
9112,2-88-BORN SPINAL,2005-07-30,2005-08-04,74,88
14848,2-88-BORN SPINAL,2005-08-22,2005-08-26,218,88
4500,2-88-BORN SPINAL,2005-07-08,2005-07-15,462,88
7708,2-88-BORN SPINAL,2005-07-28,2005-08-04,363,88
14733,2-88-BORN SPINAL,2005-08-21,2005-08-26,408,88
9513,2-88-BORN SPINAL,2005-07-31,2005-08-01,317,88
15624,2-88-BORN SPINAL,2005-08-23,2005-08-29,105,88
2894,1-940-VICTORY ACADEMY,2005-06-20,2005-06-22,76,940
3529,1-940-VICTORY ACADEMY,2005-07-06,2005-07-07,350,940
6994,1-940-VICTORY ACADEMY,2005-07-27,2005-08-04,400,940
13190,1-940-VICTORY ACADEMY,2005-08-19,2005-08-26,290,940
3519,1-940-VICTORY ACADEMY,2005-07-06,2005-07-10,320,940
8409,1-940-VICTORY ACADEMY,2005-07-29,2005-07-31,303,940
12401,1-940-VICTORY ACADEMY,2005-08-18,2005-08-21,479,940
9226,1-940-VICTORY ACADEMY,2005-07-30,2005-08-06,3,940
15403,1-940-VICTORY ACADEMY,2005-08-22,2005-08-23,581,940
2907,2-553-MAKER GABLES,2005-06-20,2005-06-20,208,553
6907,2-553-MAKER GABLES,2005-07-12,2005-07-18,575,553
7602,2-553-MAKER GABLES,2005-07-27,2005-08-04,366,553
12920,2-553-MAKER GABLES,2005-08-19,2005-08-27,511,553
4197,2-553-MAKER GABLES,2005-07-07,2005-07-10,324,553
10399,2-553-MAKER GABLES,2005-08-01,2005-08-10,204,553
16028,2-553-MAKER GABLES,2005-08-23,2005-08-30,119,553
5957,2-553-MAKER GABLES,2005-07-10,2005-07-12,210,553
11243,2-553-MAKER GABLES,2005-08-02,2005-08-11,361,553
15634,2-553-MAKER GABLES,2005-08-23,2005-08-24,576,553
2913,2-758-SAINTS BRIDE,2005-06-20,2005-06-23,402,758
6243,2-758-SAINTS BRIDE,2005-07-11,2005-07-15,26,758
7026,2-758-SAINTS BRIDE,2005-07-27,2005-07-29,493,758
15971,2-758-SAINTS BRIDE,2005-08-23,2005-09-02,187,758
8889,2-758-SAINTS BRIDE,2005-07-30,2005-08-02,558,758
11755,2-758-SAINTS BRIDE,2005-08-17,2005-08-23,513,758
8999,2-758-SAINTS BRIDE,2005-07-30,2005-08-01,424,758
14781,2-758-SAINTS BRIDE,2005-08-22,2005-08-29,71,758
2940,1-550-MAGUIRE APACHE,2005-06-20,2005-06-28,73,550
6247,1-550-MAGUIRE APACHE,2005-07-11,2005-07-18,589,550
7947,1-550-MAGUIRE APACHE,2005-07-28,2005-08-02,279,550
12678,1-550-MAGUIRE APACHE,2005-08-18,2005-08-23,181,550
3518,1-550-MAGUIRE APACHE,2005-07-06,2005-07-14,167,550
11406,1-550-MAGUIRE APACHE,2005-08-02,2005-08-04,525,550
15117,1-550-MAGUIRE APACHE,2005-08-22,2005-08-27,292,550
9993,1-550-MAGUIRE APACHE,2005-07-31,2005-08-01,225,550
13491,1-550-MAGUIRE APACHE,2005-08-20,2005-08-28,258,550
2944,1-340-FRONTIER CABIN,2005-06-20,2005-06-29,474,340
5369,1-340-FRONTIER CABIN,2005-07-09,2005-07-12,538,340
9397,1-340-FRONTIER CABIN,2005-07-30,2005-08-05,373,340
14095,1-340-FRONTIER CABIN,2005-08-21,2005-08-28,489,340
7959,1-340-FRONTIER CABIN,2005-07-28,2005-08-02,178,340
14254,1-340-FRONTIER CABIN,2005-08-21,2005-08-29,589,340
2962,1-652-PAJAMA JAWBREAKER,2005-06-20,2005-06-26,364,652
3633,1-652-PAJAMA JAWBREAKER,2005-07-06,2005-07-10,95,652
10427,1-652-PAJAMA JAWBREAKER,2005-08-01,2005-08-07,356,652
14594,1-652-PAJAMA JAWBREAKER,2005-08-21,2005-08-26,62,652
3151,1-652-PAJAMA JAWBREAKER,2005-06-20,2005-06-25,77,652
6313,1-652-PAJAMA JAWBREAKER,2005-07-11,2005-07-14,283,652
8608,1-652-PAJAMA JAWBREAKER,2005-07-29,2005-07-30,165,652
14333,1-652-PAJAMA JAWBREAKER,2005-08-21,2005-08-28,93,652
5043,1-652-PAJAMA JAWBREAKER,2005-07-09,2005-07-13,369,652
8206,1-652-PAJAMA JAWBREAKER,2005-07-28,2005-08-04,422,652
13304,1-652-PAJAMA JAWBREAKER,2005-08-19,2005-08-23,405,652
5508,1-652-PAJAMA JAWBREAKER,2005-07-10,2005-07-16,345,652
10505,1-652-PAJAMA JAWBREAKER,2005-08-01,2005-08-05,426,652
14770,1-652-PAJAMA JAWBREAKER,2005-08-21,2005-08-25,372,652
2963,2-316-FIRE WOLVES,2005-06-20,2005-06-28,24,316
6835,2-316-FIRE WOLVES,2005-07-12,2005-07-18,367,316
11099,2-316-FIRE WOLVES,2005-08-02,2005-08-07,102,316
13721,2-316-FIRE WOLVES,2005-08-20,2005-08-24,297,316
4526,2-316-FIRE WOLVES,2005-07-08,2005-07-14,1,316
10224,2-316-FIRE WOLVES,2005-08-01,2005-08-05,587,316
13987,2-316-FIRE WOLVES,2005-08-20,2005-08-23,246,316
2968,1-965-WATERSHIP FRONTIER,2005-06-20,2005-06-23,252,965
3971,1-965-WATERSHIP FRONTIER,2005-07-06,2005-07-08,473,965
10879,1-965-WATERSHIP FRONTIER,2005-08-02,2005-08-09,334,965
13642,1-965-WATERSHIP FRONTIER,2005-08-20,2005-08-29,452,965
7075,1-965-WATERSHIP FRONTIER,2005-07-27,2005-08-03,530,965
15098,1-965-WATERSHIP FRONTIER,2005-08-22,2005-08-31,88,965
2980,2-69-BEVERLY OUTLAW,2005-06-20,2005-06-29,343,69
6474,2-69-BEVERLY OUTLAW,2005-07-12,2005-07-16,43,69
7291,2-69-BEVERLY OUTLAW,2005-07-27,2005-08-01,263,69
13104,2-69-BEVERLY OUTLAW,2005-08-19,2005-08-21,591,69
4157,1-69-BEVERLY OUTLAW,2005-07-07,2005-07-08,183,69
9778,1-69-BEVERLY OUTLAW,2005-07-31,2005-08-04,230,69
12204,1-69-BEVERLY OUTLAW,2005-08-18,2005-08-26,575,69
4732,2-69-BEVERLY OUTLAW,2005-07-08,2005-07-14,562,69
9166,2-69-BEVERLY OUTLAW,2005-07-30,2005-08-04,12,69
15287,2-69-BEVERLY OUTLAW,2005-08-22,2005-08-29,535,69
5668,2-69-BEVERLY OUTLAW,2005-07-10,2005-07-16,211,69
7356,2-69-BEVERLY OUTLAW,2005-07-27,2005-07-28,397,69
15830,2-69-BEVERLY OUTLAW,2005-08-23,2005-08-25,467,69
9014,2-69-BEVERLY OUTLAW,2005-07-30,2005-08-01,297,69
14124,2-69-BEVERLY OUTLAW,2005-08-21,2005-08-24,35,69
9364,1-69-BEVERLY OUTLAW,2005-07-30,2005-08-08,87,69
14687,1-69-BEVERLY OUTLAW,2005-08-21,2005-08-26,550,69
10337,1-69-BEVERLY OUTLAW,2005-08-01,2005-08-10,451,69
15613,1-69-BEVERLY OUTLAW,2005-08-23,2005-08-31,461,69
10746,1-69-BEVERLY OUTLAW,2005-08-01,2005-08-10,508,69
11856,1-69-BEVERLY OUTLAW,2005-08-17,2005-08-21,28,69
2996,1-886-THEORY MERMAID,2005-06-20,2005-06-27,500,886
4651,1-886-THEORY MERMAID,2005-07-08,2005-07-09,557,886
9381,1-886-THEORY MERMAID,2005-07-30,2005-07-31,329,886
13051,1-886-THEORY MERMAID,2005-08-19,2005-08-28,90,886
6346,1-886-THEORY MERMAID,2005-07-11,2005-07-16,445,886
9319,1-886-THEORY MERMAID,2005-07-30,2005-08-03,136,886
13025,1-886-THEORY MERMAID,2006-02-14,,269,886
6990,1-886-THEORY MERMAID,2005-07-27,2005-07-31,146,886
11777,1-886-THEORY MERMAID,2005-08-17,2005-08-26,83,886
9648,1-886-THEORY MERMAID,2005-07-31,2005-08-09,72,886
11734,1-886-THEORY MERMAID,2005-08-17,2005-08-25,337,886
3004,2-622-NEWSIES STORY,2005-06-20,2005-06-23,113,622
6053,2-622-NEWSIES STORY,2005-07-11,2005-07-19,237,622
7213,2-622-NEWSIES STORY,2005-07-27,2005-08-03,502,622
15696,2-622-NEWSIES STORY,2005-08-23,2005-08-25,93,622
6692,2-622-NEWSIES STORY,2005-07-12,2005-07-20,372,622
7789,2-622-NEWSIES STORY,2005-07-28,2005-08-06,426,622
13795,2-622-NEWSIES STORY,2005-08-20,2005-08-21,331,622
3015,1-289-EVE RESURRECTION,2005-06-20,2005-06-26,23,289
6112,1-289-EVE RESURRECTION,2005-07-11,2005-07-18,366,289
10760,1-289-EVE RESURRECTION,2005-08-01,2005-08-09,497,289
12677,1-289-EVE RESURRECTION,2005-08-18,2005-08-22,334,289
5259,1-289-EVE RESURRECTION,2005-07-09,2005-07-11,207,289
7051,1-289-EVE RESURRECTION,2005-07-27,2005-07-31,184,289
11788,1-289-EVE RESURRECTION,2005-08-17,2005-08-22,560,289
3016,2-769-SCHOOL JACKET,2005-06-20,2005-06-24,558,769
6172,2-769-SCHOOL JACKET,2005-07-11,2005-07-14,219,769
11458,2-769-SCHOOL JACKET,2005-08-02,2005-08-04,575,769
13525,2-769-SCHOOL JACKET,2005-08-20,2005-08-26,111,769
8944,2-769-SCHOOL JACKET,2005-07-30,2005-08-06,172,769
14364,2-769-SCHOOL JACKET,2005-08-21,2005-08-29,236,769
3030,2-338-FRISCO FORREST,2005-06-20,2005-06-24,395,338
6580,2-338-FRISCO FORREST,2005-07-12,2005-07-13,31,338
10322,2-338-FRISCO FORREST,2005-08-01,2005-08-08,535,338
12693,2-338-FRISCO FORREST,2005-08-18,2005-08-25,584,338
6305,2-338-FRISCO FORREST,2005-07-11,2005-07-20,337,338
7277,2-338-FRISCO FORREST,2005-07-27,2005-08-03,67,338
13116,2-338-FRISCO FORREST,2005-08-19,2005-08-27,150,338
8183,2-338-FRISCO FORREST,2005-07-28,2005-08-04,119,338
11563,2-338-FRISCO FORREST,2006-02-14,,83,338
3052,2-513-LEATHERNECKS DWARFS,2005-06-20,2005-06-29,329,513
6534,2-513-LEATHERNECKS DWARFS,2005-07-12,2005-07-16,577,513
7404,2-513-LEATHERNECKS DWARFS,2005-07-27,2005-07-29,190,513
12345,2-513-LEATHERNECKS DWARFS,2005-08-18,2005-08-25,44,513
5830,2-513-LEATHERNECKS DWARFS,2005-07-10,2005-07-18,59,513
9314,2-513-LEATHERNECKS DWARFS,2005-07-30,2005-07-31,390,513
11852,2-513-LEATHERNECKS DWARFS,2005-08-17,2005-08-24,596,513
3091,1-188-CRAZY HOME,2005-06-20,2005-06-22,383,188
6681,1-188-CRAZY HOME,2005-07-12,2005-07-19,368,188
10049,1-188-CRAZY HOME,2005-07-31,2005-08-03,457,188
11949,1-188-CRAZY HOME,2005-08-17,2005-08-23,198,188
6183,1-188-CRAZY HOME,2005-07-11,2005-07-16,402,188
9683,1-188-CRAZY HOME,2005-07-31,2005-08-04,141,188
15137,1-188-CRAZY HOME,2005-08-22,2005-08-26,241,188
11294,1-188-CRAZY HOME,2005-08-02,2005-08-03,411,188
13073,1-188-CRAZY HOME,2005-08-19,2005-08-26,506,188
3099,2-821-SORORITY QUEEN,2005-06-20,2005-06-27,380,821
4804,2-821-SORORITY QUEEN,2005-07-08,2005-07-10,269,821
9646,2-821-SORORITY QUEEN,2005-07-31,2005-08-08,89,821
13027,2-821-SORORITY QUEEN,2005-08-19,2005-08-25,128,821
4565,2-821-SORORITY QUEEN,2005-07-08,2005-07-17,563,821
8514,2-821-SORORITY QUEEN,2005-07-29,2005-07-30,99,821
14537,2-821-SORORITY QUEEN,2005-08-21,2005-08-23,405,821
6223,2-821-SORORITY QUEEN,2005-07-11,2005-07-12,192,821
10236,2-821-SORORITY QUEEN,2005-08-01,2005-08-01,470,821
13621,2-821-SORORITY QUEEN,2005-08-20,2005-08-23,581,821
8925,2-821-SORORITY QUEEN,2005-07-30,2005-07-30,500,821
12853,2-821-SORORITY QUEEN,2005-08-19,2005-08-27,232,821
3103,1-409-HEARTBREAKERS BRIGHT,2005-06-20,2005-06-25,553,409
6066,1-409-HEARTBREAKERS BRIGHT,2005-07-11,2005-07-15,155,409
9092,1-409-HEARTBREAKERS BRIGHT,2005-07-30,2005-08-06,17,409
15947,1-409-HEARTBREAKERS BRIGHT,2005-08-23,2005-08-24,580,409
3220,2-409-HEARTBREAKERS BRIGHT,2005-06-21,2005-06-26,574,409
5797,2-409-HEARTBREAKERS BRIGHT,2005-07-10,2005-07-13,384,409
9446,2-409-HEARTBREAKERS BRIGHT,2005-07-30,2005-08-06,477,409
14640,2-409-HEARTBREAKERS BRIGHT,2005-08-21,2005-08-27,253,409
5661,2-409-HEARTBREAKERS BRIGHT,2005-07-10,2005-07-14,108,409
10091,2-409-HEARTBREAKERS BRIGHT,2005-07-31,2005-08-02,135,409
12057,2-409-HEARTBREAKERS BRIGHT,2005-08-17,2005-08-25,263,409
5823,2-409-HEARTBREAKERS BRIGHT,2005-07-10,2005-07-11,483,409
11103,2-409-HEARTBREAKERS BRIGHT,2005-08-02,2005-08-07,158,409
14595,2-409-HEARTBREAKERS BRIGHT,2005-08-21,2005-08-27,118,409
8321,1-409-HEARTBREAKERS BRIGHT,2005-07-29,2005-08-01,354,409
12824,1-409-HEARTBREAKERS BRIGHT,2005-08-19,2005-08-22,247,409
8640,1-409-HEARTBREAKERS BRIGHT,2005-07-29,2005-08-01,257,409
12071,1-409-HEARTBREAKERS BRIGHT,2005-08-17,2005-08-22,507,409
10576,1-409-HEARTBREAKERS BRIGHT,2005-08-01,2005-08-05,180,409
12225,1-409-HEARTBREAKERS BRIGHT,2005-08-18,2005-08-24,306,409
3107,1-988-WORKER TARZAN,2005-06-20,2005-06-25,303,988
6358,1-988-WORKER TARZAN,2005-07-11,2005-07-15,567,988
10747,1-988-WORKER TARZAN,2005-08-01,2005-08-10,266,988
14141,1-988-WORKER TARZAN,2005-08-21,2005-08-30,190,988
3133,2-988-WORKER TARZAN,2005-06-20,2005-06-26,120,988
4367,2-988-WORKER TARZAN,2005-07-07,2005-07-13,48,988
9189,2-988-WORKER TARZAN,2005-07-30,2005-08-06,485,988
12961,2-988-WORKER TARZAN,2005-08-19,2005-08-23,386,988
5200,2-988-WORKER TARZAN,2005-07-09,2005-07-13,125,988
8530,2-988-WORKER TARZAN,2005-07-29,2005-07-31,233,988
11877,2-988-WORKER TARZAN,2005-08-17,2005-08-25,445,988
9202,1-988-WORKER TARZAN,2005-07-30,2005-08-07,466,988
15307,1-988-WORKER TARZAN,2005-08-22,2005-08-29,598,988
10462,1-988-WORKER TARZAN,2005-08-01,2005-08-02,193,988
15119,1-988-WORKER TARZAN,2005-08-22,2005-08-23,288,988
3141,1-392-HALL CASSIDY,2005-06-20,2005-06-30,398,392
3884,1-392-HALL CASSIDY,2005-07-06,2005-07-07,210,392
8491,1-392-HALL CASSIDY,2005-07-29,2005-08-03,242,392
14861,1-392-HALL CASSIDY,2005-08-22,2005-08-27,422,392
3765,1-392-HALL CASSIDY,2005-07-06,2005-07-09,547,392
7554,1-392-HALL CASSIDY,2005-07-27,2005-08-04,135,392
12483,1-392-HALL CASSIDY,2005-08-18,2005-08-24,488,392
6138,2-392-HALL CASSIDY,2005-07-11,2005-07-13,438,392
7742,2-392-HALL CASSIDY,2005-07-28,2005-08-06,49,392
13327,2-392-HALL CASSIDY,2005-08-19,2005-08-22,72,392
7371,1-392-HALL CASSIDY,2005-07-27,2005-08-01,577,392
15969,1-392-HALL CASSIDY,2005-08-23,2005-08-31,327,392
7481,1-392-HALL CASSIDY,2005-07-27,2005-07-29,240,392
13101,1-392-HALL CASSIDY,2005-08-19,2005-08-27,39,392
11162,2-392-HALL CASSIDY,2005-08-02,2005-08-05,277,392
15239,2-392-HALL CASSIDY,2005-08-22,2005-08-26,501,392
3159,1-7-AIRPLANE SIERRA,2005-06-20,2005-06-29,388,7
4937,1-7-AIRPLANE SIERRA,2005-07-08,2005-07-15,273,7
10205,1-7-AIRPLANE SIERRA,2005-08-01,2005-08-06,87,7
15224,1-7-AIRPLANE SIERRA,2005-08-22,2005-08-29,81,7
3378,2-7-AIRPLANE SIERRA,2005-06-21,2005-06-25,387,7
6287,2-7-AIRPLANE SIERRA,2005-07-11,2005-07-12,93,7
7352,2-7-AIRPLANE SIERRA,2005-07-27,2005-07-28,429,7
14215,2-7-AIRPLANE SIERRA,2005-08-21,2005-08-27,54,7
6876,2-7-AIRPLANE SIERRA,2005-07-12,2005-07-16,531,7
7156,2-7-AIRPLANE SIERRA,2005-07-27,2005-07-31,154,7
13303,2-7-AIRPLANE SIERRA,2005-08-19,2005-08-23,184,7
9751,2-7-AIRPLANE SIERRA,2005-07-31,2005-08-01,202,7
12500,2-7-AIRPLANE SIERRA,2005-08-18,2005-08-19,310,7
11084,1-7-AIRPLANE SIERRA,2005-08-02,2005-08-07,369,7
14942,1-7-AIRPLANE SIERRA,2005-08-22,2005-08-31,471,7
3164,2-32-APOCALYPSE FLAMINGOS,2005-06-20,2005-06-27,270,32
4823,2-32-APOCALYPSE FLAMINGOS,2005-07-08,2005-07-11,206,32
9762,2-32-APOCALYPSE FLAMINGOS,2005-07-31,2005-08-05,540,32
15433,2-32-APOCALYPSE FLAMINGOS,2005-08-23,2005-08-26,198,32
6981,2-32-APOCALYPSE FLAMINGOS,2005-07-27,2005-07-28,362,32
15530,2-32-APOCALYPSE FLAMINGOS,2005-08-23,2005-08-28,167,32
3188,2-541-LUKE MUMMY,2005-06-20,2005-06-25,522,541
5592,2-541-LUKE MUMMY,2005-07-10,2005-07-19,222,541
7442,2-541-LUKE MUMMY,2005-07-27,2005-07-28,105,541
14071,2-541-LUKE MUMMY,2005-08-20,2005-08-22,550,541
3777,2-541-LUKE MUMMY,2005-07-06,2005-07-11,548,541
10872,2-541-LUKE MUMMY,2005-08-02,2005-08-06,84,541
14627,2-541-LUKE MUMMY,2005-08-21,2005-08-30,49,541
3206,2-475-JAPANESE RUN,2005-06-21,2005-06-22,350,475
5468,2-475-JAPANESE RUN,2005-07-09,2005-07-13,81,475
8031,2-475-JAPANESE RUN,2005-07-28,2005-08-02,40,475
15810,2-475-JAPANESE RUN,2005-08-23,2005-08-25,171,475
11415,2-475-JAPANESE RUN,2005-08-02,2005-08-10,572,475
14371,2-475-JAPANESE RUN,2005-08-21,2005-08-27,221,475
3222,1-876-TARZAN VIDEOTAPE,2005-06-21,2005-06-27,501,876
6277,1-876-TARZAN VIDEOTAPE,2005-07-11,2005-07-18,92,876
10090,1-876-TARZAN VIDEOTAPE,2005-07-31,2005-08-04,533,876
14826,1-876-TARZAN VIDEOTAPE,2005-08-22,2005-08-23,426,876
3419,1-876-TARZAN VIDEOTAPE,2005-06-21,2005-06-22,22,876
3878,1-876-TARZAN VIDEOTAPE,2005-07-06,2005-07-15,385,876
7985,1-876-TARZAN VIDEOTAPE,2005-07-28,2005-08-03,388,876
13879,1-876-TARZAN VIDEOTAPE,2005-08-20,2005-08-22,112,876
3223,2-231-DINOSAUR SECRETARY,2005-06-21,2005-06-22,299,231
4964,2-231-DINOSAUR SECRETARY,2005-07-08,2005-07-09,455,231
11393,2-231-DINOSAUR SECRETARY,2005-08-02,2005-08-11,501,231
15193,2-231-DINOSAUR SECRETARY,2005-08-22,2005-08-25,40,231
5284,2-231-DINOSAUR SECRETARY,2005-07-09,2005-07-16,585,231
10943,2-231-DINOSAUR SECRETARY,2005-08-02,2005-08-03,377,231
14965,2-231-DINOSAUR SECRETARY,2005-08-22,2005-08-27,148,231
6143,1-231-DINOSAUR SECRETARY,2005-07-11,2005-07-19,169,231
11424,1-231-DINOSAUR SECRETARY,2005-08-02,2005-08-10,84,231
11707,1-231-DINOSAUR SECRETARY,2005-08-17,2005-08-24,581,231
8345,2-231-DINOSAUR SECRETARY,2005-07-29,2005-08-02,129,231
11519,2-231-DINOSAUR SECRETARY,2005-08-17,2005-08-19,381,231
9498,2-231-DINOSAUR SECRETARY,2005-07-30,2005-08-03,289,231
12612,2-231-DINOSAUR SECRETARY,2005-08-18,2005-08-26,129,231
9693,1-231-DINOSAUR SECRETARY,2005-07-31,2005-08-08,273,231
15977,1-231-DINOSAUR SECRETARY,2005-08-23,2005-09-01,550,231
10649,1-231-DINOSAUR SECRETARY,2005-08-01,2005-08-06,278,231
13343,1-231-DINOSAUR SECRETARY,2005-08-19,2005-08-27,591,231
10699,1-231-DINOSAUR SECRETARY,2005-08-01,2005-08-06,125,231
13048,1-231-DINOSAUR SECRETARY,2005-08-19,2005-08-28,486,231
3225,1-225-DESTINATION JERK,2005-06-21,2005-06-27,448,225
5175,1-225-DESTINATION JERK,2005-07-09,2005-07-15,409,225
7771,1-225-DESTINATION JERK,2005-07-28,2005-07-30,175,225
11863,1-225-DESTINATION JERK,2005-08-17,2005-08-23,112,225
9344,1-225-DESTINATION JERK,2005-07-30,2005-08-07,396,225
14167,1-225-DESTINATION JERK,2005-08-21,2005-08-29,64,225
9921,1-225-DESTINATION JERK,2005-07-31,2005-08-01,332,225
14582,1-225-DESTINATION JERK,2005-08-21,2005-08-29,438,225
3232,2-430-HOOK CHARIOTS,2005-06-21,2005-06-29,555,430
4210,2-430-HOOK CHARIOTS,2005-07-07,2005-07-16,581,430
8266,2-430-HOOK CHARIOTS,2005-07-29,2005-07-30,196,430
3332,2-430-HOOK CHARIOTS,2005-06-21,2005-06-25,82,430
4066,2-430-HOOK CHARIOTS,2005-07-07,2005-07-10,368,430
8240,2-430-HOOK CHARIOTS,2005-07-29,2005-08-05,509,430
12872,2-430-HOOK CHARIOTS,2005-08-19,2005-08-22,54,430
6020,2-430-HOOK CHARIOTS,2005-07-11,2005-07-16,71,430
8972,2-430-HOOK CHARIOTS,2005-07-30,2005-08-04,89,430
15708,2-430-HOOK CHARIOTS,2005-08-23,2005-08-27,46,430
6789,2-430-HOOK CHARIOTS,2005-07-12,2005-07-14,76,430
10452,2-430-HOOK CHARIOTS,2005-08-01,2005-08-04,442,430
14711,2-430-HOOK CHARIOTS,2005-08-21,2005-08-30,448,430
3242,2-311-FICTION CHRISTMAS,2005-06-21,2005-06-29,562,311
8883,2-311-FICTION CHRISTMAS,2005-07-30,2005-08-04,168,311
13410,2-311-FICTION CHRISTMAS,2005-08-19,2005-08-26,104,311
4045,2-311-FICTION CHRISTMAS,2005-07-07,2005-07-11,529,311
7816,2-311-FICTION CHRISTMAS,2005-07-28,2005-07-30,283,311
14044,2-311-FICTION CHRISTMAS,2005-08-20,2005-08-29,145,311
5122,2-311-FICTION CHRISTMAS,2005-07-09,2005-07-16,261,311
9521,2-311-FICTION CHRISTMAS,2005-07-31,2005-08-06,227,311
12109,2-311-FICTION CHRISTMAS,2005-08-17,2005-08-25,509,311
6202,2-311-FICTION CHRISTMAS,2005-07-11,2005-07-18,373,311
7279,2-311-FICTION CHRISTMAS,2005-07-27,2005-07-30,12,311
15770,2-311-FICTION CHRISTMAS,2005-08-23,2005-08-29,113,311
6669,1-311-FICTION CHRISTMAS,2005-07-12,2005-07-20,355,311
8315,1-311-FICTION CHRISTMAS,2005-07-29,2005-07-29,135,311
13225,1-311-FICTION CHRISTMAS,2005-08-19,2005-08-25,562,311
7138,1-311-FICTION CHRISTMAS,2005-07-27,2005-08-03,31,311
12361,1-311-FICTION CHRISTMAS,2005-08-18,2005-08-22,250,311
11444,1-311-FICTION CHRISTMAS,2005-08-02,2005-08-08,28,311
15051,1-311-FICTION CHRISTMAS,2005-08-22,2005-08-28,300,311
3244,1-66-BENEATH RUSH,2005-06-21,2005-06-24,53,66
4158,1-66-BENEATH RUSH,2005-07-07,2005-07-09,433,66
10897,1-66-BENEATH RUSH,2005-08-02,2005-08-03,338,66
13697,1-66-BENEATH RUSH,2005-08-20,2005-08-29,76,66
4059,1-66-BENEATH RUSH,2005-07-07,2005-07-10,401,66
10993,1-66-BENEATH RUSH,2005-08-02,2005-08-04,383,66
12194,1-66-BENEATH RUSH,2005-08-18,2005-08-25,558,66
4862,1-66-BENEATH RUSH,2005-07-08,2005-07-17,291,66
10007,1-66-BENEATH RUSH,2005-07-31,2005-08-05,445,66
11889,1-66-BENEATH RUSH,2005-08-17,2005-08-18,395,66
3248,2-798-SILVERADO GOLDFINGER,2005-06-21,2005-06-28,78,798
4461,2-798-SILVERADO GOLDFINGER,2005-07-07,2005-07-16,286,798
8890,2-798-SILVERADO GOLDFINGER,2005-07-30,2005-08-05,470,798
11628,2-798-SILVERADO GOLDFINGER,2005-08-17,2005-08-25,256,798
5327,2-798-SILVERADO GOLDFINGER,2005-07-09,2005-07-12,547,798
11241,2-798-SILVERADO GOLDFINGER,2005-08-02,2005-08-11,543,798
12698,2-798-SILVERADO GOLDFINGER,2006-02-14,,497,798
6748,1-798-SILVERADO GOLDFINGER,2005-07-12,2005-07-18,540,798
7609,1-798-SILVERADO GOLDFINGER,2005-07-28,2005-07-31,179,798
14037,1-798-SILVERADO GOLDFINGER,2005-08-20,2005-08-29,372,798
8778,1-798-SILVERADO GOLDFINGER,2005-07-29,2005-08-04,582,798
13694,1-798-SILVERADO GOLDFINGER,2005-08-20,2005-08-28,454,798
3250,1-161-CLUE GRAIL,2005-06-21,2005-06-29,467,161
4368,1-161-CLUE GRAIL,2005-07-07,2005-07-09,324,161
9282,1-161-CLUE GRAIL,2005-07-30,2005-08-07,259,161
12737,1-161-CLUE GRAIL,2005-08-18,2005-08-26,204,161
4963,1-161-CLUE GRAIL,2005-07-08,2005-07-12,404,161
7350,1-161-CLUE GRAIL,2005-07-27,2005-08-02,410,161
11547,1-161-CLUE GRAIL,2005-08-17,2005-08-20,114,161
3265,1-794-SIDE ARK,2005-06-21,2005-06-28,437,794
4694,1-794-SIDE ARK,2005-07-08,2005-07-12,229,794
7891,1-794-SIDE ARK,2005-07-28,2005-08-05,560,794
14276,1-794-SIDE ARK,2005-08-21,2005-08-28,318,794
4538,2-794-SIDE ARK,2005-07-08,2005-07-15,451,794
11456,2-794-SIDE ARK,2005-08-02,2005-08-07,322,794
12945,2-794-SIDE ARK,2005-08-19,2005-08-23,312,794
5753,2-794-SIDE ARK,2005-07-10,2005-07-17,444,794
9772,2-794-SIDE ARK,2005-07-31,2005-08-01,147,794
15819,2-794-SIDE ARK,2005-08-23,2005-08-31,274,794
8522,1-794-SIDE ARK,2005-07-29,2005-08-06,363,794
14628,1-794-SIDE ARK,2005-08-21,2005-08-27,331,794
3284,1-997-YOUTH KICK,2005-06-21,2005-06-28,1,997
3594,1-997-YOUTH KICK,2005-07-06,2005-07-10,522,997
11208,1-997-YOUTH KICK,2005-08-02,2005-08-05,320,997
12621,1-997-YOUTH KICK,2005-08-18,2005-08-24,439,997
7240,1-997-YOUTH KICK,2005-07-27,2005-08-03,324,997
12331,1-997-YOUTH KICK,2005-08-18,2005-08-25,483,997
3295,1-371-GOSFORD DONNIE,2005-06-21,2005-06-29,573,371
6512,1-371-GOSFORD DONNIE,2005-07-12,2005-07-13,68,371
9625,1-371-GOSFORD DONNIE,2005-07-31,2005-08-03,445,371
4180,1-371-GOSFORD DONNIE,2005-07-07,2005-07-10,3,371
11348,1-371-GOSFORD DONNIE,2005-08-02,2005-08-06,389,371
14984,1-371-GOSFORD DONNIE,2005-08-22,2005-08-30,334,371
9266,1-371-GOSFORD DONNIE,2005-07-30,2005-07-31,364,371
12629,1-371-GOSFORD DONNIE,2005-08-18,2005-08-26,459,371
3306,1-364-GODFATHER DIARY,2005-06-21,2005-06-26,406,364
4481,1-364-GODFATHER DIARY,2005-07-08,2005-07-11,474,364
10492,1-364-GODFATHER DIARY,2005-08-01,2005-08-02,334,364
15085,1-364-GODFATHER DIARY,2005-08-22,2005-08-25,67,364
8575,1-364-GODFATHER DIARY,2005-07-29,2005-08-03,441,364
14855,1-364-GODFATHER DIARY,2005-08-22,2005-08-31,187,364
8669,1-364-GODFATHER DIARY,2005-07-29,2005-08-01,401,364
13093,1-364-GODFATHER DIARY,2005-08-19,2005-08-26,160,364
3316,2-720-REDEMPTION COMFORTS,2005-06-21,2005-06-28,451,720
3716,2-720-REDEMPTION COMFORTS,2005-07-06,2005-07-14,92,720
9996,2-720-REDEMPTION COMFORTS,2005-07-31,2005-08-06,104,720
13862,2-720-REDEMPTION COMFORTS,2005-08-20,2005-08-27,170,720
4166,1-720-REDEMPTION COMFORTS,2005-07-07,2005-07-16,376,720
11389,1-720-REDEMPTION COMFORTS,2005-08-02,2005-08-03,270,720
15462,1-720-REDEMPTION COMFORTS,2005-08-23,2005-08-29,389,720
5332,2-720-REDEMPTION COMFORTS,2005-07-09,2005-07-10,568,720
9556,2-720-REDEMPTION COMFORTS,2005-07-31,2005-08-08,521,720
13647,2-720-REDEMPTION COMFORTS,2005-08-20,2005-08-28,519,720
5779,1-720-REDEMPTION COMFORTS,2005-07-10,2005-07-15,244,720
9860,1-720-REDEMPTION COMFORTS,2005-07-31,2005-08-07,585,720
13074,1-720-REDEMPTION COMFORTS,2005-08-19,2005-08-28,341,720
6636,2-720-REDEMPTION COMFORTS,2005-07-12,2005-07-14,441,720
11058,2-720-REDEMPTION COMFORTS,2005-08-02,2005-08-06,274,720
12156,2-720-REDEMPTION COMFORTS,2005-08-18,2005-08-26,212,720
7599,2-720-REDEMPTION COMFORTS,2005-07-27,2005-07-28,87,720
14620,2-720-REDEMPTION COMFORTS,2005-08-21,2005-08-22,78,720
10931,1-720-REDEMPTION COMFORTS,2005-08-02,2005-08-04,545,720
15068,1-720-REDEMPTION COMFORTS,2005-08-22,2005-08-26,373,720
3337,1-261-DUFFEL APOCALYPSE,2005-06-21,2005-06-22,318,261
6054,1-261-DUFFEL APOCALYPSE,2005-07-11,2005-07-13,354,261
7681,1-261-DUFFEL APOCALYPSE,2005-07-28,2005-07-29,432,261
14093,1-261-DUFFEL APOCALYPSE,2005-08-21,2005-08-22,177,261
5665,1-261-DUFFEL APOCALYPSE,2005-07-10,2005-07-11,415,261
9398,1-261-DUFFEL APOCALYPSE,2005-07-30,2005-08-01,570,261
11748,1-261-DUFFEL APOCALYPSE,2005-08-17,2005-08-21,595,261
3346,2-960-WARS PLUTO,2005-06-21,2005-06-22,189,960
6007,2-960-WARS PLUTO,2005-07-11,2005-07-17,289,960
8162,2-960-WARS PLUTO,2005-07-28,2005-08-04,107,960
15062,2-960-WARS PLUTO,2005-08-22,2005-08-26,139,960
3509,2-960-WARS PLUTO,2005-07-06,2005-07-09,182,960
9672,2-960-WARS PLUTO,2005-07-31,2005-08-08,183,960
14021,2-960-WARS PLUTO,2005-08-20,2005-08-27,147,960
5359,2-960-WARS PLUTO,2005-07-09,2005-07-18,453,960
8901,2-960-WARS PLUTO,2005-07-30,2005-08-02,28,960
13344,2-960-WARS PLUTO,2005-08-19,2005-08-25,514,960
3358,2-384-GROSSE WONDERFUL,2005-06-21,2005-06-26,69,384
5098,2-384-GROSSE WONDERFUL,2005-07-09,2005-07-10,406,384
11414,2-384-GROSSE WONDERFUL,2005-08-02,2005-08-07,353,384
12042,2-384-GROSSE WONDERFUL,2005-08-17,2005-08-21,570,384
7836,2-384-GROSSE WONDERFUL,2005-07-28,2005-08-05,481,384
12911,2-384-GROSSE WONDERFUL,2005-08-19,2005-08-26,367,384
9794,2-384-GROSSE WONDERFUL,2005-07-31,2005-08-02,403,384
14490,2-384-GROSSE WONDERFUL,2005-08-21,2005-08-28,205,384
3436,1-601-MOULIN WAKE,2005-06-21,2005-06-30,137,601
4780,1-601-MOULIN WAKE,2005-07-08,2005-07-13,115,601
7268,1-601-MOULIN WAKE,2005-07-27,2005-08-01,260,601
15060,1-601-MOULIN WAKE,2005-08-22,2005-08-31,63,601
4831,1-601-MOULIN WAKE,2005-07-08,2005-07-12,243,601
11088,1-601-MOULIN WAKE,2005-08-02,2005-08-05,138,601
13767,1-601-MOULIN WAKE,2005-08-20,2005-08-22,506,601
6297,1-601-MOULIN WAKE,2005-07-11,2005-07-19,69,601
10698,1-601-MOULIN WAKE,2005-08-01,2005-08-08,135,601
14126,1-601-MOULIN WAKE,2005-08-21,2005-08-23,215,601
6554,2-601-MOULIN WAKE,2005-07-12,2005-07-21,178,601
8036,2-601-MOULIN WAKE,2005-07-28,2005-08-01,412,601
14406,2-601-MOULIN WAKE,2005-08-21,2005-08-28,181,601
6782,2-601-MOULIN WAKE,2005-07-12,2005-07-20,199,601
7695,2-601-MOULIN WAKE,2005-07-28,2005-08-06,323,601
13306,2-601-MOULIN WAKE,2005-08-19,2005-08-20,229,601
3457,2-194-CROW GREASE,2005-06-21,2005-06-30,312,194
3470,2-194-CROW GREASE,2005-07-05,2005-07-07,565,194
9463,2-194-CROW GREASE,2005-07-30,2005-08-03,352,194
12885,2-194-CROW GREASE,2005-08-19,2005-08-20,185,194
4297,1-194-CROW GREASE,2005-07-07,2005-07-13,141,194
7644,1-194-CROW GREASE,2005-07-28,2005-07-31,173,194
15633,1-194-CROW GREASE,2005-08-23,2005-08-26,497,194
6052,1-194-CROW GREASE,2005-07-11,2005-07-16,75,194
8825,1-194-CROW GREASE,2005-07-29,2005-08-05,101,194
15369,1-194-CROW GREASE,2005-08-22,2005-08-26,121,194
8625,2-194-CROW GREASE,2005-07-29,2005-08-07,410,194
14569,2-194-CROW GREASE,2005-08-21,2005-08-25,15,194
3533,1-441-HUNTER ALTER,2005-07-06,2005-07-14,206,441
7140,1-441-HUNTER ALTER,2005-07-27,2005-08-03,35,441
15882,1-441-HUNTER ALTER,2005-08-23,2005-09-01,312,441
10930,1-441-HUNTER ALTER,2005-08-02,2005-08-08,206,441
15844,1-441-HUNTER ALTER,2005-08-23,2005-08-26,119,441
3542,1-959-WARLOCK WEREWOLF,2005-07-06,2005-07-11,593,959
10039,1-959-WARLOCK WEREWOLF,2005-07-31,2005-08-01,111,959
13157,1-959-WARLOCK WEREWOLF,2005-08-19,2005-08-20,592,959
3577,1-959-WARLOCK WEREWOLF,2005-07-06,2005-07-10,152,959
7584,1-959-WARLOCK WEREWOLF,2005-07-27,2005-08-03,338,959
12773,1-959-WARLOCK WEREWOLF,2005-08-18,2005-08-27,360,959
3546,2-214-DAUGHTER MADIGAN,2005-07-06,2005-07-07,594,214
11432,2-214-DAUGHTER MADIGAN,2005-08-02,2005-08-07,540,214
15444,2-214-DAUGHTER MADIGAN,2005-08-23,2005-08-29,153,214
8767,2-214-DAUGHTER MADIGAN,2005-07-29,2005-08-01,467,214
14872,2-214-DAUGHTER MADIGAN,2005-08-22,2005-08-29,15,214
10704,2-214-DAUGHTER MADIGAN,2005-08-01,2005-08-08,594,214
12801,2-214-DAUGHTER MADIGAN,2005-08-19,2005-08-26,202,214
11278,2-214-DAUGHTER MADIGAN,2005-08-02,2005-08-07,143,214
15008,2-214-DAUGHTER MADIGAN,2005-08-22,2005-08-31,277,214
3551,1-787-SHINING ROSES,2005-07-06,2005-07-13,111,787
7847,1-787-SHINING ROSES,2005-07-28,2005-08-02,323,787
15822,1-787-SHINING ROSES,2005-08-23,2005-08-24,492,787
6109,1-787-SHINING ROSES,2005-07-11,2005-07-13,163,787
10216,1-787-SHINING ROSES,2005-08-01,2005-08-08,436,787
12390,1-787-SHINING ROSES,2005-08-18,2005-08-23,377,787
11310,1-787-SHINING ROSES,2005-08-02,2005-08-07,415,787
12774,1-787-SHINING ROSES,2005-08-18,2005-08-28,21,787
3562,1-362-GLORY TRACY,2005-07-06,2005-07-11,587,362
9234,1-362-GLORY TRACY,2005-07-30,2005-08-02,128,362
15339,1-362-GLORY TRACY,2005-08-22,2005-08-26,331,362
11091,1-362-GLORY TRACY,2005-08-02,2005-08-07,423,362
15553,1-362-GLORY TRACY,2005-08-23,2005-08-25,232,362
3578,1-648-OUTLAW HANKY,2005-07-06,2005-07-08,263,648
11142,1-648-OUTLAW HANKY,2005-08-02,2005-08-05,306,648
15695,1-648-OUTLAW HANKY,2006-02-14,,300,648
5573,2-648-OUTLAW HANKY,2005-07-10,2005-07-17,170,648
9310,2-648-OUTLAW HANKY,2005-07-30,2005-08-03,529,648
14884,2-648-OUTLAW HANKY,2005-08-22,2005-08-23,547,648
7417,1-648-OUTLAW HANKY,2005-07-27,2005-07-30,214,648
12616,1-648-OUTLAW HANKY,2005-08-18,2005-08-25,476,648
8879,2-648-OUTLAW HANKY,2005-07-30,2005-08-06,584,648
12944,2-648-OUTLAW HANKY,2005-08-19,2005-08-28,148,648
9614,1-648-OUTLAW HANKY,2005-07-31,2005-08-08,548,648
15888,1-648-OUTLAW HANKY,2005-08-23,2005-08-31,321,648
10749,1-648-OUTLAW HANKY,2005-08-01,2005-08-03,214,648
11946,1-648-OUTLAW HANKY,2005-08-17,2005-08-19,569,648
3660,2-250-DRAGON SQUAD,2005-07-06,2005-07-14,507,250
10360,2-250-DRAGON SQUAD,2005-08-01,2005-08-05,443,250
12829,2-250-DRAGON SQUAD,2005-08-19,2005-08-25,326,250
5568,2-250-DRAGON SQUAD,2005-07-10,2005-07-11,424,250
10734,2-250-DRAGON SQUAD,2005-08-01,2005-08-03,21,250
15368,2-250-DRAGON SQUAD,2005-08-22,2005-08-29,370,250
6410,2-250-DRAGON SQUAD,2005-07-11,2005-07-19,560,250
6980,2-250-DRAGON SQUAD,2005-07-27,2005-08-03,164,250
11936,2-250-DRAGON SQUAD,2005-08-17,2005-08-21,380,250
8982,2-250-DRAGON SQUAD,2005-07-30,2005-07-31,251,250
15931,2-250-DRAGON SQUAD,2005-08-23,2005-08-28,237,250
3673,2-399-HAPPINESS UNITED,2005-07-06,2005-07-15,88,399
8497,2-399-HAPPINESS UNITED,2005-07-29,2005-08-02,593,399
11826,2-399-HAPPINESS UNITED,2005-08-17,2005-08-19,536,399
4832,2-399-HAPPINESS UNITED,2005-07-08,2005-07-10,509,399
10535,2-399-HAPPINESS UNITED,2005-08-01,2005-08-09,284,399
13008,2-399-HAPPINESS UNITED,2006-02-14,,181,399
3679,2-472-ITALIAN AFRICAN,2005-07-06,2005-07-08,547,472
9475,2-472-ITALIAN AFRICAN,2005-07-30,2005-08-04,567,472
15868,2-472-ITALIAN AFRICAN,2005-08-23,2005-08-29,306,472
4153,2-472-ITALIAN AFRICAN,2005-07-07,2005-07-11,299,472
9073,2-472-ITALIAN AFRICAN,2005-07-30,2005-08-05,141,472
14496,2-472-ITALIAN AFRICAN,2005-08-21,2005-08-24,223,472
3758,1-549-MAGNOLIA FORRESTER,2005-07-06,2005-07-14,48,549
10680,1-549-MAGNOLIA FORRESTER,2005-08-01,2005-08-04,60,549
14561,1-549-MAGNOLIA FORRESTER,2005-08-21,2005-08-27,443,549
4835,1-549-MAGNOLIA FORRESTER,2005-07-08,2005-07-17,95,549
6956,1-549-MAGNOLIA FORRESTER,2005-07-26,2005-08-03,240,549
13436,1-549-MAGNOLIA FORRESTER,2005-08-19,2005-08-23,29,549
5951,2-549-MAGNOLIA FORRESTER,2005-07-10,2005-07-13,589,549
11235,2-549-MAGNOLIA FORRESTER,2005-08-02,2005-08-03,127,549
15081,2-549-MAGNOLIA FORRESTER,2005-08-22,2005-08-28,313,549
11137,2-549-MAGNOLIA FORRESTER,2005-08-02,2005-08-08,310,549
11879,2-549-MAGNOLIA FORRESTER,2005-08-17,2005-08-26,312,549
3868,1-351-GASLIGHT CRUSADE,2005-07-06,2005-07-10,416,351
8070,1-351-GASLIGHT CRUSADE,2005-07-28,2005-08-01,89,351
15940,1-351-GASLIGHT CRUSADE,2005-08-23,2005-08-30,86,351
4318,2-351-GASLIGHT CRUSADE,2005-07-07,2005-07-14,321,351
8363,2-351-GASLIGHT CRUSADE,2005-07-29,2005-08-06,302,351
14897,2-351-GASLIGHT CRUSADE,2005-08-22,2005-08-26,175,351
4817,2-351-GASLIGHT CRUSADE,2005-07-08,2005-07-09,145,351
8828,2-351-GASLIGHT CRUSADE,2005-07-29,2005-07-30,547,351
11917,2-351-GASLIGHT CRUSADE,2005-08-17,2005-08-20,270,351
6611,1-351-GASLIGHT CRUSADE,2005-07-12,2005-07-16,286,351
7701,1-351-GASLIGHT CRUSADE,2005-07-28,2005-08-01,306,351
12303,1-351-GASLIGHT CRUSADE,2005-08-18,2005-08-27,245,351
9003,1-351-GASLIGHT CRUSADE,2005-07-30,2005-07-31,507,351
14148,1-351-GASLIGHT CRUSADE,2005-08-21,2005-08-22,528,351
9963,2-351-GASLIGHT CRUSADE,2005-07-31,2005-08-02,573,351
11974,2-351-GASLIGHT CRUSADE,2005-08-17,2005-08-21,485,351
3880,1-9-ALABAMA DEVIL,2005-07-06,2005-07-07,507,9
8837,1-9-ALABAMA DEVIL,2005-07-29,2005-08-07,372,9
15639,1-9-ALABAMA DEVIL,2005-08-23,2005-08-24,214,9
5745,1-9-ALABAMA DEVIL,2005-07-10,2005-07-19,305,9
10036,1-9-ALABAMA DEVIL,2005-07-31,2005-08-03,491,9
15802,1-9-ALABAMA DEVIL,2005-08-23,2005-08-29,158,9
7288,2-9-ALABAMA DEVIL,2005-07-27,2005-08-02,226,9
12027,2-9-ALABAMA DEVIL,2005-08-17,2005-08-26,285,9
7835,1-9-ALABAMA DEVIL,2005-07-28,2005-08-02,547,9
15776,1-9-ALABAMA DEVIL,2005-08-23,2005-08-29,514,9
9442,2-9-ALABAMA DEVIL,2005-07-30,2005-08-04,75,9
12096,2-9-ALABAMA DEVIL,2005-08-17,2005-08-25,463,9
3934,1-699-PRIVATE DROP,2005-07-06,2005-07-10,576,699
8733,1-699-PRIVATE DROP,2005-07-29,2005-08-03,450,699
13175,1-699-PRIVATE DROP,2005-08-19,2005-08-20,239,699
8137,1-699-PRIVATE DROP,2005-07-28,2005-08-03,312,699
13441,1-699-PRIVATE DROP,2005-08-19,2005-08-28,125,699
3937,1-453-IMAGE PRINCESS,2005-07-06,2005-07-15,211,453
7506,1-453-IMAGE PRINCESS,2005-07-27,2005-08-05,527,453
12296,1-453-IMAGE PRINCESS,2005-08-18,2005-08-22,258,453
3960,1-453-IMAGE PRINCESS,2005-07-06,2005-07-07,594,453
7331,1-453-IMAGE PRINCESS,2005-07-27,2005-07-31,60,453
14317,1-453-IMAGE PRINCESS,2005-08-21,2005-08-27,471,453
4472,1-453-IMAGE PRINCESS,2005-07-08,2005-07-16,343,453
7269,1-453-IMAGE PRINCESS,2005-07-27,2005-07-31,209,453
14096,1-453-IMAGE PRINCESS,2005-08-21,2005-08-22,342,453
5807,2-453-IMAGE PRINCESS,2005-07-10,2005-07-11,301,453
10779,2-453-IMAGE PRINCESS,2005-08-01,2005-08-09,578,453
15091,2-453-IMAGE PRINCESS,2005-08-22,2005-08-23,477,453
8008,2-453-IMAGE PRINCESS,2005-07-28,2005-08-04,41,453
15917,2-453-IMAGE PRINCESS,2005-08-23,2005-08-29,589,453
4002,2-612-MUSSOLINI SPOILERS,2005-07-07,2005-07-14,308,612
11314,2-612-MUSSOLINI SPOILERS,2005-08-02,2005-08-04,26,612
13353,2-612-MUSSOLINI SPOILERS,2005-08-19,2005-08-25,131,612
7466,2-612-MUSSOLINI SPOILERS,2005-07-27,2005-07-31,53,612
12751,2-612-MUSSOLINI SPOILERS,2005-08-18,2005-08-20,352,612
4087,1-674-PET HAUNTING,2005-07-07,2005-07-16,433,674
7902,1-674-PET HAUNTING,2005-07-28,2005-07-30,356,674
13924,1-674-PET HAUNTING,2005-08-20,2005-08-23,444,674
4756,1-674-PET HAUNTING,2005-07-08,2005-07-12,351,674
7572,1-674-PET HAUNTING,2005-07-27,2005-08-01,532,674
13163,1-674-PET HAUNTING,2005-08-19,2005-08-22,57,674
10226,1-674-PET HAUNTING,2005-08-01,2005-08-08,107,674
15015,1-674-PET HAUNTING,2005-08-22,2005-08-31,14,674
4101,2-635-OKLAHOMA JUMANJI,2005-07-07,2005-07-12,588,635
10995,2-635-OKLAHOMA JUMANJI,2005-08-02,2005-08-07,340,635
13312,2-635-OKLAHOMA JUMANJI,2005-08-19,2005-08-23,418,635
6605,2-635-OKLAHOMA JUMANJI,2005-07-12,2005-07-19,547,635
7694,2-635-OKLAHOMA JUMANJI,2005-07-28,2005-07-31,538,635
15526,2-635-OKLAHOMA JUMANJI,2005-08-23,2005-08-30,516,635
4162,2-163-CLYDE THEORY,2005-07-07,2005-07-15,571,163
7912,2-163-CLYDE THEORY,2005-07-28,2005-08-05,127,163
14661,2-163-CLYDE THEORY,2005-08-21,2005-08-27,469,163
6843,2-163-CLYDE THEORY,2005-07-12,2005-07-20,561,163
10532,2-163-CLYDE THEORY,2005-08-01,2005-08-07,191,163
11892,2-163-CLYDE THEORY,2005-08-17,2005-08-21,227,163
8319,2-163-CLYDE THEORY,2005-07-29,2005-08-01,280,163
15914,2-163-CLYDE THEORY,2005-08-23,2005-08-24,557,163
4171,2-913-TROOPERS METAL,2005-07-07,2005-07-14,476,913
9729,2-913-TROOPERS METAL,2005-07-31,2005-08-01,273,913
15088,2-913-TROOPERS METAL,2005-08-22,2005-08-24,377,913
4652,1-913-TROOPERS METAL,2005-07-08,2005-07-16,127,913
9162,1-913-TROOPERS METAL,2005-07-30,2005-08-02,184,913
15002,1-913-TROOPERS METAL,2005-08-22,2005-08-24,242,913
7023,1-913-TROOPERS METAL,2005-07-27,2005-08-03,303,913
13856,1-913-TROOPERS METAL,2005-08-20,2005-08-29,407,913
7626,2-913-TROOPERS METAL,2005-07-28,2005-07-31,450,913
15625,2-913-TROOPERS METAL,2005-08-23,2005-08-27,207,913
10047,1-913-TROOPERS METAL,2005-07-31,2005-08-07,244,913
14929,1-913-TROOPERS METAL,2005-08-22,2005-08-28,546,913
10455,1-913-TROOPERS METAL,2005-08-01,2005-08-05,99,913
11507,1-913-TROOPERS METAL,2005-08-16,2005-08-24,236,913
4224,1-799-SIMON NORTH,2005-07-07,2005-07-10,419,799
7008,1-799-SIMON NORTH,2005-07-27,2005-07-28,12,799
13668,1-799-SIMON NORTH,2005-08-20,2005-08-25,123,799
4545,1-799-SIMON NORTH,2005-07-08,2005-07-13,271,799
10742,1-799-SIMON NORTH,2005-08-01,2005-08-10,416,799
15467,1-799-SIMON NORTH,2005-08-23,2005-08-29,103,799
4349,2-752-RUNNER MADIGAN,2005-07-07,2005-07-09,182,752
9678,2-752-RUNNER MADIGAN,2005-07-31,2005-08-02,383,752
13117,2-752-RUNNER MADIGAN,2005-08-19,2005-08-20,385,752
6701,2-752-RUNNER MADIGAN,2005-07-12,2005-07-13,454,752
11337,2-752-RUNNER MADIGAN,2005-08-02,2005-08-10,366,752
11994,2-752-RUNNER MADIGAN,2005-08-17,2005-08-25,319,752
10694,2-752-RUNNER MADIGAN,2005-08-01,2005-08-10,98,752
11988,2-752-RUNNER MADIGAN,2005-08-17,2005-08-18,62,752
4364,2-2-ACE GOLDFINGER,2005-07-07,2005-07-08,145,2
7733,2-2-ACE GOLDFINGER,2005-07-28,2005-08-05,82,2
15218,2-2-ACE GOLDFINGER,2005-08-22,2005-08-30,139,2
10310,2-2-ACE GOLDFINGER,2005-08-01,2005-08-04,271,2
13421,2-2-ACE GOLDFINGER,2006-02-14,,366,2
10992,2-2-ACE GOLDFINGER,2005-08-02,2005-08-09,180,2
11758,2-2-ACE GOLDFINGER,2005-08-17,2005-08-24,533,2
4384,2-262-DUMBO LUST,2005-07-07,2005-07-16,59,262
11490,2-262-DUMBO LUST,2005-08-02,2005-08-09,156,262
14996,2-262-DUMBO LUST,2005-08-22,2005-08-29,411,262
5280,2-262-DUMBO LUST,2005-07-09,2005-07-12,351,262
7343,2-262-DUMBO LUST,2005-07-27,2005-07-30,526,262
15585,2-262-DUMBO LUST,2005-08-23,2005-08-24,545,262
4450,1-276-ELEMENT FREDDY,2005-07-07,2005-07-13,345,276
7111,1-276-ELEMENT FREDDY,2005-07-27,2005-07-29,473,276
14752,1-276-ELEMENT FREDDY,2005-08-21,2005-08-28,362,276
4727,1-276-ELEMENT FREDDY,2005-07-08,2005-07-17,39,276
10536,1-276-ELEMENT FREDDY,2005-08-01,2005-08-04,86,276
13571,1-276-ELEMENT FREDDY,2005-08-20,2005-08-25,458,276
8184,1-276-ELEMENT FREDDY,2005-07-28,2005-07-31,160,276
11581,1-276-ELEMENT FREDDY,2005-08-17,2005-08-24,231,276
9396,1-276-ELEMENT FREDDY,2005-07-30,2005-08-03,91,276
15765,1-276-ELEMENT FREDDY,2005-08-23,2005-08-31,408,276
4540,2-903-TRAFFIC HOBBIT,2005-07-08,2005-07-13,309,903
8686,2-903-TRAFFIC HOBBIT,2005-07-29,2005-08-01,52,903
14565,2-903-TRAFFIC HOBBIT,2005-08-21,2005-08-25,250,903
10522,2-903-TRAFFIC HOBBIT,2005-08-01,2005-08-05,254,903
12279,2-903-TRAFFIC HOBBIT,2005-08-18,2005-08-19,421,903
4578,1-335-FREEDOM CLEOPATRA,2005-07-08,2005-07-10,497,335
7731,1-335-FREEDOM CLEOPATRA,2005-07-28,2005-07-29,413,335
13484,1-335-FREEDOM CLEOPATRA,2005-08-20,2005-08-22,152,335
9714,1-335-FREEDOM CLEOPATRA,2005-07-31,2005-08-03,144,335
14459,1-335-FREEDOM CLEOPATRA,2005-08-21,2005-08-27,98,335
4597,2-824-SPARTACUS CHEAPER,2005-07-08,2005-07-13,545,824
9519,2-824-SPARTACUS CHEAPER,2005-07-31,2005-08-06,235,824
14082,2-824-SPARTACUS CHEAPER,2005-08-20,2005-08-27,179,824
7209,2-824-SPARTACUS CHEAPER,2005-07-27,2005-07-30,49,824
13144,2-824-SPARTACUS CHEAPER,2005-08-19,2005-08-27,456,824
8538,2-824-SPARTACUS CHEAPER,2005-07-29,2005-08-04,500,824
12715,2-824-SPARTACUS CHEAPER,2005-08-18,2005-08-21,266,824
10748,2-824-SPARTACUS CHEAPER,2005-08-01,2005-08-05,181,824
14343,2-824-SPARTACUS CHEAPER,2005-08-21,2005-08-29,238,824
4636,2-405-HAUNTED ANTITRUST,2005-07-08,2005-07-10,228,405
9283,2-405-HAUNTED ANTITRUST,2005-07-30,2005-08-01,360,405
13775,2-405-HAUNTED ANTITRUST,2005-08-20,2005-08-28,116,405
5124,2-405-HAUNTED ANTITRUST,2005-07-09,2005-07-15,565,405
9957,2-405-HAUNTED ANTITRUST,2005-07-31,2005-08-04,85,405
11611,2-405-HAUNTED ANTITRUST,2006-02-14,,192,405
4657,1-224-DESPERATE TRAINSPOTTING,2005-07-08,2005-07-09,54,224
10002,1-224-DESPERATE TRAINSPOTTING,2005-07-31,2005-08-06,323,224
14790,1-224-DESPERATE TRAINSPOTTING,2005-08-22,2005-08-31,397,224
6203,1-224-DESPERATE TRAINSPOTTING,2005-07-11,2005-07-15,408,224
6979,1-224-DESPERATE TRAINSPOTTING,2005-07-27,2005-07-31,141,224
13245,1-224-DESPERATE TRAINSPOTTING,2005-08-19,2005-08-20,261,224
4665,2-125-CASSIDY WYOMING,2005-07-08,2005-07-14,106,125
8526,2-125-CASSIDY WYOMING,2005-07-29,2005-08-03,88,125
12962,2-125-CASSIDY WYOMING,2005-08-19,2005-08-27,171,125
5720,2-125-CASSIDY WYOMING,2005-07-10,2005-07-16,339,125
9154,2-125-CASSIDY WYOMING,2005-07-30,2005-08-05,312,125
15954,2-125-CASSIDY WYOMING,2005-08-23,2005-08-24,460,125
4808,2-558-MANNEQUIN WORST,2005-07-08,2005-07-12,563,558
8918,2-558-MANNEQUIN WORST,2005-07-30,2005-08-04,424,558
11682,2-558-MANNEQUIN WORST,2005-08-17,2005-08-18,387,558
8428,2-558-MANNEQUIN WORST,2005-07-29,2005-08-06,398,558
15245,2-558-MANNEQUIN WORST,2005-08-22,2005-08-26,298,558
4810,2-883-TEQUILA PAST,2005-07-08,2005-07-09,209,883
7112,2-883-TEQUILA PAST,2005-07-27,2005-08-03,101,883
14918,2-883-TEQUILA PAST,2005-08-22,2005-08-30,154,883
4844,2-883-TEQUILA PAST,2005-07-08,2005-07-09,237,883
10513,2-883-TEQUILA PAST,2005-08-01,2005-08-02,105,883
14990,2-883-TEQUILA PAST,2005-08-22,2005-08-24,198,883
4829,1-584-MIXED DOORS,2005-07-08,2005-07-11,133,584
7054,1-584-MIXED DOORS,2005-07-27,2005-08-04,179,584
14625,1-584-MIXED DOORS,2005-08-21,2005-08-29,507,584
7814,1-584-MIXED DOORS,2005-07-28,2005-08-01,258,584
4918,1-836-SQUAD FISH,2005-07-08,2005-07-11,220,836
9679,1-836-SQUAD FISH,2005-07-31,2005-08-02,599,836
15963,1-836-SQUAD FISH,2005-08-23,2005-08-25,134,836
7221,1-836-SQUAD FISH,2005-07-27,2005-07-28,579,836
13277,1-836-SQUAD FISH,2005-08-19,2005-08-25,316,836
10048,1-836-SQUAD FISH,2005-07-31,2005-08-05,267,836
13975,1-836-SQUAD FISH,2005-08-20,2005-08-25,286,836
4954,1-136-CHAPLIN LICENSE,2005-07-08,2005-07-14,99,136
9122,1-136-CHAPLIN LICENSE,2005-07-30,2005-08-05,365,136
12332,1-136-CHAPLIN LICENSE,2005-08-18,2005-08-20,235,136
6627,1-136-CHAPLIN LICENSE,2005-07-12,2005-07-17,565,136
8598,1-136-CHAPLIN LICENSE,2005-07-29,2005-08-01,2,136
11760,1-136-CHAPLIN LICENSE,2005-08-17,2005-08-24,545,136
8147,1-136-CHAPLIN LICENSE,2005-07-28,2005-07-30,228,136
13897,1-136-CHAPLIN LICENSE,2005-08-20,2005-08-23,258,136
4985,1-464-INTENTIONS EMPIRE,2005-07-09,2005-07-14,208,464
10248,1-464-INTENTIONS EMPIRE,2005-08-01,2005-08-08,298,464
15775,1-464-INTENTIONS EMPIRE,2005-08-23,2005-09-01,173,464
5740,1-464-INTENTIONS EMPIRE,2005-07-10,2005-07-12,325,464
7351,1-464-INTENTIONS EMPIRE,2005-07-27,2005-07-30,445,464
11501,1-464-INTENTIONS EMPIRE,2005-08-16,2005-08-19,23,464
6440,2-464-INTENTIONS EMPIRE,2005-07-12,2005-07-13,269,464
8058,2-464-INTENTIONS EMPIRE,2005-07-28,2005-08-03,404,464
13794,2-464-INTENTIONS EMPIRE,2005-08-20,2005-08-23,557,464
7686,1-464-INTENTIONS EMPIRE,2005-07-28,2005-08-04,184,464
14503,1-464-INTENTIONS EMPIRE,2006-02-14,,188,464
7703,2-464-INTENTIONS EMPIRE,2005-07-28,2005-08-05,3,464
14859,2-464-INTENTIONS EMPIRE,2005-08-22,2005-08-24,463,464
7949,1-464-INTENTIONS EMPIRE,2005-07-28,2005-08-02,487,464
12457,1-464-INTENTIONS EMPIRE,2006-02-14,,80,464
8502,2-464-INTENTIONS EMPIRE,2005-07-29,2005-07-30,457,464
13322,2-464-INTENTIONS EMPIRE,2005-08-19,2005-08-24,559,464
5008,2-180-CONSPIRACY SPIRIT,2005-07-09,2005-07-11,509,180
8689,2-180-CONSPIRACY SPIRIT,2005-07-29,2005-08-01,487,180
12497,2-180-CONSPIRACY SPIRIT,2005-08-18,2005-08-24,388,180
8333,2-180-CONSPIRACY SPIRIT,2005-07-29,2005-08-02,494,180
11673,2-180-CONSPIRACY SPIRIT,2005-08-17,2005-08-21,303,180
5015,1-343-FULL FLATLINERS,2005-07-09,2005-07-12,178,343
7878,1-343-FULL FLATLINERS,2005-07-28,2005-07-29,141,343
14477,1-343-FULL FLATLINERS,2005-08-21,2005-08-25,126,343
8554,1-343-FULL FLATLINERS,2005-07-29,2005-07-31,582,343
13535,1-343-FULL FLATLINERS,2005-08-20,2005-08-28,86,343
5119,1-657-PARADISE SABRINA,2005-07-09,2005-07-18,301,657
7385,1-657-PARADISE SABRINA,2005-07-27,2005-07-28,56,657
14073,1-657-PARADISE SABRINA,2005-08-20,2005-08-28,230,657
5179,1-657-PARADISE SABRINA,2005-07-09,2005-07-11,256,657
7133,1-657-PARADISE SABRINA,2005-07-27,2005-07-29,496,657
14847,1-657-PARADISE SABRINA,2005-08-22,2005-08-29,327,657
5353,1-657-PARADISE SABRINA,2005-07-09,2005-07-15,196,657
10041,1-657-PARADISE SABRINA,2005-07-31,2005-08-07,379,657
12429,1-657-PARADISE SABRINA,2005-08-18,2005-08-27,436,657
5828,2-657-PARADISE SABRINA,2005-07-10,2005-07-11,156,657
8222,2-657-PARADISE SABRINA,2005-07-28,2005-08-05,278,657
11766,2-657-PARADISE SABRINA,2005-08-17,2005-08-21,544,657
5975,1-657-PARADISE SABRINA,2005-07-11,2005-07-16,15,657
9650,1-657-PARADISE SABRINA,2005-07-31,2005-08-04,414,657
11510,1-657-PARADISE SABRINA,2005-08-16,2005-08-25,400,657
6274,2-657-PARADISE SABRINA,2005-07-11,2005-07-19,472,657
7196,2-657-PARADISE SABRINA,2005-07-27,2005-07-29,118,657
13979,2-657-PARADISE SABRINA,2005-08-20,2005-08-24,211,657
5126,2-729-RIDER CADDYSHACK,2005-07-09,2005-07-18,315,729
8252,2-729-RIDER CADDYSHACK,2005-07-29,2005-07-31,257,729
14453,2-729-RIDER CADDYSHACK,2005-08-21,2005-08-27,237,729
6131,2-729-RIDER CADDYSHACK,2005-07-11,2005-07-14,107,729
7952,2-729-RIDER CADDYSHACK,2005-07-28,2005-08-01,158,729
15219,2-729-RIDER CADDYSHACK,2005-08-22,2005-08-31,544,729
6916,2-729-RIDER CADDYSHACK,2005-07-12,2005-07-19,88,729
10661,2-729-RIDER CADDYSHACK,2005-08-01,2005-08-02,177,729
12851,2-729-RIDER CADDYSHACK,2005-08-19,2005-08-25,194,729
7337,2-729-RIDER CADDYSHACK,2005-07-27,2005-08-03,525,729
13585,2-729-RIDER CADDYSHACK,2005-08-20,2005-08-27,470,729
5224,2-62-BED HIGHBALL,2005-07-09,2005-07-17,311,62
10395,2-62-BED HIGHBALL,2005-08-01,2005-08-05,129,62
12209,2-62-BED HIGHBALL,2005-08-18,2005-08-21,243,62
6170,2-62-BED HIGHBALL,2005-07-11,2005-07-16,580,62
6939,2-62-BED HIGHBALL,2005-07-26,2005-08-03,354,62
12622,2-62-BED HIGHBALL,2005-08-18,2005-08-24,529,62
5286,2-107-BUNCH MINDS,2005-07-09,2005-07-10,498,107
9146,2-107-BUNCH MINDS,2005-07-30,2005-08-08,302,107
14557,2-107-BUNCH MINDS,2005-08-21,2005-08-27,490,107
8450,2-107-BUNCH MINDS,2005-07-29,2005-08-01,401,107
12369,2-107-BUNCH MINDS,2005-08-18,2005-08-26,337,107
5393,1-310-FEVER EMPIRE,2005-07-09,2005-07-11,446,310
9064,1-310-FEVER EMPIRE,2005-07-30,2005-08-07,194,310
12292,1-310-FEVER EMPIRE,2005-08-18,2005-08-27,58,310
10961,1-310-FEVER EMPIRE,2005-08-02,2005-08-09,375,310
12573,1-310-FEVER EMPIRE,2005-08-18,2005-08-21,182,310
5538,2-459-INFORMER DOUBLE,2005-07-10,2005-07-12,367,459
9360,2-459-INFORMER DOUBLE,2005-07-30,2005-08-04,186,459
15202,2-459-INFORMER DOUBLE,2005-08-22,2005-08-23,374,459
8437,2-459-INFORMER DOUBLE,2005-07-29,2005-08-04,96,459
12652,2-459-INFORMER DOUBLE,2005-08-18,2005-08-21,9,459
5715,2-357-GILBERT PELICAN,2005-07-10,2005-07-18,132,357
7231,2-357-GILBERT PELICAN,2005-07-27,2005-08-05,86,357
15993,2-357-GILBERT PELICAN,2005-08-23,2005-08-27,12,357
7942,2-357-GILBERT PELICAN,2005-07-28,2005-07-31,56,357
14369,2-357-GILBERT PELICAN,2005-08-21,2005-08-25,392,357
8573,2-357-GILBERT PELICAN,2005-07-29,2005-08-07,179,357
14485,2-357-GILBERT PELICAN,2005-08-21,2005-08-30,241,357
9923,2-357-GILBERT PELICAN,2005-07-31,2005-08-05,209,357
13133,2-357-GILBERT PELICAN,2005-08-19,2005-08-28,523,357
5726,1-784-SHANGHAI TYCOON,2005-07-10,2005-07-13,131,784
10445,1-784-SHANGHAI TYCOON,2005-08-01,2005-08-08,211,784
14399,1-784-SHANGHAI TYCOON,2005-08-21,2005-08-27,188,784
6603,1-784-SHANGHAI TYCOON,2005-07-12,2005-07-16,425,784
11366,1-784-SHANGHAI TYCOON,2005-08-02,2005-08-11,280,784
14638,1-784-SHANGHAI TYCOON,2005-08-21,2005-08-22,216,784
7448,1-784-SHANGHAI TYCOON,2005-07-27,2005-07-29,175,784
13337,1-784-SHANGHAI TYCOON,2005-08-19,2005-08-20,374,784
7718,2-784-SHANGHAI TYCOON,2005-07-28,2005-07-29,4,784
13777,2-784-SHANGHAI TYCOON,2005-08-20,2005-08-27,29,784
7749,2-784-SHANGHAI TYCOON,2005-07-28,2005-08-01,232,784
13930,2-784-SHANGHAI TYCOON,2005-08-20,2005-08-21,58,784
11341,2-784-SHANGHAI TYCOON,2005-08-02,2005-08-09,15,784
12249,2-784-SHANGHAI TYCOON,2005-08-18,2005-08-21,135,784
5788,1-372-GRACELAND DYNAMITE,2005-07-10,2005-07-14,63,372
10547,1-372-GRACELAND DYNAMITE,2005-08-01,2005-08-08,403,372
11720,1-372-GRACELAND DYNAMITE,2005-08-17,2005-08-26,121,372
5889,1-372-GRACELAND DYNAMITE,2005-07-10,2005-07-12,491,372
9813,1-372-GRACELAND DYNAMITE,2005-07-31,2005-08-07,245,372
11633,1-372-GRACELAND DYNAMITE,2005-08-17,2005-08-20,468,372
5945,1-94-BRAVEHEART HUMAN,2005-07-10,2005-07-11,374,94
10628,1-94-BRAVEHEART HUMAN,2005-08-01,2005-08-05,285,94
13899,1-94-BRAVEHEART HUMAN,2005-08-20,2005-08-23,204,94
9760,1-94-BRAVEHEART HUMAN,2005-07-31,2005-08-09,511,94
12823,1-94-BRAVEHEART HUMAN,2005-08-19,2005-08-22,316,94
6216,2-781-SEVEN SWARM,2005-07-11,2005-07-13,387,781
8477,2-781-SEVEN SWARM,2005-07-29,2005-08-06,354,781
13152,2-781-SEVEN SWARM,2005-08-19,2005-08-25,597,781
7065,2-781-SEVEN SWARM,2005-07-27,2005-07-30,536,781
15551,2-781-SEVEN SWARM,2005-08-23,2005-08-26,345,781
6242,1-146-CHITTY LOCK,2005-07-11,2005-07-12,245,146
8005,1-146-CHITTY LOCK,2005-07-28,2005-07-29,488,146
13965,1-146-CHITTY LOCK,2006-02-14,,324,146
6807,1-146-CHITTY LOCK,2005-07-12,2005-07-18,376,146
10275,1-146-CHITTY LOCK,2005-08-01,2005-08-08,463,146
13635,1-146-CHITTY LOCK,2005-08-20,2005-08-29,286,146
8456,1-146-CHITTY LOCK,2005-07-29,2005-08-05,388,146
15305,1-146-CHITTY LOCK,2005-08-22,2005-08-27,529,146
6607,2-74-BIRCH ANTITRUST,2005-07-12,2005-07-20,562,74
8009,2-74-BIRCH ANTITRUST,2005-07-28,2005-08-04,372,74
15713,2-74-BIRCH ANTITRUST,2005-08-23,2005-08-29,432,74
7207,1-74-BIRCH ANTITRUST,2005-07-27,2005-08-01,51,74
12659,1-74-BIRCH ANTITRUST,2005-08-18,2005-08-24,329,74
7580,2-74-BIRCH ANTITRUST,2005-07-27,2005-08-05,28,74
14054,2-74-BIRCH ANTITRUST,2005-08-20,2005-08-21,50,74
9719,1-74-BIRCH ANTITRUST,2005-07-31,2005-08-05,584,74
14807,1-74-BIRCH ANTITRUST,2005-08-22,2005-08-26,90,74
11111,1-74-BIRCH ANTITRUST,2005-08-02,2005-08-06,378,74
11665,1-74-BIRCH ANTITRUST,2005-08-17,2005-08-23,254,74
6619,1-885-TEXAS WATCH,2005-07-12,2005-07-14,305,885
10095,1-885-TEXAS WATCH,2005-07-31,2005-08-02,370,885
14704,1-885-TEXAS WATCH,2005-08-21,2005-08-27,248,885
6646,1-885-TEXAS WATCH,2005-07-12,2005-07-15,508,885
10735,1-885-TEXAS WATCH,2005-08-01,2005-08-02,544,885
14028,1-885-TEXAS WATCH,2005-08-20,2005-08-25,158,885
6649,2-13-ALI FOREVER,2005-07-12,2005-07-14,57,13
8272,2-13-ALI FOREVER,2005-07-29,2005-08-03,346,13
15294,2-13-ALI FOREVER,2006-02-14,,108,13
8010,2-13-ALI FOREVER,2005-07-28,2005-08-04,467,13
15561,2-13-ALI FOREVER,2005-08-23,2005-09-01,469,13
10015,2-13-ALI FOREVER,2005-07-31,2005-08-03,153,13
15370,2-13-ALI FOREVER,2005-08-22,2005-08-27,10,13
10838,2-13-ALI FOREVER,2005-08-01,2005-08-05,387,13
14845,2-13-ALI FOREVER,2005-08-22,2005-08-24,292,13
7146,2-485-JERSEY SASSY,2005-07-27,2005-08-05,323,485
12643,2-485-JERSEY SASSY,2005-08-18,2005-08-24,165,485
9025,2-485-JERSEY SASSY,2005-07-30,2005-07-31,473,485
12765,2-485-JERSEY SASSY,2005-08-18,2005-08-28,298,485
9542,2-485-JERSEY SASSY,2005-07-31,2005-08-01,595,485
12159,2-485-JERSEY SASSY,2005-08-18,2005-08-27,106,485
7595,2-939-VERTIGO NORTHWEST,2005-07-27,2005-08-03,390,939
12738,2-939-VERTIGO NORTHWEST,2005-08-18,2005-08-27,589,939
8452,2-939-VERTIGO NORTHWEST,2005-07-29,2005-08-05,16,939
15845,2-939-VERTIGO NORTHWEST,2005-08-23,2005-08-25,89,939
8739,2-939-VERTIGO NORTHWEST,2005-07-29,2005-08-02,326,939
15495,2-939-VERTIGO NORTHWEST,2005-08-23,2005-08-30,193,939
11110,2-939-VERTIGO NORTHWEST,2005-08-02,2005-08-04,4,939
11765,2-939-VERTIGO NORTHWEST,2005-08-17,2005-08-19,308,939
8055,1-904-TRAIN BUNCH,2005-07-28,2005-07-31,304,904
14824,1-904-TRAIN BUNCH,2005-08-22,2005-08-23,594,904
11480,1-904-TRAIN BUNCH,2005-08-02,2005-08-04,14,904
16030,1-904-TRAIN BUNCH,2005-08-23,2005-08-31,137,904
8426,1-400-HARDLY ROBBERS,2005-07-29,2005-08-07,564,400
12756,1-400-HARDLY ROBBERS,2005-08-18,2005-08-21,89,400
10142,1-400-HARDLY ROBBERS,2005-07-31,2005-08-09,257,400
15333,1-400-HARDLY ROBBERS,2005-08-22,2005-08-29,142,400
8638,2-884-TERMINATOR CLUB,2005-07-29,2005-08-01,571,884
14969,2-884-TERMINATOR CLUB,2005-08-22,2005-08-29,120,884
9651,2-884-TERMINATOR CLUB,2005-07-31,2005-08-04,324,884
13617,2-884-TERMINATOR CLUB,2005-08-20,2005-08-29,526,884
9742,2-884-TERMINATOR CLUB,2005-07-31,2005-08-08,48,884
12213,2-884-TERMINATOR CLUB,2005-08-18,2005-08-24,157,884